Stor. Bin,WhN,Typ,BT,Stock Indicator,Stock Removal,Stock Placement,Sto.Location,Group No,Group Name,Sec,Empty
005A.1P.01,WHC,TCG,P,Non,Non,Non,Non,NU,Not Used,005,X
005A.1P.02,WHC,TCG,P,Non,Non,Non,Non,NU,Not Used,005,X
005A.1P.03,WHC,TCG,P,Non,Non,Non,Non,NU,Not Used,005,X
005A.2P.01,WHC,TCG,P,Non,Non,Non,Non,NU,Not Used,005,X
005A.2P.02,WHC,TCG,P,Non,Non,Non,Non,NU,Not Used,005,X
005A.2P.03,WHC,TCG,P,Non,Non,Non,Non,NU,Not Used,005,X
005A.3P.01,WHC,TCG,P,Non,Non,Non,Non,NU,Not Used,005,X
005A.3P.02,WHC,TCG,P,Non,Non,Non,Non,NU,Not Used,005,X
005A.3P.03,WHC,TCG,P,Non,Non,Non,Non,NU,Not Used,005,X
005A-1S-01,WHC,TCG,S,Non,Non,Non,Non,NU,Not Used,005,X
005B.1P.01,WHC,TCG,P,Non,Non,Non,Non,NU,Not Used,005,X
005B.1P.02,WHC,TCG,P,Non,Non,Non,Non,NU,Not Used,005,X
005B.1P.03,WHC,TCG,P,Non,Non,Non,Non,NU,Not Used,005,X
005B.2P.01,WHC,TCG,P,Non,Non,Non,Non,NU,Not Used,005,X
005B.2P.02,WHC,TCG,P,Non,Non,Non,Non,NU,Not Used,005,X
005B.2P.03,WHC,TCG,P,Non,Non,Non,Non,NU,Not Used,005,X
005B.3P.01,WHC,TCG,P,Non,Non,Non,Non,NU,Not Used,005,X
005B.3P.02,WHC,TCG,P,Non,Non,Non,Non,NU,Not Used,005,X
005B.3P.03,WHC,TCG,P,Non,Non,Non,Non,NU,Not Used,005,X
005C.1P.01,WHC,TCG,P,Non,Non,Non,Non,NU,Not Used,005,X
005C.1P.02,WHC,TCG,P,Non,Non,Non,Non,NU,Not Used,005,X
005C.1P.03,WHC,TCG,P,Non,Non,Non,Non,NU,Not Used,005,X
005C.2P.01,WHC,TCG,P,Non,Non,Non,Non,NU,Not Used,005,X
005C.2P.02,WHC,TCG,P,Non,Non,Non,Non,NU,Not Used,005,X
005C.2P.03,WHC,TCG,P,Non,Non,Non,Non,NU,Not Used,005,X
005C.3P.01,WHC,TCG,P,Non,Non,Non,Non,NU,Not Used,005,X
005C.3P.02,WHC,TCG,P,Non,Non,Non,Non,NU,Not Used,005,X
005C.3P.03,WHC,TCG,P,Non,Non,Non,Non,NU,Not Used,005,X
005D.1P.01,WHC,TCG,P,Non,Non,Non,Non,NU,Not Used,005,X
005D.1P.02,WHC,TCG,P,Non,Non,Non,Non,NU,Not Used,005,X
005D.1P.03,WHC,TCG,P,Non,Non,Non,Non,NU,Not Used,005,X
005D.2P.01,WHC,TCG,P,Non,Non,Non,Non,NU,Not Used,005,X
005D.2P.02,WHC,TCG,P,Non,Non,Non,Non,NU,Not Used,005,X
005D.2P.03,WHC,TCG,P,Non,Non,Non,Non,NU,Not Used,005,X
005D.3P.01,WHC,TCG,P,Non,Non,Non,Non,NU,Not Used,005,X
005D.3P.02,WHC,TCG,P,Non,Non,Non,Non,NU,Not Used,005,X
005D.3P.03,WHC,TCG,P,Non,Non,Non,Non,NU,Not Used,005,X
005E.1P.01,WHC,TCG,P,Non,Non,Non,Non,NU,Not Used,005,X
005E.1P.02,WHC,TCG,P,Non,Non,Non,Non,NU,Not Used,005,X
005E.1P.03,WHC,TCG,P,Non,Non,Non,Non,NU,Not Used,005,X
005E.2P.01,WHC,TCG,P,Non,Non,Non,Non,NU,Not Used,005,X
005E.2P.02,WHC,TCG,P,Non,Non,Non,Non,NU,Not Used,005,X
005E.2P.03,WHC,TCG,P,Non,Non,Non,Non,NU,Not Used,005,X
005E.3P.01,WHC,TCG,P,Non,Non,Non,Non,NU,Not Used,005,X
005E.3P.02,WHC,TCG,P,Non,Non,Non,Non,NU,Not Used,005,X
005E.3P.03,WHC,TCG,P,Non,Non,Non,Non,NU,Not Used,005,X
005F.1P.01,WHC,TCG,P,Non,Non,Non,Non,NU,Not Used,005,X
005F.1P.02,WHC,TCG,P,Non,Non,Non,Non,NU,Not Used,005,X
005F.1P.03,WHC,TCG,P,Non,Non,Non,Non,NU,Not Used,005,X
005F.2P.01,WHC,TCG,P,Non,Non,Non,Non,NU,Not Used,005,X
005F.2P.02,WHC,TCG,P,Non,Non,Non,Non,NU,Not Used,005,X
005F.2P.03,WHC,TCG,P,Non,Non,Non,Non,NU,Not Used,005,X
005F.3P.01,WHC,TCG,P,Non,Non,Non,Non,NU,Not Used,005,X
005F.3P.02,WHC,TCG,P,Non,Non,Non,Non,NU,Not Used,005,X
005F.3P.03,WHC,TCG,P,Non,Non,Non,Non,NU,Not Used,005,X
005G.1P.01,WHC,TCG,P,Non,Non,Non,Non,NU,Not Used,005,X
005G.1P.02,WHC,TCG,P,Non,Non,Non,Non,NU,Not Used,005,X
005G.1P.03,WHC,TCG,P,Non,Non,Non,Non,NU,Not Used,005,X
005G.2P.01,WHC,TCG,P,Non,Non,Non,Non,NU,Not Used,005,X
005G.2P.02,WHC,TCG,P,Non,Non,Non,Non,NU,Not Used,005,X
005G.2P.03,WHC,TCG,P,Non,Non,Non,Non,NU,Not Used,005,X
005G.3P.01,WHC,TCG,P,Non,Non,Non,Non,NU,Not Used,005,X
005G.3P.02,WHC,TCG,P,Non,Non,Non,Non,NU,Not Used,005,X
005G.3P.03,WHC,TCG,P,Non,Non,Non,Non,NU,Not Used,005,X
006A.1P.01,WHC,TCG,P,Non,Non,Non,Non,NU,Not Used,006,X
006A.1P.02,WHC,TCG,P,Non,Non,Non,Non,NU,Not Used,006,X
006A.1P.03,WHC,TCG,P,Non,Non,Non,Non,NU,Not Used,006,X
006A.2P.01,WHC,TCG,P,Non,Non,Non,Non,NU,Not Used,006,X
006A.2P.02,WHC,TCG,P,Non,Non,Non,Non,NU,Not Used,006,X
006A.2P.03,WHC,TCG,P,Non,Non,Non,Non,NU,Not Used,006,X
006A.3P.01,WHC,TCG,P,Non,Non,Non,Non,NU,Not Used,006,X
006A.3P.02,WHC,TCG,P,Non,Non,Non,Non,NU,Not Used,006,X
006A.3P.03,WHC,TCG,P,Non,Non,Non,Non,NU,Not Used,006,X
006B.1P.01,WHC,TCG,P,Non,Non,Non,Non,NU,Not Used,006,X
006B.1P.02,WHC,TCG,P,Non,Non,Non,Non,NU,Not Used,006,X
006B.1P.03,WHC,TCG,P,Non,Non,Non,Non,NU,Not Used,006,X
006B.2P.01,WHC,TCG,P,Non,Non,Non,Non,NU,Not Used,006,X
006B.2P.02,WHC,TCG,P,Non,Non,Non,Non,NU,Not Used,006,X
006B.2P.03,WHC,TCG,P,Non,Non,Non,Non,NU,Not Used,006,X
006B.3P.01,WHC,TCG,P,Non,Non,Non,Non,NU,Not Used,006,X
006B.3P.02,WHC,TCG,P,Non,Non,Non,Non,NU,Not Used,006,X
006B.3P.03,WHC,TCG,P,Non,Non,Non,Non,NU,Not Used,006,X
006C.1P.01,WHC,TCG,P,Non,Non,Non,Non,NU,Not Used,006,X
006C.1P.02,WHC,TCG,P,Non,Non,Non,Non,NU,Not Used,006,X
006C.1P.03,WHC,TCG,P,Non,Non,Non,Non,NU,Not Used,006,X
006C.2P.01,WHC,TCG,P,Non,Non,Non,Non,NU,Not Used,006,X
006C.2P.02,WHC,TCG,P,Non,Non,Non,Non,NU,Not Used,006,X
006C.2P.03,WHC,TCG,P,Non,Non,Non,Non,NU,Not Used,006,X
006C.3P.01,WHC,TCG,P,Non,Non,Non,Non,NU,Not Used,006,X
006C.3P.02,WHC,TCG,P,Non,Non,Non,Non,NU,Not Used,006,X
006C.3P.03,WHC,TCG,P,Non,Non,Non,Non,NU,Not Used,006,X
006D.1P.01,WHC,TCG,P,Non,Non,Non,Non,NU,Not Used,006,X
006D.1P.02,WHC,TCG,P,Non,Non,Non,Non,NU,Not Used,006,X
006D.1P.03,WHC,TCG,P,Non,Non,Non,Non,NU,Not Used,006,X
006D.2P.01,WHC,TCG,P,Non,Non,Non,Non,NU,Not Used,006,X
006D.2P.02,WHC,TCG,P,Non,Non,Non,Non,NU,Not Used,006,X
006D.2P.03,WHC,TCG,P,Non,Non,Non,Non,NU,Not Used,006,X
006D.3P.01,WHC,TCG,P,Non,Non,Non,Non,NU,Not Used,006,X
006D.3P.02,WHC,TCG,P,Non,Non,Non,Non,NU,Not Used,006,X
006D.3P.03,WHC,TCG,P,Non,Non,Non,Non,NU,Not Used,006,X
006E.1P.01,WHC,TCG,P,Non,Non,Non,Non,NU,Not Used,006,X
006E.1P.02,WHC,TCG,P,Non,Non,Non,Non,NU,Not Used,006,X
006E.1P.03,WHC,TCG,P,Non,Non,Non,Non,NU,Not Used,006,X
006E.2P.01,WHC,TCG,P,Non,Non,Non,Non,NU,Not Used,006,X
006E.2P.02,WHC,TCG,P,Non,Non,Non,Non,NU,Not Used,006,X
006E.2P.03,WHC,TCG,P,Non,Non,Non,Non,NU,Not Used,006,X
006E.3P.01,WHC,TCG,P,Non,Non,Non,Non,NU,Not Used,006,X
006E.3P.02,WHC,TCG,P,Non,Non,Non,Non,NU,Not Used,006,X
006E.3P.03,WHC,TCG,P,Non,Non,Non,Non,NU,Not Used,006,X
006F.1P.01,WHC,TCG,P,Non,Non,Non,Non,NU,Not Used,006,X
006F.1P.02,WHC,TCG,P,Non,Non,Non,Non,NU,Not Used,006,X
006F.1P.03,WHC,TCG,P,Non,Non,Non,Non,NU,Not Used,006,X
006F.2P.01,WHC,TCG,P,Non,Non,Non,Non,NU,Not Used,006,X
006F.2P.02,WHC,TCG,P,Non,Non,Non,Non,NU,Not Used,006,X
006F.2P.03,WHC,TCG,P,Non,Non,Non,Non,NU,Not Used,006,X
006F.3P.01,WHC,TCG,P,Non,Non,Non,Non,NU,Not Used,006,X
006F.3P.02,WHC,TCG,P,Non,Non,Non,Non,NU,Not Used,006,X
006F.3P.03,WHC,TCG,P,Non,Non,Non,Non,NU,Not Used,006,X
006G.1P.01,WHC,TCG,P,Non,Non,Non,Non,NU,Not Used,006,X
006G.1P.02,WHC,TCG,P,Non,Non,Non,Non,NU,Not Used,006,X
006G.1P.03,WHC,TCG,P,Non,Non,Non,Non,NU,Not Used,006,X
006G.2P.01,WHC,TCG,P,Non,Non,Non,Non,NU,Not Used,006,X
006G.2P.02,WHC,TCG,P,Non,Non,Non,Non,NU,Not Used,006,X
006G.2P.03,WHC,TCG,P,Non,Non,Non,Non,NU,Not Used,006,X
006G.3P.01,WHC,TCG,P,Non,Non,Non,Non,NU,Not Used,006,X
006G.3P.02,WHC,TCG,P,Non,Non,Non,Non,NU,Not Used,006,X
006G.3P.03,WHC,TCG,P,Non,Non,Non,Non,NU,Not Used,006,X
007A-1S-01,WHC,TCG,S,GR1,RCG,PCG,SLCG,2,الأغذية,007,X
007A-2S-01,WHC,TCG,S,GR1,RCG,PCG,SLCG,2,الأغذية,007,X
007A-3S-01,WHC,TCG,S,GR1,RCG,PCG,SLCG,2,الأغذية,007,X
007A-4S-01,WHC,TCG,S,GR1,RCG,PCG,SLCG,2,الأغذية,007,X
007A-5S-01,WHC,TCG,S,GR1,RCG,PCG,SLCG,2,الأغذية,007,X
007B-1S-02,WHC,TCG,S,GR1,RCG,PCG,SLCG,2,الأغذية,007,X
007B-2S-02,WHC,TCG,S,GR1,RCG,PCG,SLCG,2,الأغذية,007,X
007B-3S-02,WHC,TCG,S,GR1,RCG,PCG,SLCG,2,الأغذية,007,X
007B-4S-02,WHC,TCG,S,GR1,RCG,PCG,SLCG,2,الأغذية,007,X
007B-5S-02,WHC,TCG,S,GR1,RCG,PCG,SLCG,2,الأغذية,007,X
007C-1S-03,WHC,TCG,S,GR1,RCG,PCG,SLCG,2,الأغذية,007,X
007C-2S-03,WHC,TCG,S,GR1,RCG,PCG,SLCG,2,الأغذية,007,X
007C-3S-03,WHC,TCG,S,GR1,RCG,PCG,SLCG,2,الأغذية,007,X
007C-4S-03,WHC,TCG,S,GR1,RCG,PCG,SLCG,2,الأغذية,007,X
007C-5S-03,WHC,TCG,S,GR1,RCG,PCG,SLCG,2,الأغذية,007,X
007D-1S-04,WHC,TCG,S,GR1,RCG,PCG,SLCG,2,الأغذية,007,X
007D-2S-04,WHC,TCG,S,GR1,RCG,PCG,SLCG,2,الأغذية,007,X
007D-3S-04,WHC,TCG,S,GR1,RCG,PCG,SLCG,2,الأغذية,007,X
007D-4S-04,WHC,TCG,S,GR1,RCG,PCG,SLCG,2,الأغذية,007,X
007D-5S-04,WHC,TCG,S,GR1,RCG,PCG,SLCG,2,الأغذية,007,X
007E-1S-05,WHC,TCG,S,GR1,RCG,PCG,SLCG,2,الأغذية,007,X
007E-2S-05,WHC,TCG,S,GR1,RCG,PCG,SLCG,2,الأغذية,007,X
007E-3S-05,WHC,TCG,S,GR1,RCG,PCG,SLCG,2,الأغذية,007,X
007E-4S-05,WHC,TCG,S,GR1,RCG,PCG,SLCG,2,الأغذية,007,X
007E-5S-05,WHC,TCG,S,GR1,RCG,PCG,SLCG,2,الأغذية,007,X
007F-1S-06,WHC,TCG,S,GR1,RCG,PCG,SLCG,2,الأغذية,007,X
007F-2S-06,WHC,TCG,S,GR1,RCG,PCG,SLCG,2,الأغذية,007,X
007F-3S-06,WHC,TCG,S,GR1,RCG,PCG,SLCG,2,الأغذية,007,X
007F-4S-06,WHC,TCG,S,GR1,RCG,PCG,SLCG,2,الأغذية,007,X
007F-5S-06,WHC,TCG,S,GR1,RCG,PCG,SLCG,2,الأغذية,007,X
007G-1S-07,WHC,TCG,S,GR1,RCG,PCG,SLCG,2,الأغذية,007,X
007G-2S-07,WHC,TCG,S,GR1,RCG,PCG,SLCG,2,الأغذية,007,X
007G-3S-07,WHC,TCG,S,GR1,RCG,PCG,SLCG,2,الأغذية,007,X
007G-4S-07,WHC,TCG,S,GR1,RCG,PCG,SLCG,2,الأغذية,007,X
007G-5S-07,WHC,TCG,S,GR1,RCG,PCG,SLCG,2,الأغذية,007,X
007H-1S-08,WHC,TCG,S,GR1,RCG,PCG,SLCG,2,الأغذية,007,X
007H-2S-08,WHC,TCG,S,GR1,RCG,PCG,SLCG,2,الأغذية,007,X
007H-3S-08,WHC,TCG,S,GR1,RCG,PCG,SLCG,2,الأغذية,007,X
007H-4S-08,WHC,TCG,S,GR1,RCG,PCG,SLCG,2,الأغذية,007,X
007H-5S-08,WHC,TCG,S,GR1,RCG,PCG,SLCG,2,الأغذية,007,X
007I-1S-09,WHC,TCG,S,GR1,RCG,PCG,SLCG,2,الأغذية,007,X
007I-2S-09,WHC,TCG,S,GR1,RCG,PCG,SLCG,2,الأغذية,007,X
007I-3S-09,WHC,TCG,S,GR1,RCG,PCG,SLCG,2,الأغذية,007,X
007I-4S-09,WHC,TCG,S,GR1,RCG,PCG,SLCG,2,الأغذية,007,X
007I-5S-09,WHC,TCG,S,GR1,RCG,PCG,SLCG,2,الأغذية,007,X
007J-1S-10,WHC,TCG,S,GR1,RCG,PCG,SLCG,2,الأغذية,007,X
007J-2S-10,WHC,TCG,S,GR1,RCG,PCG,SLCG,2,الأغذية,007,X
007J-3S-10,WHC,TCG,S,GR1,RCG,PCG,SLCG,2,الأغذية,007,X
007J-4S-10,WHC,TCG,S,GR1,RCG,PCG,SLCG,2,الأغذية,007,X
007J-5S-10,WHC,TCG,S,GR1,RCG,PCG,SLCG,2,الأغذية,007,X
007K-1S-11,WHC,TCG,S,GR1,RCG,PCG,SLCG,2,الأغذية,007,X
007K-2S-11,WHC,TCG,S,GR1,RCG,PCG,SLCG,2,الأغذية,007,X
007K-3S-11,WHC,TCG,S,GR1,RCG,PCG,SLCG,2,الأغذية,007,X
007K-4S-11,WHC,TCG,S,GR1,RCG,PCG,SLCG,2,الأغذية,007,X
007K-5S-11,WHC,TCG,S,GR1,RCG,PCG,SLCG,2,الأغذية,007,X
007L-1S-12,WHC,TCG,S,GR1,RCG,PCG,SLCG,2,الأغذية,007,X
007L-2S-12,WHC,TCG,S,GR1,RCG,PCG,SLCG,2,الأغذية,007,X
007L-3S-12,WHC,TCG,S,GR1,RCG,PCG,SLCG,2,الأغذية,007,X
007L-4S-12,WHC,TCG,S,GR1,RCG,PCG,SLCG,2,الأغذية,007,X
007L-5S-12,WHC,TCG,S,GR1,RCG,PCG,SLCG,2,الأغذية,007,X
007M-1S-13,WHC,TCG,S,GR1,RCG,PCG,SLCG,2,الأغذية,007,X
007M-2S-13,WHC,TCG,S,GR1,RCG,PCG,SLCG,2,الأغذية,007,X
007M-3S-13,WHC,TCG,S,GR1,RCG,PCG,SLCG,2,الأغذية,007,X
007M-4S-13,WHC,TCG,S,GR1,RCG,PCG,SLCG,2,الأغذية,007,X
007M-5S-13,WHC,TCG,S,GR1,RCG,PCG,SLCG,2,الأغذية,007,X
007N-1S-14,WHC,TCG,S,GR1,RCG,PCG,SLCG,2,الأغذية,007,X
007N-2S-14,WHC,TCG,S,GR1,RCG,PCG,SLCG,2,الأغذية,007,X
007N-3S-14,WHC,TCG,S,GR1,RCG,PCG,SLCG,2,الأغذية,007,X
007N-4S-14,WHC,TCG,S,GR1,RCG,PCG,SLCG,2,الأغذية,007,X
007N-5S-14,WHC,TCG,S,GR1,RCG,PCG,SLCG,2,الأغذية,007,X
007O-1S-15,WHC,TCG,S,GR1,RCG,PCG,SLCG,2,الأغذية,007,X
007O-2S-15,WHC,TCG,S,GR1,RCG,PCG,SLCG,2,الأغذية,007,X
007O-3S-15,WHC,TCG,S,GR1,RCG,PCG,SLCG,2,الأغذية,007,X
007O-4S-15,WHC,TCG,S,GR1,RCG,PCG,SLCG,2,الأغذية,007,X
007O-5S-15,WHC,TCG,S,GR1,RCG,PCG,SLCG,2,الأغذية,007,X
007P-1S-16,WHC,TCG,S,GR1,RCG,PCG,SLCG,2,الأغذية,007,X
007P-2S-16,WHC,TCG,S,GR1,RCG,PCG,SLCG,2,الأغذية,007,X
007P-3S-16,WHC,TCG,S,GR1,RCG,PCG,SLCG,2,الأغذية,007,X
007P-4S-16,WHC,TCG,S,GR1,RCG,PCG,SLCG,2,الأغذية,007,X
007P-5S-16,WHC,TCG,S,GR1,RCG,PCG,SLCG,2,الأغذية,007,X
007Q-1S-17,WHC,TCG,S,GR1,RCG,PCG,SLCG,2,الأغذية,007,X
007Q-2S-17,WHC,TCG,S,GR1,RCG,PCG,SLCG,2,الأغذية,007,X
007Q-3S-17,WHC,TCG,S,GR1,RCG,PCG,SLCG,2,الأغذية,007,X
007Q-4S-17,WHC,TCG,S,GR1,RCG,PCG,SLCG,2,الأغذية,007,X
007Q-5S-17,WHC,TCG,S,GR1,RCG,PCG,SLCG,2,الأغذية,007,X
007R-1S-18,WHC,TCG,S,GR1,RCG,PCG,SLCG,2,الأغذية,007,X
007R-2S-18,WHC,TCG,S,GR1,RCG,PCG,SLCG,2,الأغذية,007,X
007R-3S-18,WHC,TCG,S,GR1,RCG,PCG,SLCG,2,الأغذية,007,X
007R-4S-18,WHC,TCG,S,GR1,RCG,PCG,SLCG,2,الأغذية,007,X
007R-5S-18,WHC,TCG,S,GR1,RCG,PCG,SLCG,2,الأغذية,007,X
007S-1S-19,WHC,TCG,S,GR1,RCG,PCG,SLCG,2,الأغذية,007,X
007S-2S-19,WHC,TCG,S,GR1,RCG,PCG,SLCG,2,الأغذية,007,X
007S-3S-19,WHC,TCG,S,GR1,RCG,PCG,SLCG,2,الأغذية,007,X
007S-4S-19,WHC,TCG,S,GR1,RCG,PCG,SLCG,2,الأغذية,007,X
007S-5S-19,WHC,TCG,S,GR1,RCG,PCG,SLCG,2,الأغذية,007,X
007T-1S-20,WHC,TCG,S,GR1,RCG,PCG,SLCG,2,الأغذية,007,X
007T-2S-20,WHC,TCG,S,GR1,RCG,PCG,SLCG,2,الأغذية,007,X
007T-3S-20,WHC,TCG,S,GR1,RCG,PCG,SLCG,2,الأغذية,007,X
007T-4S-20,WHC,TCG,S,GR1,RCG,PCG,SLCG,2,الأغذية,007,X
007T-5S-20,WHC,TCG,S,GR1,RCG,PCG,SLCG,2,الأغذية,007,X
007U-1S-21,WHC,TCG,S,GR1,RCG,PCG,SLCG,2,الأغذية,007,X
007U-2S-21,WHC,TCG,S,GR1,RCG,PCG,SLCG,2,الأغذية,007,X
007U-3S-21,WHC,TCG,S,GR1,RCG,PCG,SLCG,2,الأغذية,007,X
007U-4S-21,WHC,TCG,S,GR1,RCG,PCG,SLCG,2,الأغذية,007,X
007U-5S-21,WHC,TCG,S,GR1,RCG,PCG,SLCG,2,الأغذية,007,X
007V-1S-22,WHC,TCG,S,GR1,RCG,PCG,SLCG,2,الأغذية,007,X
007V-2S-22,WHC,TCG,S,GR1,RCG,PCG,SLCG,2,الأغذية,007,X
007V-3S-22,WHC,TCG,S,GR1,RCG,PCG,SLCG,2,الأغذية,007,X
007V-4S-22,WHC,TCG,S,GR1,RCG,PCG,SLCG,2,الأغذية,007,X
007V-5S-22,WHC,TCG,S,GR1,RCG,PCG,SLCG,2,الأغذية,007,X
007W-1S-23,WHC,TCG,S,GR1,RCG,PCG,SLCG,2,الأغذية,007,X
007W-2S-23,WHC,TCG,S,GR1,RCG,PCG,SLCG,2,الأغذية,007,X
007W-3S-23,WHC,TCG,S,GR1,RCG,PCG,SLCG,2,الأغذية,007,X
007W-4S-23,WHC,TCG,S,GR1,RCG,PCG,SLCG,2,الأغذية,007,X
007W-5S-23,WHC,TCG,S,GR1,RCG,PCG,SLCG,2,الأغذية,007,X
007X-1S-24,WHC,TCG,S,GR1,RCG,PCG,SLCG,2,الأغذية,007,X
007X-2S-24,WHC,TCG,S,GR1,RCG,PCG,SLCG,2,الأغذية,007,X
007X-3S-24,WHC,TCG,S,GR1,RCG,PCG,SLCG,2,الأغذية,007,X
007X-4S-24,WHC,TCG,S,GR1,RCG,PCG,SLCG,2,الأغذية,007,X
007X-5S-24,WHC,TCG,S,GR1,RCG,PCG,SLCG,2,الأغذية,007,X
007Y-1S-25,WHC,TCG,S,GR1,RCG,PCG,SLCG,2,الأغذية,007,X
007Y-2S-25,WHC,TCG,S,GR1,RCG,PCG,SLCG,2,الأغذية,007,X
007Y-3S-25,WHC,TCG,S,GR1,RCG,PCG,SLCG,2,الأغذية,007,X
007Y-4S-25,WHC,TCG,S,GR1,RCG,PCG,SLCG,2,الأغذية,007,X
007Y-5S-25,WHC,TCG,S,GR1,RCG,PCG,SLCG,2,الأغذية,007,X
007Z-1S-26,WHC,TCG,S,GR1,RCG,PCG,SLCG,2,الأغذية,007,X
007Z-2S-26,WHC,TCG,S,GR1,RCG,PCG,SLCG,2,الأغذية,007,X
007Z-3S-26,WHC,TCG,S,GR1,RCG,PCG,SLCG,2,الأغذية,007,X
007Z-4S-26,WHC,TCG,S,GR1,RCG,PCG,SLCG,2,الأغذية,007,X
007Z-5S-26,WHC,TCG,S,GR1,RCG,PCG,SLCG,2,الأغذية,007,X
008A-1S-01,WHC,TCG,S,GR1,RCG,PCG,SLCG,7,الشعر,008,X
008A-2S-01,WHC,TCG,S,GR1,RCG,PCG,SLCG,7,الشعر,008,X
008A-3S-01,WHC,TCG,S,GR1,RCG,PCG,SLCG,7,الشعر,008,X
008A-4S-01,WHC,TCG,S,GR1,RCG,PCG,SLCG,7,الشعر,008,X
008A-5S-01,WHC,TCG,S,GR1,RCG,PCG,SLCG,7,الشعر,008,X
008B-1S-02,WHC,TCG,S,GR1,RCG,PCG,SLCG,7,الشعر,008,X
008B-2S-02,WHC,TCG,S,GR1,RCG,PCG,SLCG,7,الشعر,008,X
008B-3S-02,WHC,TCG,S,GR1,RCG,PCG,SLCG,7,الشعر,008,X
008B-4S-02,WHC,TCG,S,GR1,RCG,PCG,SLCG,7,الشعر,008,X
008B-5S-02,WHC,TCG,S,GR1,RCG,PCG,SLCG,7,الشعر,008,X
008C-1S-03,WHC,TCG,S,GR1,RCG,PCG,SLCG,7,الشعر,008,X
008C-2S-03,WHC,TCG,S,GR1,RCG,PCG,SLCG,7,الشعر,008,X
008C-3S-03,WHC,TCG,S,GR1,RCG,PCG,SLCG,7,الشعر,008,X
008C-4S-03,WHC,TCG,S,GR1,RCG,PCG,SLCG,7,الشعر,008,X
008C-5S-03,WHC,TCG,S,GR1,RCG,PCG,SLCG,7,الشعر,008,X
008D-1S-04,WHC,TCG,S,GR1,RCG,PCG,SLCG,7,الشعر,008,X
008D-2S-04,WHC,TCG,S,GR1,RCG,PCG,SLCG,7,الشعر,008,X
008D-3S-04,WHC,TCG,S,GR1,RCG,PCG,SLCG,7,الشعر,008,X
008D-4S-04,WHC,TCG,S,GR1,RCG,PCG,SLCG,7,الشعر,008,X
008D-5S-04,WHC,TCG,S,GR1,RCG,PCG,SLCG,7,الشعر,008,X
008E-1S-05,WHC,TCG,S,GR1,RCG,PCG,SLCG,7,الشعر,008,X
008E-2S-05,WHC,TCG,S,GR1,RCG,PCG,SLCG,7,الشعر,008,X
008E-3S-05,WHC,TCG,S,GR1,RCG,PCG,SLCG,7,الشعر,008,X
008E-4S-05,WHC,TCG,S,GR1,RCG,PCG,SLCG,7,الشعر,008,X
008E-5S-05,WHC,TCG,S,GR1,RCG,PCG,SLCG,7,الشعر,008,X
008F-1S-06,WHC,TCG,S,GR1,RCG,PCG,SLCG,7,الشعر,008,X
008F-2S-06,WHC,TCG,S,GR1,RCG,PCG,SLCG,7,الشعر,008,X
008F-3S-06,WHC,TCG,S,GR1,RCG,PCG,SLCG,7,الشعر,008,X
008F-4S-06,WHC,TCG,S,GR1,RCG,PCG,SLCG,7,الشعر,008,X
008F-5S-06,WHC,TCG,S,GR1,RCG,PCG,SLCG,7,الشعر,008,X
008G-1S-07,WHC,TCG,S,GR1,RCG,PCG,SLCG,7,الشعر,008,X
008G-2S-07,WHC,TCG,S,GR1,RCG,PCG,SLCG,7,الشعر,008,X
008G-3S-07,WHC,TCG,S,GR1,RCG,PCG,SLCG,7,الشعر,008,X
008G-4S-07,WHC,TCG,S,GR1,RCG,PCG,SLCG,7,الشعر,008,X
008G-5S-07,WHC,TCG,S,GR1,RCG,PCG,SLCG,7,الشعر,008,X
008H-1S-08,WHC,TCG,S,GR1,RCG,PCG,SLCG,7,الشعر,008,X
008H-2S-08,WHC,TCG,S,GR1,RCG,PCG,SLCG,7,الشعر,008,X
008H-3S-08,WHC,TCG,S,GR1,RCG,PCG,SLCG,7,الشعر,008,X
008H-4S-08,WHC,TCG,S,GR1,RCG,PCG,SLCG,7,الشعر,008,X
008H-5S-08,WHC,TCG,S,GR1,RCG,PCG,SLCG,7,الشعر,008,X
008I-1S-09,WHC,TCG,S,GR1,RCG,PCG,SLCG,7,الشعر,008,X
008I-2S-09,WHC,TCG,S,GR1,RCG,PCG,SLCG,7,الشعر,008,X
008I-3S-09,WHC,TCG,S,GR1,RCG,PCG,SLCG,7,الشعر,008,X
008I-4S-09,WHC,TCG,S,GR1,RCG,PCG,SLCG,7,الشعر,008,X
008I-5S-09,WHC,TCG,S,GR1,RCG,PCG,SLCG,7,الشعر,008,X
008J-1S-10,WHC,TCG,S,GR1,RCG,PCG,SLCG,7,الشعر,008,X
008J-2S-10,WHC,TCG,S,GR1,RCG,PCG,SLCG,7,الشعر,008,X
008J-3S-10,WHC,TCG,S,GR1,RCG,PCG,SLCG,7,الشعر,008,X
008J-4S-10,WHC,TCG,S,GR1,RCG,PCG,SLCG,7,الشعر,008,X
008J-5S-10,WHC,TCG,S,GR1,RCG,PCG,SLCG,7,الشعر,008,X
008K-1S-11,WHC,TCG,S,GR1,RCG,PCG,SLCG,7,الشعر,008,X
008K-2S-11,WHC,TCG,S,GR1,RCG,PCG,SLCG,7,الشعر,008,X
008K-3S-11,WHC,TCG,S,GR1,RCG,PCG,SLCG,7,الشعر,008,X
008K-4S-11,WHC,TCG,S,GR1,RCG,PCG,SLCG,7,الشعر,008,X
008K-5S-11,WHC,TCG,S,GR1,RCG,PCG,SLCG,7,الشعر,008,X
008L-1S-12,WHC,TCG,S,GR1,RCG,PCG,SLCG,7,الشعر,008,X
008L-2S-12,WHC,TCG,S,GR1,RCG,PCG,SLCG,7,الشعر,008,X
008L-3S-12,WHC,TCG,S,GR1,RCG,PCG,SLCG,7,الشعر,008,X
008L-4S-12,WHC,TCG,S,GR1,RCG,PCG,SLCG,7,الشعر,008,X
008L-5S-12,WHC,TCG,S,GR1,RCG,PCG,SLCG,7,الشعر,008,X
008M-1S-13,WHC,TCG,S,GR1,RCG,PCG,SLCG,7,الشعر,008,X
008M-2S-13,WHC,TCG,S,GR1,RCG,PCG,SLCG,7,الشعر,008,X
008M-3S-13,WHC,TCG,S,GR1,RCG,PCG,SLCG,7,الشعر,008,X
008M-4S-13,WHC,TCG,S,GR1,RCG,PCG,SLCG,7,الشعر,008,X
008M-5S-13,WHC,TCG,S,GR1,RCG,PCG,SLCG,7,الشعر,008,X
008N-1S-14,WHC,TCG,S,GR1,RCG,PCG,SLCG,7,الشعر,008,X
008N-2S-14,WHC,TCG,S,GR1,RCG,PCG,SLCG,7,الشعر,008,X
008N-3S-14,WHC,TCG,S,GR1,RCG,PCG,SLCG,7,الشعر,008,X
008N-4S-14,WHC,TCG,S,GR1,RCG,PCG,SLCG,7,الشعر,008,X
008N-5S-14,WHC,TCG,S,GR1,RCG,PCG,SLCG,7,الشعر,008,X
008O-1S-15,WHC,TCG,S,GR1,RCG,PCG,SLCG,7,الشعر,008,X
008O-2S-15,WHC,TCG,S,GR1,RCG,PCG,SLCG,7,الشعر,008,X
008O-3S-15,WHC,TCG,S,GR1,RCG,PCG,SLCG,7,الشعر,008,X
008O-4S-15,WHC,TCG,S,GR1,RCG,PCG,SLCG,7,الشعر,008,X
008O-5S-15,WHC,TCG,S,GR1,RCG,PCG,SLCG,7,الشعر,008,X
008P-1S-16,WHC,TCG,S,GR1,RCG,PCG,SLCG,7,الشعر,008,X
008P-2S-16,WHC,TCG,S,GR1,RCG,PCG,SLCG,7,الشعر,008,X
008P-3S-16,WHC,TCG,S,GR1,RCG,PCG,SLCG,7,الشعر,008,X
008P-4S-16,WHC,TCG,S,GR1,RCG,PCG,SLCG,7,الشعر,008,X
008P-5S-16,WHC,TCG,S,GR1,RCG,PCG,SLCG,7,الشعر,008,X
008Q-1S-17,WHC,TCG,S,GR1,RCG,PCG,SLCG,7,الشعر,008,X
008Q-2S-17,WHC,TCG,S,GR1,RCG,PCG,SLCG,7,الشعر,008,X
008Q-3S-17,WHC,TCG,S,GR1,RCG,PCG,SLCG,7,الشعر,008,X
008Q-4S-17,WHC,TCG,S,GR1,RCG,PCG,SLCG,7,الشعر,008,X
008Q-5S-17,WHC,TCG,S,GR1,RCG,PCG,SLCG,7,الشعر,008,X
008R-1S-18,WHC,TCG,S,GR1,RCG,PCG,SLCG,7,الشعر,008,X
008R-2S-18,WHC,TCG,S,GR1,RCG,PCG,SLCG,7,الشعر,008,X
008R-3S-18,WHC,TCG,S,GR1,RCG,PCG,SLCG,7,الشعر,008,X
008R-4S-18,WHC,TCG,S,GR1,RCG,PCG,SLCG,7,الشعر,008,X
008R-5S-18,WHC,TCG,S,GR1,RCG,PCG,SLCG,7,الشعر,008,X
008S-1S-19,WHC,TCG,S,GR1,RCG,PCG,SLCG,7,الشعر,008,X
008S-2S-19,WHC,TCG,S,GR1,RCG,PCG,SLCG,7,الشعر,008,X
008S-3S-19,WHC,TCG,S,GR1,RCG,PCG,SLCG,7,الشعر,008,X
008S-4S-19,WHC,TCG,S,GR1,RCG,PCG,SLCG,7,الشعر,008,X
008S-5S-19,WHC,TCG,S,GR1,RCG,PCG,SLCG,7,الشعر,008,X
008T-1S-20,WHC,TCG,S,GR1,RCG,PCG,SLCG,7,الشعر,008,X
008T-2S-20,WHC,TCG,S,GR1,RCG,PCG,SLCG,7,الشعر,008,X
008T-3S-20,WHC,TCG,S,GR1,RCG,PCG,SLCG,7,الشعر,008,X
008T-4S-20,WHC,TCG,S,GR1,RCG,PCG,SLCG,7,الشعر,008,X
008T-5S-20,WHC,TCG,S,GR1,RCG,PCG,SLCG,7,الشعر,008,X
008U-1S-21,WHC,TCG,S,GR1,RCG,PCG,SLCG,7,الشعر,008,X
008U-2S-21,WHC,TCG,S,GR1,RCG,PCG,SLCG,7,الشعر,008,X
008U-3S-21,WHC,TCG,S,GR1,RCG,PCG,SLCG,7,الشعر,008,X
008U-4S-21,WHC,TCG,S,GR1,RCG,PCG,SLCG,7,الشعر,008,X
008U-5S-21,WHC,TCG,S,GR1,RCG,PCG,SLCG,7,الشعر,008,X
008V-1S-22,WHC,TCG,S,GR1,RCG,PCG,SLCG,7,الشعر,008,X
008V-2S-22,WHC,TCG,S,GR1,RCG,PCG,SLCG,7,الشعر,008,X
008V-3S-22,WHC,TCG,S,GR1,RCG,PCG,SLCG,7,الشعر,008,X
008V-4S-22,WHC,TCG,S,GR1,RCG,PCG,SLCG,7,الشعر,008,X
008V-5S-22,WHC,TCG,S,GR1,RCG,PCG,SLCG,7,الشعر,008,X
008W-1S-23,WHC,TCG,S,GR1,RCG,PCG,SLCG,7,الشعر,008,X
008W-2S-23,WHC,TCG,S,GR1,RCG,PCG,SLCG,7,الشعر,008,X
008W-3S-23,WHC,TCG,S,GR1,RCG,PCG,SLCG,7,الشعر,008,X
008W-4S-23,WHC,TCG,S,GR1,RCG,PCG,SLCG,7,الشعر,008,X
008W-5S-23,WHC,TCG,S,GR1,RCG,PCG,SLCG,7,الشعر,008,X
008X-1S-24,WHC,TCG,S,GR1,RCG,PCG,SLCG,7,الشعر,008,X
008X-2S-24,WHC,TCG,S,GR1,RCG,PCG,SLCG,7,الشعر,008,X
008X-3S-24,WHC,TCG,S,GR1,RCG,PCG,SLCG,7,الشعر,008,X
008X-4S-24,WHC,TCG,S,GR1,RCG,PCG,SLCG,7,الشعر,008,X
008X-5S-24,WHC,TCG,S,GR1,RCG,PCG,SLCG,7,الشعر,008,X
009A-1S-01,WHC,TCG,S,GR1,RCG,PCG,SLCG,7,الشعر,009,X
009A-2S-01,WHC,TCG,S,GR1,RCG,PCG,SLCG,7,الشعر,009,X
009A-3S-01,WHC,TCG,S,GR1,RCG,PCG,SLCG,7,الشعر,009,X
009A-4S-01,WHC,TCG,S,GR1,RCG,PCG,SLCG,7,الشعر,009,X
009A-5S-01,WHC,TCG,S,GR1,RCG,PCG,SLCG,7,الشعر,009,X
009B-1S-02,WHC,TCG,S,GR1,RCG,PCG,SLCG,7,الشعر,009,X
009B-2S-02,WHC,TCG,S,GR1,RCG,PCG,SLCG,7,الشعر,009,X
009B-3S-02,WHC,TCG,S,GR1,RCG,PCG,SLCG,7,الشعر,009,X
009B-4S-02,WHC,TCG,S,GR1,RCG,PCG,SLCG,7,الشعر,009,X
009B-5S-02,WHC,TCG,S,GR1,RCG,PCG,SLCG,7,الشعر,009,X
009C-1S-03,WHC,TCG,S,GR1,RCG,PCG,SLCG,7,الشعر,009,X
009C-2S-03,WHC,TCG,S,GR1,RCG,PCG,SLCG,7,الشعر,009,X
009C-3S-03,WHC,TCG,S,GR1,RCG,PCG,SLCG,7,الشعر,009,X
009C-4S-03,WHC,TCG,S,GR1,RCG,PCG,SLCG,7,الشعر,009,X
009C-5S-03,WHC,TCG,S,GR1,RCG,PCG,SLCG,7,الشعر,009,X
009D-1S-04,WHC,TCG,S,GR1,RCG,PCG,SLCG,7,الشعر,009,X
009D-2S-04,WHC,TCG,S,GR1,RCG,PCG,SLCG,7,الشعر,009,X
009D-3S-04,WHC,TCG,S,GR1,RCG,PCG,SLCG,7,الشعر,009,X
009D-4S-04,WHC,TCG,S,GR1,RCG,PCG,SLCG,7,الشعر,009,X
009D-5S-04,WHC,TCG,S,GR1,RCG,PCG,SLCG,7,الشعر,009,X
009E-1S-05,WHC,TCG,S,GR1,RCG,PCG,SLCG,7,الشعر,009,X
009E-2S-05,WHC,TCG,S,GR1,RCG,PCG,SLCG,7,الشعر,009,X
009E-3S-05,WHC,TCG,S,GR1,RCG,PCG,SLCG,7,الشعر,009,X
009E-4S-05,WHC,TCG,S,GR1,RCG,PCG,SLCG,7,الشعر,009,X
009E-5S-05,WHC,TCG,S,GR1,RCG,PCG,SLCG,7,الشعر,009,X
009F-1S-06,WHC,TCG,S,GR1,RCG,PCG,SLCG,7,الشعر,009,X
009F-2S-06,WHC,TCG,S,GR1,RCG,PCG,SLCG,7,الشعر,009,X
009F-3S-06,WHC,TCG,S,GR1,RCG,PCG,SLCG,7,الشعر,009,X
009F-4S-06,WHC,TCG,S,GR1,RCG,PCG,SLCG,7,الشعر,009,X
009F-5S-06,WHC,TCG,S,GR1,RCG,PCG,SLCG,7,الشعر,009,X
009G-1S-07,WHC,TCG,S,GR1,RCG,PCG,SLCG,7,الشعر,009,X
009G-2S-07,WHC,TCG,S,GR1,RCG,PCG,SLCG,7,الشعر,009,X
009G-3S-07,WHC,TCG,S,GR1,RCG,PCG,SLCG,7,الشعر,009,X
009G-4S-07,WHC,TCG,S,GR1,RCG,PCG,SLCG,7,الشعر,009,X
009G-5S-07,WHC,TCG,S,GR1,RCG,PCG,SLCG,7,الشعر,009,X
009H-1S-08,WHC,TCG,S,GR1,RCG,PCG,SLCG,7,الشعر,009,X
009H-2S-08,WHC,TCG,S,GR1,RCG,PCG,SLCG,7,الشعر,009,X
009H-3S-08,WHC,TCG,S,GR1,RCG,PCG,SLCG,7,الشعر,009,X
009H-4S-08,WHC,TCG,S,GR1,RCG,PCG,SLCG,7,الشعر,009,X
009H-5S-08,WHC,TCG,S,GR1,RCG,PCG,SLCG,7,الشعر,009,X
009I-1S-09,WHC,TCG,S,GR1,RCG,PCG,SLCG,7,الشعر,009,X
009I-2S-09,WHC,TCG,S,GR1,RCG,PCG,SLCG,7,الشعر,009,X
009I-3S-09,WHC,TCG,S,GR1,RCG,PCG,SLCG,7,الشعر,009,X
009I-4S-09,WHC,TCG,S,GR1,RCG,PCG,SLCG,7,الشعر,009,X
009I-5S-09,WHC,TCG,S,GR1,RCG,PCG,SLCG,7,الشعر,009,X
009J-1S-10,WHC,TCG,S,GR1,RCG,PCG,SLCG,7,الشعر,009,X
009J-2S-10,WHC,TCG,S,GR1,RCG,PCG,SLCG,7,الشعر,009,X
009J-3S-10,WHC,TCG,S,GR1,RCG,PCG,SLCG,7,الشعر,009,X
009J-4S-10,WHC,TCG,S,GR1,RCG,PCG,SLCG,7,الشعر,009,X
009J-5S-10,WHC,TCG,S,GR1,RCG,PCG,SLCG,7,الشعر,009,X
009K-1S-11,WHC,TCG,S,GR1,RCG,PCG,SLCG,7,الشعر,009,X
009K-2S-11,WHC,TCG,S,GR1,RCG,PCG,SLCG,7,الشعر,009,X
009K-3S-11,WHC,TCG,S,GR1,RCG,PCG,SLCG,7,الشعر,009,X
009K-4S-11,WHC,TCG,S,GR1,RCG,PCG,SLCG,7,الشعر,009,X
009K-5S-11,WHC,TCG,S,GR1,RCG,PCG,SLCG,7,الشعر,009,X
009L-1S-12,WHC,TCG,S,GR1,RCG,PCG,SLCG,7,الشعر,009,X
009L-2S-12,WHC,TCG,S,GR1,RCG,PCG,SLCG,7,الشعر,009,X
009L-3S-12,WHC,TCG,S,GR1,RCG,PCG,SLCG,7,الشعر,009,X
009L-4S-12,WHC,TCG,S,GR1,RCG,PCG,SLCG,7,الشعر,009,X
009L-5S-12,WHC,TCG,S,GR1,RCG,PCG,SLCG,7,الشعر,009,X
009M-1S-13,WHC,TCG,S,GR1,RCG,PCG,SLCG,7,الشعر,009,X
009M-2S-13,WHC,TCG,S,GR1,RCG,PCG,SLCG,7,الشعر,009,X
009M-3S-13,WHC,TCG,S,GR1,RCG,PCG,SLCG,7,الشعر,009,X
009M-4S-13,WHC,TCG,S,GR1,RCG,PCG,SLCG,7,الشعر,009,X
009M-5S-13,WHC,TCG,S,GR1,RCG,PCG,SLCG,7,الشعر,009,X
009N-1S-14,WHC,TCG,S,GR1,RCG,PCG,SLCG,7,الشعر,009,X
009N-2S-14,WHC,TCG,S,GR1,RCG,PCG,SLCG,7,الشعر,009,X
009N-3S-14,WHC,TCG,S,GR1,RCG,PCG,SLCG,7,الشعر,009,X
009N-4S-14,WHC,TCG,S,GR1,RCG,PCG,SLCG,7,الشعر,009,X
009N-5S-14,WHC,TCG,S,GR1,RCG,PCG,SLCG,7,الشعر,009,X
009O-1S-15,WHC,TCG,S,GR1,RCG,PCG,SLCG,7,الشعر,009,X
009O-2S-15,WHC,TCG,S,GR1,RCG,PCG,SLCG,7,الشعر,009,X
009O-3S-15,WHC,TCG,S,GR1,RCG,PCG,SLCG,7,الشعر,009,X
009O-4S-15,WHC,TCG,S,GR1,RCG,PCG,SLCG,7,الشعر,009,X
009O-5S-15,WHC,TCG,S,GR1,RCG,PCG,SLCG,7,الشعر,009,X
009P-1S-16,WHC,TCG,S,GR1,RCG,PCG,SLCG,7,الشعر,009,X
009P-2S-16,WHC,TCG,S,GR1,RCG,PCG,SLCG,7,الشعر,009,X
009P-3S-16,WHC,TCG,S,GR1,RCG,PCG,SLCG,7,الشعر,009,X
009P-4S-16,WHC,TCG,S,GR1,RCG,PCG,SLCG,7,الشعر,009,X
009P-5S-16,WHC,TCG,S,GR1,RCG,PCG,SLCG,7,الشعر,009,X
009Q-1S-17,WHC,TCG,S,GR1,RCG,PCG,SLCG,7,الشعر,009,X
009Q-2S-17,WHC,TCG,S,GR1,RCG,PCG,SLCG,7,الشعر,009,X
009Q-3S-17,WHC,TCG,S,GR1,RCG,PCG,SLCG,7,الشعر,009,X
009Q-4S-17,WHC,TCG,S,GR1,RCG,PCG,SLCG,7,الشعر,009,X
009Q-5S-17,WHC,TCG,S,GR1,RCG,PCG,SLCG,7,الشعر,009,X
009R-1S-18,WHC,TCG,S,GR1,RCG,PCG,SLCG,7,الشعر,009,X
009R-2S-18,WHC,TCG,S,GR1,RCG,PCG,SLCG,7,الشعر,009,X
009R-3S-18,WHC,TCG,S,GR1,RCG,PCG,SLCG,7,الشعر,009,X
009R-4S-18,WHC,TCG,S,GR1,RCG,PCG,SLCG,7,الشعر,009,X
009R-5S-18,WHC,TCG,S,GR1,RCG,PCG,SLCG,7,الشعر,009,X
009S-1S-19,WHC,TCG,S,GR1,RCG,PCG,SLCG,7,الشعر,009,X
009S-2S-19,WHC,TCG,S,GR1,RCG,PCG,SLCG,7,الشعر,009,X
009S-3S-19,WHC,TCG,S,GR1,RCG,PCG,SLCG,7,الشعر,009,X
009S-4S-19,WHC,TCG,S,GR1,RCG,PCG,SLCG,7,الشعر,009,X
009S-5S-19,WHC,TCG,S,GR1,RCG,PCG,SLCG,7,الشعر,009,X
009T-1S-20,WHC,TCG,S,GR1,RCG,PCG,SLCG,7,الشعر,009,X
009T-2S-20,WHC,TCG,S,GR1,RCG,PCG,SLCG,7,الشعر,009,X
009T-3S-20,WHC,TCG,S,GR1,RCG,PCG,SLCG,7,الشعر,009,X
009T-4S-20,WHC,TCG,S,GR1,RCG,PCG,SLCG,7,الشعر,009,X
009T-5S-20,WHC,TCG,S,GR1,RCG,PCG,SLCG,7,الشعر,009,X
009U-1S-21,WHC,TCG,S,GR1,RCG,PCG,SLCG,7,الشعر,009,X
009U-2S-21,WHC,TCG,S,GR1,RCG,PCG,SLCG,7,الشعر,009,X
009U-3S-21,WHC,TCG,S,GR1,RCG,PCG,SLCG,7,الشعر,009,X
009U-4S-21,WHC,TCG,S,GR1,RCG,PCG,SLCG,7,الشعر,009,X
009U-5S-21,WHC,TCG,S,GR1,RCG,PCG,SLCG,7,الشعر,009,X
009V-1S-22,WHC,TCG,S,GR1,RCG,PCG,SLCG,7,الشعر,009,X
009V-2S-22,WHC,TCG,S,GR1,RCG,PCG,SLCG,7,الشعر,009,X
009V-3S-22,WHC,TCG,S,GR1,RCG,PCG,SLCG,7,الشعر,009,X
009V-4S-22,WHC,TCG,S,GR1,RCG,PCG,SLCG,7,الشعر,009,X
009V-5S-22,WHC,TCG,S,GR1,RCG,PCG,SLCG,7,الشعر,009,X
009W-1S-23,WHC,TCG,S,GR1,RCG,PCG,SLCG,7,الشعر,009,X
009W-2S-23,WHC,TCG,S,GR1,RCG,PCG,SLCG,7,الشعر,009,X
009W-3S-23,WHC,TCG,S,GR1,RCG,PCG,SLCG,7,الشعر,009,X
009W-4S-23,WHC,TCG,S,GR1,RCG,PCG,SLCG,7,الشعر,009,X
009W-5S-23,WHC,TCG,S,GR1,RCG,PCG,SLCG,7,الشعر,009,X
009X-1S-24,WHC,TCG,S,GR1,RCG,PCG,SLCG,7,الشعر,009,X
009X-2S-24,WHC,TCG,S,GR1,RCG,PCG,SLCG,7,الشعر,009,X
009X-3S-24,WHC,TCG,S,GR1,RCG,PCG,SLCG,7,الشعر,009,X
009X-4S-24,WHC,TCG,S,GR1,RCG,PCG,SLCG,7,الشعر,009,X
009X-5S-24,WHC,TCG,S,GR1,RCG,PCG,SLCG,7,الشعر,009,X
009Y-1S-25,WHC,TCG,S,GR1,RCG,PCG,SLCG,7,الشعر,009,X
009Y-2S-25,WHC,TCG,S,GR1,RCG,PCG,SLCG,7,الشعر,009,X
009Y-3S-25,WHC,TCG,S,GR1,RCG,PCG,SLCG,7,الشعر,009,X
009Y-4S-25,WHC,TCG,S,GR1,RCG,PCG,SLCG,7,الشعر,009,X
009Y-5S-25,WHC,TCG,S,GR1,RCG,PCG,SLCG,7,الشعر,009,X
009Z-1S-26,WHC,TCG,S,GR1,RCG,PCG,SLCG,7,الشعر,009,X
009Z-2S-26,WHC,TCG,S,GR1,RCG,PCG,SLCG,7,الشعر,009,X
009Z-3S-26,WHC,TCG,S,GR1,RCG,PCG,SLCG,7,الشعر,009,X
009Z-4S-26,WHC,TCG,S,GR1,RCG,PCG,SLCG,7,الشعر,009,X
009Z-5S-26,WHC,TCG,S,GR1,RCG,PCG,SLCG,7,الشعر,009,X
010A-1S-01,WHC,TCG,S,GR1,RCG,PCG,SLCG,7,الشعر,010,X
010A-2S-01,WHC,TCG,S,GR1,RCG,PCG,SLCG,7,الشعر,010,X
010A-3S-01,WHC,TCG,S,GR1,RCG,PCG,SLCG,7,الشعر,010,X
010A-4S-01,WHC,TCG,S,GR1,RCG,PCG,SLCG,7,الشعر,010,X
010A-5S-01,WHC,TCG,S,GR1,RCG,PCG,SLCG,7,الشعر,010,X
010B-1S-02,WHC,TCG,S,GR1,RCG,PCG,SLCG,7,الشعر,010,X
010B-2S-02,WHC,TCG,S,GR1,RCG,PCG,SLCG,7,الشعر,010,X
010B-3S-02,WHC,TCG,S,GR1,RCG,PCG,SLCG,7,الشعر,010,X
010B-4S-02,WHC,TCG,S,GR1,RCG,PCG,SLCG,7,الشعر,010,X
010B-5S-02,WHC,TCG,S,GR1,RCG,PCG,SLCG,7,الشعر,010,X
010C-1S-03,WHC,TCG,S,GR1,RCG,PCG,SLCG,7,الشعر,010,X
010C-2S-03,WHC,TCG,S,GR1,RCG,PCG,SLCG,7,الشعر,010,X
010C-3S-03,WHC,TCG,S,GR1,RCG,PCG,SLCG,7,الشعر,010,X
010C-4S-03,WHC,TCG,S,GR1,RCG,PCG,SLCG,7,الشعر,010,X
010C-5S-03,WHC,TCG,S,GR1,RCG,PCG,SLCG,7,الشعر,010,X
010D-1S-04,WHC,TCG,S,GR1,RCG,PCG,SLCG,7,الشعر,010,X
010D-2S-04,WHC,TCG,S,GR1,RCG,PCG,SLCG,7,الشعر,010,X
010D-3S-04,WHC,TCG,S,GR1,RCG,PCG,SLCG,7,الشعر,010,X
010D-4S-04,WHC,TCG,S,GR1,RCG,PCG,SLCG,7,الشعر,010,X
010D-5S-04,WHC,TCG,S,GR1,RCG,PCG,SLCG,7,الشعر,010,X
010E-1S-05,WHC,TCG,S,GR1,RCG,PCG,SLCG,7,الشعر,010,X
010E-2S-05,WHC,TCG,S,GR1,RCG,PCG,SLCG,7,الشعر,010,X
010E-3S-05,WHC,TCG,S,GR1,RCG,PCG,SLCG,7,الشعر,010,X
010E-4S-05,WHC,TCG,S,GR1,RCG,PCG,SLCG,7,الشعر,010,X
010E-5S-05,WHC,TCG,S,GR1,RCG,PCG,SLCG,7,الشعر,010,X
010F-1S-06,WHC,TCG,S,GR1,RCG,PCG,SLCG,7,الشعر,010,X
010F-2S-06,WHC,TCG,S,GR1,RCG,PCG,SLCG,7,الشعر,010,X
010F-3S-06,WHC,TCG,S,GR1,RCG,PCG,SLCG,7,الشعر,010,X
010F-4S-06,WHC,TCG,S,GR1,RCG,PCG,SLCG,7,الشعر,010,X
010F-5S-06,WHC,TCG,S,GR1,RCG,PCG,SLCG,7,الشعر,010,X
010G-1S-07,WHC,TCG,S,GR1,RCG,PCG,SLCG,7,الشعر,010,X
010G-2S-07,WHC,TCG,S,GR1,RCG,PCG,SLCG,7,الشعر,010,X
010G-3S-07,WHC,TCG,S,GR1,RCG,PCG,SLCG,7,الشعر,010,X
010G-4S-07,WHC,TCG,S,GR1,RCG,PCG,SLCG,7,الشعر,010,X
010G-5S-07,WHC,TCG,S,GR1,RCG,PCG,SLCG,7,الشعر,010,X
010H-1S-08,WHC,TCG,S,GR1,RCG,PCG,SLCG,7,الشعر,010,X
010H-2S-08,WHC,TCG,S,GR1,RCG,PCG,SLCG,7,الشعر,010,X
010H-3S-08,WHC,TCG,S,GR1,RCG,PCG,SLCG,7,الشعر,010,X
010H-4S-08,WHC,TCG,S,GR1,RCG,PCG,SLCG,7,الشعر,010,X
010H-5S-08,WHC,TCG,S,GR1,RCG,PCG,SLCG,7,الشعر,010,X
010I-1S-09,WHC,TCG,S,GR1,RCG,PCG,SLCG,7,الشعر,010,X
010I-2S-09,WHC,TCG,S,GR1,RCG,PCG,SLCG,7,الشعر,010,X
010I-3S-09,WHC,TCG,S,GR1,RCG,PCG,SLCG,7,الشعر,010,X
010I-4S-09,WHC,TCG,S,GR1,RCG,PCG,SLCG,7,الشعر,010,X
010I-5S-09,WHC,TCG,S,GR1,RCG,PCG,SLCG,7,الشعر,010,X
010J-1S-10,WHC,TCG,S,GR1,RCG,PCG,SLCG,7,الشعر,010,X
010J-2S-10,WHC,TCG,S,GR1,RCG,PCG,SLCG,7,الشعر,010,X
010J-3S-10,WHC,TCG,S,GR1,RCG,PCG,SLCG,7,الشعر,010,X
010J-4S-10,WHC,TCG,S,GR1,RCG,PCG,SLCG,7,الشعر,010,X
010J-5S-10,WHC,TCG,S,GR1,RCG,PCG,SLCG,7,الشعر,010,X
010K-1S-11,WHC,TCG,S,GR1,RCG,PCG,SLCG,7,الشعر,010,X
010K-2S-11,WHC,TCG,S,GR1,RCG,PCG,SLCG,7,الشعر,010,X
010K-3S-11,WHC,TCG,S,GR1,RCG,PCG,SLCG,7,الشعر,010,X
010K-4S-11,WHC,TCG,S,GR1,RCG,PCG,SLCG,7,الشعر,010,X
010K-5S-11,WHC,TCG,S,GR1,RCG,PCG,SLCG,7,الشعر,010,X
010L-1S-12,WHC,TCG,S,GR1,RCG,PCG,SLCG,7,الشعر,010,X
010L-2S-12,WHC,TCG,S,GR1,RCG,PCG,SLCG,7,الشعر,010,X
010L-3S-12,WHC,TCG,S,GR1,RCG,PCG,SLCG,7,الشعر,010,X
010L-4S-12,WHC,TCG,S,GR1,RCG,PCG,SLCG,7,الشعر,010,X
010L-5S-12,WHC,TCG,S,GR1,RCG,PCG,SLCG,7,الشعر,010,X
010M-1S-13,WHC,TCG,S,GR1,RCG,PCG,SLCG,7,الشعر,010,X
010M-2S-13,WHC,TCG,S,GR1,RCG,PCG,SLCG,7,الشعر,010,X
010M-3S-13,WHC,TCG,S,GR1,RCG,PCG,SLCG,7,الشعر,010,X
010M-4S-13,WHC,TCG,S,GR1,RCG,PCG,SLCG,7,الشعر,010,X
010M-5S-13,WHC,TCG,S,GR1,RCG,PCG,SLCG,7,الشعر,010,X
010N-1S-14,WHC,TCG,S,GR1,RCG,PCG,SLCG,7,الشعر,010,X
010N-2S-14,WHC,TCG,S,GR1,RCG,PCG,SLCG,7,الشعر,010,X
010N-3S-14,WHC,TCG,S,GR1,RCG,PCG,SLCG,7,الشعر,010,X
010N-4S-14,WHC,TCG,S,GR1,RCG,PCG,SLCG,7,الشعر,010,X
010N-5S-14,WHC,TCG,S,GR1,RCG,PCG,SLCG,7,الشعر,010,X
010O-1S-15,WHC,TCG,S,GR1,RCG,PCG,SLCG,7,الشعر,010,X
010O-2S-15,WHC,TCG,S,GR1,RCG,PCG,SLCG,7,الشعر,010,X
010O-2S-19,WHC,TCG,S,GR1,RCG,PCG,SLCG,7,الشعر,010,X
010O-3S-15,WHC,TCG,S,GR1,RCG,PCG,SLCG,7,الشعر,010,X
010O-4S-10,WHC,TCG,S,GR1,RCG,PCG,SLCG,7,الشعر,010,X
010O-4S-15,WHC,TCG,S,GR1,RCG,PCG,SLCG,7,الشعر,010,X
010O-5S-15,WHC,TCG,S,GR1,RCG,PCG,SLCG,7,الشعر,010,X
010P-1S-16,WHC,TCG,S,GR1,RCG,PCG,SLCG,7,الشعر,010,X
010P-2S-16,WHC,TCG,S,GR1,RCG,PCG,SLCG,7,الشعر,010,X
010P-3S-16,WHC,TCG,S,GR1,RCG,PCG,SLCG,7,الشعر,010,X
010P-4S-16,WHC,TCG,S,GR1,RCG,PCG,SLCG,7,الشعر,010,X
010P-5S-16,WHC,TCG,S,GR1,RCG,PCG,SLCG,7,الشعر,010,X
010Q-1S-17,WHC,TCG,S,GR1,RCG,PCG,SLCG,7,الشعر,010,X
010Q-2S-17,WHC,TCG,S,GR1,RCG,PCG,SLCG,7,الشعر,010,X
010Q-3S-17,WHC,TCG,S,GR1,RCG,PCG,SLCG,7,الشعر,010,X
010Q-4S-17,WHC,TCG,S,GR1,RCG,PCG,SLCG,7,الشعر,010,X
010Q-5S-17,WHC,TCG,S,GR1,RCG,PCG,SLCG,7,الشعر,010,X
010R-1S-18,WHC,TCG,S,GR1,RCG,PCG,SLCG,7,الشعر,010,X
010R-2S-18,WHC,TCG,S,GR1,RCG,PCG,SLCG,7,الشعر,010,X
010R-3S-18,WHC,TCG,S,GR1,RCG,PCG,SLCG,7,الشعر,010,X
010R-4S-18,WHC,TCG,S,GR1,RCG,PCG,SLCG,7,الشعر,010,X
010R-5S-18,WHC,TCG,S,GR1,RCG,PCG,SLCG,7,الشعر,010,X
010S-1S-19,WHC,TCG,S,GR1,RCG,PCG,SLCG,7,الشعر,010,X
010S-2S-19,WHC,TCG,S,GR1,RCG,PCG,SLCG,7,الشعر,010,X
010S-3S-19,WHC,TCG,S,GR1,RCG,PCG,SLCG,7,الشعر,010,X
010S-4S-19,WHC,TCG,S,GR1,RCG,PCG,SLCG,7,الشعر,010,X
010S-5S-19,WHC,TCG,S,GR1,RCG,PCG,SLCG,7,الشعر,010,X
010T-1S-20,WHC,TCG,S,GR1,RCG,PCG,SLCG,7,الشعر,010,X
010T-2S-20,WHC,TCG,S,GR1,RCG,PCG,SLCG,7,الشعر,010,X
010T-3S-20,WHC,TCG,S,GR1,RCG,PCG,SLCG,7,الشعر,010,X
010T-4S-20,WHC,TCG,S,GR1,RCG,PCG,SLCG,7,الشعر,010,X
010T-5S-20,WHC,TCG,S,GR1,RCG,PCG,SLCG,7,الشعر,010,X
010U-1S-21,WHC,TCG,S,GR1,RCG,PCG,SLCG,7,الشعر,010,X
010U-2S-21,WHC,TCG,S,GR1,RCG,PCG,SLCG,7,الشعر,010,X
010U-3S-21,WHC,TCG,S,GR1,RCG,PCG,SLCG,7,الشعر,010,X
010U-4S-21,WHC,TCG,S,GR1,RCG,PCG,SLCG,7,الشعر,010,X
010U-5S-21,WHC,TCG,S,GR1,RCG,PCG,SLCG,7,الشعر,010,X
010V-1S-22,WHC,TCG,S,GR1,RCG,PCG,SLCG,7,الشعر,010,X
010V-2S-22,WHC,TCG,S,GR1,RCG,PCG,SLCG,7,الشعر,010,X
010V-3S-22,WHC,TCG,S,GR1,RCG,PCG,SLCG,7,الشعر,010,X
010V-4S-22,WHC,TCG,S,GR1,RCG,PCG,SLCG,7,الشعر,010,X
010V-5S-22,WHC,TCG,S,GR1,RCG,PCG,SLCG,7,الشعر,010,X
010W-1S-23,WHC,TCG,S,GR1,RCG,PCG,SLCG,7,الشعر,010,X
010W-2S-23,WHC,TCG,S,GR1,RCG,PCG,SLCG,7,الشعر,010,X
010W-3S-23,WHC,TCG,S,GR1,RCG,PCG,SLCG,7,الشعر,010,X
010W-4S-23,WHC,TCG,S,GR1,RCG,PCG,SLCG,7,الشعر,010,X
010W-5S-23,WHC,TCG,S,GR1,RCG,PCG,SLCG,7,الشعر,010,X
010X-1S-24,WHC,TCG,S,GR1,RCG,PCG,SLCG,7,الشعر,010,X
010X-2S-24,WHC,TCG,S,GR1,RCG,PCG,SLCG,7,الشعر,010,X
010X-2S-25,WHC,TCG,S,GR1,RCG,PCG,SLCG,7,الشعر,010,X
010X-3S-24,WHC,TCG,S,GR1,RCG,PCG,SLCG,7,الشعر,010,X
010X-4S-24,WHC,TCG,S,GR1,RCG,PCG,SLCG,7,الشعر,010,X
010X-5S-24,WHC,TCG,S,GR1,RCG,PCG,SLCG,7,الشعر,010,X
010Y-1S-25,WHC,TCG,S,GR1,RCG,PCG,SLCG,7,الشعر,010,X
010Y-2S-25,WHC,TCG,S,GR1,RCG,PCG,SLCG,7,الشعر,010,X
010Y-3S-25,WHC,TCG,S,GR1,RCG,PCG,SLCG,7,الشعر,010,X
010Y-4S-25,WHC,TCG,S,GR1,RCG,PCG,SLCG,7,الشعر,010,X
010Y-5S-25,WHC,TCG,S,GR1,RCG,PCG,SLCG,7,الشعر,010,X
011A-1S-01,WHC,TCG,S,GR1,RCG,PCG,SLCG,10,مستلزمات طبية,011,X
011A-2S-01,WHC,TCG,S,GR1,RCG,PCG,SLCG,10,مستلزمات طبية,011,X
011A-3S-01,WHC,TCG,S,GR1,RCG,PCG,SLCG,10,مستلزمات طبية,011,X
011A-4S-01,WHC,TCG,S,GR1,RCG,PCG,SLCG,10,مستلزمات طبية,011,X
011A-5S-01,WHC,TCG,S,GR1,RCG,PCG,SLCG,10,مستلزمات طبية,011,X
011B-1S-02,WHC,TCG,S,GR1,RCG,PCG,SLCG,10,مستلزمات طبية,011,X
011B-2S-02,WHC,TCG,S,GR1,RCG,PCG,SLCG,10,مستلزمات طبية,011,X
011B-3S-02,WHC,TCG,S,GR1,RCG,PCG,SLCG,10,مستلزمات طبية,011,X
011B-4S-02,WHC,TCG,S,GR1,RCG,PCG,SLCG,10,مستلزمات طبية,011,X
011B-5S-02,WHC,TCG,S,GR1,RCG,PCG,SLCG,10,مستلزمات طبية,011,X
011C-1S-03,WHC,TCG,S,GR1,RCG,PCG,SLCG,10,مستلزمات طبية,011,X
011C-2S-03,WHC,TCG,S,GR1,RCG,PCG,SLCG,10,مستلزمات طبية,011,X
011C-3S-03,WHC,TCG,S,GR1,RCG,PCG,SLCG,10,مستلزمات طبية,011,X
011C-4S-03,WHC,TCG,S,GR1,RCG,PCG,SLCG,10,مستلزمات طبية,011,X
011C-5S-03,WHC,TCG,S,GR1,RCG,PCG,SLCG,10,مستلزمات طبية,011,X
011D-1S-04,WHC,TCG,S,GR1,RCG,PCG,SLCG,10,مستلزمات طبية,011,X
011D-2S-04,WHC,TCG,S,GR1,RCG,PCG,SLCG,10,مستلزمات طبية,011,X
011D-3S-04,WHC,TCG,S,GR1,RCG,PCG,SLCG,10,مستلزمات طبية,011,X
011D-4S-04,WHC,TCG,S,GR1,RCG,PCG,SLCG,10,مستلزمات طبية,011,X
011D-5S-04,WHC,TCG,S,GR1,RCG,PCG,SLCG,10,مستلزمات طبية,011,X
011E-1S-05,WHC,TCG,S,GR1,RCG,PCG,SLCG,10,مستلزمات طبية,011,X
011E-2S-05,WHC,TCG,S,GR1,RCG,PCG,SLCG,10,مستلزمات طبية,011,X
011E-3S-05,WHC,TCG,S,GR1,RCG,PCG,SLCG,10,مستلزمات طبية,011,X
011E-4S-05,WHC,TCG,S,GR1,RCG,PCG,SLCG,10,مستلزمات طبية,011,X
011E-5S-05,WHC,TCG,S,GR1,RCG,PCG,SLCG,10,مستلزمات طبية,011,X
011F-1S-06,WHC,TCG,S,GR1,RCG,PCG,SLCG,10,مستلزمات طبية,011,X
011F-2S-06,WHC,TCG,S,GR1,RCG,PCG,SLCG,10,مستلزمات طبية,011,X
011F-3S-06,WHC,TCG,S,GR1,RCG,PCG,SLCG,10,مستلزمات طبية,011,X
011F-4S-06,WHC,TCG,S,GR1,RCG,PCG,SLCG,10,مستلزمات طبية,011,X
011F-5S-06,WHC,TCG,S,GR1,RCG,PCG,SLCG,10,مستلزمات طبية,011,X
011G-1S-07,WHC,TCG,S,GR1,RCG,PCG,SLCG,10,مستلزمات طبية,011,X
011G-2S-07,WHC,TCG,S,GR1,RCG,PCG,SLCG,10,مستلزمات طبية,011,X
011G-3S-07,WHC,TCG,S,GR1,RCG,PCG,SLCG,10,مستلزمات طبية,011,X
011G-4S-07,WHC,TCG,S,GR1,RCG,PCG,SLCG,10,مستلزمات طبية,011,X
011G-5S-07,WHC,TCG,S,GR1,RCG,PCG,SLCG,10,مستلزمات طبية,011,X
011H-1S-08,WHC,TCG,S,GR1,RCG,PCG,SLCG,10,مستلزمات طبية,011,X
011H-2S-08,WHC,TCG,S,GR1,RCG,PCG,SLCG,10,مستلزمات طبية,011,X
011H-3S-08,WHC,TCG,S,GR1,RCG,PCG,SLCG,10,مستلزمات طبية,011,X
011H-4S-08,WHC,TCG,S,GR1,RCG,PCG,SLCG,10,مستلزمات طبية,011,X
011H-5S-08,WHC,TCG,S,GR1,RCG,PCG,SLCG,10,مستلزمات طبية,011,X
011I-1S-09,WHC,TCG,S,GR1,RCG,PCG,SLCG,10,مستلزمات طبية,011,X
011I-2S-09,WHC,TCG,S,GR1,RCG,PCG,SLCG,10,مستلزمات طبية,011,X
011I-3S-09,WHC,TCG,S,GR1,RCG,PCG,SLCG,10,مستلزمات طبية,011,X
011I-4S-09,WHC,TCG,S,GR1,RCG,PCG,SLCG,10,مستلزمات طبية,011,X
011I-5S-09,WHC,TCG,S,GR1,RCG,PCG,SLCG,10,مستلزمات طبية,011,X
011J-1S-10,WHC,TCG,S,GR1,RCG,PCG,SLCG,10,مستلزمات طبية,011,X
011J-2S-10,WHC,TCG,S,GR1,RCG,PCG,SLCG,10,مستلزمات طبية,011,X
011J-3S-10,WHC,TCG,S,GR1,RCG,PCG,SLCG,10,مستلزمات طبية,011,X
011J-4S-10,WHC,TCG,S,GR1,RCG,PCG,SLCG,10,مستلزمات طبية,011,X
011J-5S-10,WHC,TCG,S,GR1,RCG,PCG,SLCG,10,مستلزمات طبية,011,X
011K-1S-11,WHC,TCG,S,GR1,RCG,PCG,SLCG,10,مستلزمات طبية,011,X
011K-2S-11,WHC,TCG,S,GR1,RCG,PCG,SLCG,10,مستلزمات طبية,011,X
011K-3S-11,WHC,TCG,S,GR1,RCG,PCG,SLCG,10,مستلزمات طبية,011,X
011K-4S-11,WHC,TCG,S,GR1,RCG,PCG,SLCG,10,مستلزمات طبية,011,X
011K-5S-11,WHC,TCG,S,GR1,RCG,PCG,SLCG,10,مستلزمات طبية,011,X
011L-1S-12,WHC,TCG,S,GR1,RCG,PCG,SLCG,10,مستلزمات طبية,011,X
011L-2S-12,WHC,TCG,S,GR1,RCG,PCG,SLCG,10,مستلزمات طبية,011,X
011L-3S-12,WHC,TCG,S,GR1,RCG,PCG,SLCG,10,مستلزمات طبية,011,X
011L-4S-12,WHC,TCG,S,GR1,RCG,PCG,SLCG,10,مستلزمات طبية,011,X
011L-5S-12,WHC,TCG,S,GR1,RCG,PCG,SLCG,10,مستلزمات طبية,011,X
011M-1S-13,WHC,TCG,S,GR1,RCG,PCG,SLCG,10,مستلزمات طبية,011,X
011M-2S-13,WHC,TCG,S,GR1,RCG,PCG,SLCG,10,مستلزمات طبية,011,X
011M-3S-13,WHC,TCG,S,GR1,RCG,PCG,SLCG,10,مستلزمات طبية,011,X
011M-4S-13,WHC,TCG,S,GR1,RCG,PCG,SLCG,10,مستلزمات طبية,011,X
011M-5S-13,WHC,TCG,S,GR1,RCG,PCG,SLCG,10,مستلزمات طبية,011,X
011N-1S-14,WHC,TCG,S,GR1,RCG,PCG,SLCG,10,مستلزمات طبية,011,X
011N-2S-14,WHC,TCG,S,GR1,RCG,PCG,SLCG,10,مستلزمات طبية,011,X
011N-3S-14,WHC,TCG,S,GR1,RCG,PCG,SLCG,10,مستلزمات طبية,011,X
011N-4S-14,WHC,TCG,S,GR1,RCG,PCG,SLCG,10,مستلزمات طبية,011,X
011N-5S-14,WHC,TCG,S,GR1,RCG,PCG,SLCG,10,مستلزمات طبية,011,X
011O-1S-15,WHC,TCG,S,GR1,RCG,PCG,SLCG,10,مستلزمات طبية,011,X
011O-2S-15,WHC,TCG,S,GR1,RCG,PCG,SLCG,10,مستلزمات طبية,011,X
011O-3S-15,WHC,TCG,S,GR1,RCG,PCG,SLCG,10,مستلزمات طبية,011,X
011O-4S-15,WHC,TCG,S,GR1,RCG,PCG,SLCG,10,مستلزمات طبية,011,X
011O-5S-15,WHC,TCG,S,GR1,RCG,PCG,SLCG,10,مستلزمات طبية,011,X
011P-1S-16,WHC,TCG,S,GR1,RCG,PCG,SLCG,10,مستلزمات طبية,011,X
011P-2S-16,WHC,TCG,S,GR1,RCG,PCG,SLCG,10,مستلزمات طبية,011,X
011P-3S-16,WHC,TCG,S,GR1,RCG,PCG,SLCG,10,مستلزمات طبية,011,X
011P-4S-16,WHC,TCG,S,GR1,RCG,PCG,SLCG,10,مستلزمات طبية,011,X
011P-5S-16,WHC,TCG,S,GR1,RCG,PCG,SLCG,10,مستلزمات طبية,011,X
011Q-1S-17,WHC,TCG,S,GR1,RCG,PCG,SLCG,10,مستلزمات طبية,011,X
011Q-2S-17,WHC,TCG,S,GR1,RCG,PCG,SLCG,10,مستلزمات طبية,011,X
011Q-3S-17,WHC,TCG,S,GR1,RCG,PCG,SLCG,10,مستلزمات طبية,011,X
011Q-4S-17,WHC,TCG,S,GR1,RCG,PCG,SLCG,10,مستلزمات طبية,011,X
011Q-5S-17,WHC,TCG,S,GR1,RCG,PCG,SLCG,10,مستلزمات طبية,011,X
011R-1S-18,WHC,TCG,S,GR1,RCG,PCG,SLCG,10,مستلزمات طبية,011,X
011R-2S-18,WHC,TCG,S,GR1,RCG,PCG,SLCG,10,مستلزمات طبية,011,X
011R-3S-18,WHC,TCG,S,GR1,RCG,PCG,SLCG,10,مستلزمات طبية,011,X
011R-4S-18,WHC,TCG,S,GR1,RCG,PCG,SLCG,10,مستلزمات طبية,011,X
011R-5S-18,WHC,TCG,S,GR1,RCG,PCG,SLCG,10,مستلزمات طبية,011,X
011S-1S-19,WHC,TCG,S,GR1,RCG,PCG,SLCG,10,مستلزمات طبية,011,X
011S-2S-19,WHC,TCG,S,GR1,RCG,PCG,SLCG,10,مستلزمات طبية,011,X
011S-3S-19,WHC,TCG,S,GR1,RCG,PCG,SLCG,10,مستلزمات طبية,011,X
011S-4S-19,WHC,TCG,S,GR1,RCG,PCG,SLCG,10,مستلزمات طبية,011,X
011S-5S-19,WHC,TCG,S,GR1,RCG,PCG,SLCG,10,مستلزمات طبية,011,X
011T-1S-20,WHC,TCG,S,GR1,RCG,PCG,SLCG,10,مستلزمات طبية,011,X
011T-2S-20,WHC,TCG,S,GR1,RCG,PCG,SLCG,10,مستلزمات طبية,011,X
011T-3S-20,WHC,TCG,S,GR1,RCG,PCG,SLCG,10,مستلزمات طبية,011,X
011T-4S-20,WHC,TCG,S,GR1,RCG,PCG,SLCG,10,مستلزمات طبية,011,X
011T-5S-20,WHC,TCG,S,GR1,RCG,PCG,SLCG,10,مستلزمات طبية,011,X
011U-1S-21,WHC,TCG,S,GR1,RCG,PCG,SLCG,10,مستلزمات طبية,011,X
011U-2S-21,WHC,TCG,S,GR1,RCG,PCG,SLCG,10,مستلزمات طبية,011,X
011U-3S-21,WHC,TCG,S,GR1,RCG,PCG,SLCG,10,مستلزمات طبية,011,X
011U-4S-21,WHC,TCG,S,GR1,RCG,PCG,SLCG,10,مستلزمات طبية,011,X
011U-5S-21,WHC,TCG,S,GR1,RCG,PCG,SLCG,10,مستلزمات طبية,011,X
011V-1S-22,WHC,TCG,S,GR1,RCG,PCG,SLCG,10,مستلزمات طبية,011,X
011V-2S-22,WHC,TCG,S,GR1,RCG,PCG,SLCG,10,مستلزمات طبية,011,X
011V-3S-22,WHC,TCG,S,GR1,RCG,PCG,SLCG,10,مستلزمات طبية,011,X
011V-4S-22,WHC,TCG,S,GR1,RCG,PCG,SLCG,10,مستلزمات طبية,011,X
011V-5S-22,WHC,TCG,S,GR1,RCG,PCG,SLCG,10,مستلزمات طبية,011,X
011W-1S-23,WHC,TCG,S,GR1,RCG,PCG,SLCG,10,مستلزمات طبية,011,X
011W-2S-23,WHC,TCG,S,GR1,RCG,PCG,SLCG,10,مستلزمات طبية,011,X
011W-3S-23,WHC,TCG,S,GR1,RCG,PCG,SLCG,10,مستلزمات طبية,011,X
011W-4S-23,WHC,TCG,S,GR1,RCG,PCG,SLCG,10,مستلزمات طبية,011,X
011W-5S-23,WHC,TCG,S,GR1,RCG,PCG,SLCG,10,مستلزمات طبية,011,X
011X-1S-24,WHC,TCG,S,GR1,RCG,PCG,SLCG,10,مستلزمات طبية,011,X
011X-2S-24,WHC,TCG,S,GR1,RCG,PCG,SLCG,10,مستلزمات طبية,011,X
011X-3S-24,WHC,TCG,S,GR1,RCG,PCG,SLCG,10,مستلزمات طبية,011,X
011X-4S-24,WHC,TCG,S,GR1,RCG,PCG,SLCG,10,مستلزمات طبية,011,X
011X-5S-24,WHC,TCG,S,GR1,RCG,PCG,SLCG,10,مستلزمات طبية,011,X
011Y-1S-25,WHC,TCG,S,GR1,RCG,PCG,SLCG,10,مستلزمات طبية,011,X
011Y-2S-25,WHC,TCG,S,GR1,RCG,PCG,SLCG,10,مستلزمات طبية,011,X
011Y-3S-25,WHC,TCG,S,GR1,RCG,PCG,SLCG,10,مستلزمات طبية,011,X
011Y-4S-25,WHC,TCG,S,GR1,RCG,PCG,SLCG,10,مستلزمات طبية,011,X
011Y-5S-25,WHC,TCG,S,GR1,RCG,PCG,SLCG,10,مستلزمات طبية,011,X
011Z-1S-26,WHC,TCG,S,GR1,RCG,PCG,SLCG,10,مستلزمات طبية,011,X
011Z-2S-26,WHC,TCG,S,GR1,RCG,PCG,SLCG,10,مستلزمات طبية,011,X
011Z-3S-26,WHC,TCG,S,GR1,RCG,PCG,SLCG,10,مستلزمات طبية,011,X
011Z-4S-26,WHC,TCG,S,GR1,RCG,PCG,SLCG,10,مستلزمات طبية,011,X
011Z-5S-26,WHC,TCG,S,GR1,RCG,PCG,SLCG,10,مستلزمات طبية,011,X
012A-1S-01,WHC,TCG,S,GR1,RCG,PCG,SLCG,10,مستلزمات طبية,012,X
012A-2S-01,WHC,TCG,S,GR1,RCG,PCG,SLCG,10,مستلزمات طبية,012,X
012A-3S-01,WHC,TCG,S,GR1,RCG,PCG,SLCG,10,مستلزمات طبية,012,X
012A-4S-01,WHC,TCG,S,GR1,RCG,PCG,SLCG,10,مستلزمات طبية,012,X
012A-5S-01,WHC,TCG,S,GR1,RCG,PCG,SLCG,10,مستلزمات طبية,012,X
012B-1S-02,WHC,TCG,S,GR1,RCG,PCG,SLCG,10,مستلزمات طبية,012,X
012B-2S-02,WHC,TCG,S,GR1,RCG,PCG,SLCG,10,مستلزمات طبية,012,X
012B-3S-02,WHC,TCG,S,GR1,RCG,PCG,SLCG,10,مستلزمات طبية,012,X
012B-4S-02,WHC,TCG,S,GR1,RCG,PCG,SLCG,10,مستلزمات طبية,012,X
012B-5S-02,WHC,TCG,S,GR1,RCG,PCG,SLCG,10,مستلزمات طبية,012,X
012C-1S-03,WHC,TCG,S,GR1,RCG,PCG,SLCG,10,مستلزمات طبية,012,X
012C-2S-03,WHC,TCG,S,GR1,RCG,PCG,SLCG,10,مستلزمات طبية,012,X
012C-3S-03,WHC,TCG,S,GR1,RCG,PCG,SLCG,10,مستلزمات طبية,012,X
012C-4S-03,WHC,TCG,S,GR1,RCG,PCG,SLCG,10,مستلزمات طبية,012,X
012C-5S-03,WHC,TCG,S,GR1,RCG,PCG,SLCG,10,مستلزمات طبية,012,X
012D-1S-04,WHC,TCG,S,GR1,RCG,PCG,SLCG,10,مستلزمات طبية,012,X
012D-2S-04,WHC,TCG,S,GR1,RCG,PCG,SLCG,10,مستلزمات طبية,012,X
012D-3S-04,WHC,TCG,S,GR1,RCG,PCG,SLCG,10,مستلزمات طبية,012,X
012D-4S-04,WHC,TCG,S,GR1,RCG,PCG,SLCG,10,مستلزمات طبية,012,X
012D-5S-04,WHC,TCG,S,GR1,RCG,PCG,SLCG,10,مستلزمات طبية,012,X
012E-1S-05,WHC,TCG,S,GR1,RCG,PCG,SLCG,10,مستلزمات طبية,012,X
012E-2S-05,WHC,TCG,S,GR1,RCG,PCG,SLCG,10,مستلزمات طبية,012,X
012E-3S-05,WHC,TCG,S,GR1,RCG,PCG,SLCG,10,مستلزمات طبية,012,X
012E-4S-05,WHC,TCG,S,GR1,RCG,PCG,SLCG,10,مستلزمات طبية,012,X
012E-5S-05,WHC,TCG,S,GR1,RCG,PCG,SLCG,10,مستلزمات طبية,012,X
012F-1S-06,WHC,TCG,S,GR1,RCG,PCG,SLCG,10,مستلزمات طبية,012,X
012F-2S-06,WHC,TCG,S,GR1,RCG,PCG,SLCG,10,مستلزمات طبية,012,X
012F-3S-06,WHC,TCG,S,GR1,RCG,PCG,SLCG,10,مستلزمات طبية,012,X
012F-4S-06,WHC,TCG,S,GR1,RCG,PCG,SLCG,10,مستلزمات طبية,012,X
012F-5S-06,WHC,TCG,S,GR1,RCG,PCG,SLCG,10,مستلزمات طبية,012,X
012G-1S-07,WHC,TCG,S,GR1,RCG,PCG,SLCG,10,مستلزمات طبية,012,X
012G-2S-07,WHC,TCG,S,GR1,RCG,PCG,SLCG,10,مستلزمات طبية,012,X
012G-3S-07,WHC,TCG,S,GR1,RCG,PCG,SLCG,10,مستلزمات طبية,012,X
012G-4S-07,WHC,TCG,S,GR1,RCG,PCG,SLCG,10,مستلزمات طبية,012,X
012G-5S-07,WHC,TCG,S,GR1,RCG,PCG,SLCG,10,مستلزمات طبية,012,X
012H-1S-08,WHC,TCG,S,GR1,RCG,PCG,SLCG,10,مستلزمات طبية,012,X
012H-2S-08,WHC,TCG,S,GR1,RCG,PCG,SLCG,10,مستلزمات طبية,012,X
012H-3S-08,WHC,TCG,S,GR1,RCG,PCG,SLCG,10,مستلزمات طبية,012,X
012H-4S-08,WHC,TCG,S,GR1,RCG,PCG,SLCG,10,مستلزمات طبية,012,X
012H-5S-08,WHC,TCG,S,GR1,RCG,PCG,SLCG,10,مستلزمات طبية,012,X
012I-1S-09,WHC,TCG,S,GR1,RCG,PCG,SLCG,10,مستلزمات طبية,012,X
012I-2S-09,WHC,TCG,S,GR1,RCG,PCG,SLCG,10,مستلزمات طبية,012,X
012I-3S-09,WHC,TCG,S,GR1,RCG,PCG,SLCG,10,مستلزمات طبية,012,X
012I-4S-09,WHC,TCG,S,GR1,RCG,PCG,SLCG,10,مستلزمات طبية,012,X
012I-5S-09,WHC,TCG,S,GR1,RCG,PCG,SLCG,10,مستلزمات طبية,012,X
012J-1S-10,WHC,TCG,S,GR1,RCG,PCG,SLCG,10,مستلزمات طبية,012,X
012J-2S-10,WHC,TCG,S,GR1,RCG,PCG,SLCG,10,مستلزمات طبية,012,X
012J-3S-10,WHC,TCG,S,GR1,RCG,PCG,SLCG,10,مستلزمات طبية,012,X
012J-4S-10,WHC,TCG,S,GR1,RCG,PCG,SLCG,10,مستلزمات طبية,012,X
012J-5S-10,WHC,TCG,S,GR1,RCG,PCG,SLCG,10,مستلزمات طبية,012,X
012K-1S-11,WHC,TCG,S,GR1,RCG,PCG,SLCG,10,مستلزمات طبية,012,X
012K-2S-11,WHC,TCG,S,GR1,RCG,PCG,SLCG,10,مستلزمات طبية,012,X
012K-3S-11,WHC,TCG,S,GR1,RCG,PCG,SLCG,10,مستلزمات طبية,012,X
012K-4S-11,WHC,TCG,S,GR1,RCG,PCG,SLCG,10,مستلزمات طبية,012,X
012K-5S-11,WHC,TCG,S,GR1,RCG,PCG,SLCG,10,مستلزمات طبية,012,X
012L-1S-12,WHC,TCG,S,GR1,RCG,PCG,SLCG,10,مستلزمات طبية,012,X
012L-2S-12,WHC,TCG,S,GR1,RCG,PCG,SLCG,10,مستلزمات طبية,012,X
012L-3S-12,WHC,TCG,S,GR1,RCG,PCG,SLCG,10,مستلزمات طبية,012,X
012L-4S-12,WHC,TCG,S,GR1,RCG,PCG,SLCG,10,مستلزمات طبية,012,X
012L-5S-12,WHC,TCG,S,GR1,RCG,PCG,SLCG,10,مستلزمات طبية,012,X
012M-1S-13,WHC,TCG,S,GR1,RCG,PCG,SLCG,10,مستلزمات طبية,012,X
012M-2S-13,WHC,TCG,S,GR1,RCG,PCG,SLCG,10,مستلزمات طبية,012,X
012M-3S-13,WHC,TCG,S,GR1,RCG,PCG,SLCG,10,مستلزمات طبية,012,X
012M-4S-13,WHC,TCG,S,GR1,RCG,PCG,SLCG,10,مستلزمات طبية,012,X
012M-5S-13,WHC,TCG,S,GR1,RCG,PCG,SLCG,10,مستلزمات طبية,012,X
012N-1S-14,WHC,TCG,S,GR1,RCG,PCG,SLCG,10,مستلزمات طبية,012,X
012N-2S-14,WHC,TCG,S,GR1,RCG,PCG,SLCG,10,مستلزمات طبية,012,X
012N-3S-14,WHC,TCG,S,GR1,RCG,PCG,SLCG,10,مستلزمات طبية,012,X
012N-4S-14,WHC,TCG,S,GR1,RCG,PCG,SLCG,10,مستلزمات طبية,012,X
012N-5S-14,WHC,TCG,S,GR1,RCG,PCG,SLCG,10,مستلزمات طبية,012,X
012O-1S-15,WHC,TCG,S,GR1,RCG,PCG,SLCG,10,مستلزمات طبية,012,X
012O-2S-15,WHC,TCG,S,GR1,RCG,PCG,SLCG,10,مستلزمات طبية,012,X
012O-3S-15,WHC,TCG,S,GR1,RCG,PCG,SLCG,10,مستلزمات طبية,012,X
012O-4S-15,WHC,TCG,S,GR1,RCG,PCG,SLCG,10,مستلزمات طبية,012,X
012O-5S-15,WHC,TCG,S,GR1,RCG,PCG,SLCG,10,مستلزمات طبية,012,X
012P-1S-16,WHC,TCG,S,GR1,RCG,PCG,SLCG,10,مستلزمات طبية,012,X
012P-2S-16,WHC,TCG,S,GR1,RCG,PCG,SLCG,10,مستلزمات طبية,012,X
012P-3S-16,WHC,TCG,S,GR1,RCG,PCG,SLCG,10,مستلزمات طبية,012,X
012P-4S-16,WHC,TCG,S,GR1,RCG,PCG,SLCG,10,مستلزمات طبية,012,X
012P-5S-16,WHC,TCG,S,GR1,RCG,PCG,SLCG,10,مستلزمات طبية,012,X
012Q-1S-17,WHC,TCG,S,GR1,RCG,PCG,SLCG,10,مستلزمات طبية,012,X
012Q-2S-17,WHC,TCG,S,GR1,RCG,PCG,SLCG,10,مستلزمات طبية,012,X
012Q-3S-17,WHC,TCG,S,GR1,RCG,PCG,SLCG,10,مستلزمات طبية,012,X
012Q-4S-17,WHC,TCG,S,GR1,RCG,PCG,SLCG,10,مستلزمات طبية,012,X
012Q-5S-17,WHC,TCG,S,GR1,RCG,PCG,SLCG,10,مستلزمات طبية,012,X
012R-1S-18,WHC,TCG,S,GR1,RCG,PCG,SLCG,10,مستلزمات طبية,012,X
012R-2S-18,WHC,TCG,S,GR1,RCG,PCG,SLCG,10,مستلزمات طبية,012,X
012R-3S-18,WHC,TCG,S,GR1,RCG,PCG,SLCG,10,مستلزمات طبية,012,X
012R-4S-18,WHC,TCG,S,GR1,RCG,PCG,SLCG,10,مستلزمات طبية,012,X
012R-5S-18,WHC,TCG,S,GR1,RCG,PCG,SLCG,10,مستلزمات طبية,012,X
012S-1S-19,WHC,TCG,S,GR1,RCG,PCG,SLCG,10,مستلزمات طبية,012,X
012S-2S-19,WHC,TCG,S,GR1,RCG,PCG,SLCG,10,مستلزمات طبية,012,X
012S-3S-19,WHC,TCG,S,GR1,RCG,PCG,SLCG,10,مستلزمات طبية,012,X
012S-4S-19,WHC,TCG,S,GR1,RCG,PCG,SLCG,10,مستلزمات طبية,012,X
012S-5S-19,WHC,TCG,S,GR1,RCG,PCG,SLCG,10,مستلزمات طبية,012,X
012T-1S-20,WHC,TCG,S,GR1,RCG,PCG,SLCG,10,مستلزمات طبية,012,X
012T-2S-20,WHC,TCG,S,GR1,RCG,PCG,SLCG,10,مستلزمات طبية,012,X
012T-3S-20,WHC,TCG,S,GR1,RCG,PCG,SLCG,10,مستلزمات طبية,012,X
012T-4S-20,WHC,TCG,S,GR1,RCG,PCG,SLCG,10,مستلزمات طبية,012,X
012T-5S-20,WHC,TCG,S,GR1,RCG,PCG,SLCG,10,مستلزمات طبية,012,X
012U-1S-21,WHC,TCG,S,GR1,RCG,PCG,SLCG,10,مستلزمات طبية,012,X
012U-2S-21,WHC,TCG,S,GR1,RCG,PCG,SLCG,10,مستلزمات طبية,012,X
012U-3S-21,WHC,TCG,S,GR1,RCG,PCG,SLCG,10,مستلزمات طبية,012,X
012U-4S-21,WHC,TCG,S,GR1,RCG,PCG,SLCG,10,مستلزمات طبية,012,X
012U-5S-21,WHC,TCG,S,GR1,RCG,PCG,SLCG,10,مستلزمات طبية,012,X
012V-1S-22,WHC,TCG,S,GR1,RCG,PCG,SLCG,10,مستلزمات طبية,012,X
012V-2S-22,WHC,TCG,S,GR1,RCG,PCG,SLCG,10,مستلزمات طبية,012,X
012V-3S-22,WHC,TCG,S,GR1,RCG,PCG,SLCG,10,مستلزمات طبية,012,X
012V-4S-22,WHC,TCG,S,GR1,RCG,PCG,SLCG,10,مستلزمات طبية,012,X
012V-5S-22,WHC,TCG,S,GR1,RCG,PCG,SLCG,10,مستلزمات طبية,012,X
012W-1S-23,WHC,TCG,S,GR1,RCG,PCG,SLCG,10,مستلزمات طبية,012,X
012W-2S-23,WHC,TCG,S,GR1,RCG,PCG,SLCG,10,مستلزمات طبية,012,X
012W-3S-23,WHC,TCG,S,GR1,RCG,PCG,SLCG,10,مستلزمات طبية,012,X
012W-4S-23,WHC,TCG,S,GR1,RCG,PCG,SLCG,10,مستلزمات طبية,012,X
012W-5S-23,WHC,TCG,S,GR1,RCG,PCG,SLCG,10,مستلزمات طبية,012,X
013A-1S-01,WHC,TCG,S,GR1,RCG,PCG,SLCG,10,مستلزمات طبية,013,X
013A-2S-01,WHC,TCG,S,GR1,RCG,PCG,SLCG,10,مستلزمات طبية,013,X
013A-3S-01,WHC,TCG,S,GR1,RCG,PCG,SLCG,10,مستلزمات طبية,013,X
013A-4S-01,WHC,TCG,S,GR1,RCG,PCG,SLCG,10,مستلزمات طبية,013,X
013A-5S-01,WHC,TCG,S,GR1,RCG,PCG,SLCG,10,مستلزمات طبية,013,X
013B-1S-02,WHC,TCG,S,GR1,RCG,PCG,SLCG,10,مستلزمات طبية,013,X
013B-2S-02,WHC,TCG,S,GR1,RCG,PCG,SLCG,10,مستلزمات طبية,013,X
013B-3S-02,WHC,TCG,S,GR1,RCG,PCG,SLCG,10,مستلزمات طبية,013,X
013B-4S-02,WHC,TCG,S,GR1,RCG,PCG,SLCG,10,مستلزمات طبية,013,X
013B-5S-02,WHC,TCG,S,GR1,RCG,PCG,SLCG,10,مستلزمات طبية,013,X
013C-1S-03,WHC,TCG,S,GR1,RCG,PCG,SLCG,10,مستلزمات طبية,013,X
013C-2S-03,WHC,TCG,S,GR1,RCG,PCG,SLCG,10,مستلزمات طبية,013,X
013C-3S-03,WHC,TCG,S,GR1,RCG,PCG,SLCG,10,مستلزمات طبية,013,X
013C-4S-03,WHC,TCG,S,GR1,RCG,PCG,SLCG,10,مستلزمات طبية,013,X
013C-5S-03,WHC,TCG,S,GR1,RCG,PCG,SLCG,10,مستلزمات طبية,013,X
013D-1S-04,WHC,TCG,S,GR1,RCG,PCG,SLCG,10,مستلزمات طبية,013,X
013D-2S-04,WHC,TCG,S,GR1,RCG,PCG,SLCG,10,مستلزمات طبية,013,X
013D-3S-04,WHC,TCG,S,GR1,RCG,PCG,SLCG,10,مستلزمات طبية,013,X
013D-4S-04,WHC,TCG,S,GR1,RCG,PCG,SLCG,10,مستلزمات طبية,013,X
013D-5S-04,WHC,TCG,S,GR1,RCG,PCG,SLCG,10,مستلزمات طبية,013,X
013E-1S-05,WHC,TCG,S,GR1,RCG,PCG,SLCG,10,مستلزمات طبية,013,X
013E-2S-05,WHC,TCG,S,GR1,RCG,PCG,SLCG,10,مستلزمات طبية,013,X
013E-3S-05,WHC,TCG,S,GR1,RCG,PCG,SLCG,10,مستلزمات طبية,013,X
013E-4S-05,WHC,TCG,S,GR1,RCG,PCG,SLCG,10,مستلزمات طبية,013,X
013E-5S-05,WHC,TCG,S,GR1,RCG,PCG,SLCG,10,مستلزمات طبية,013,X
013F-1S-06,WHC,TCG,S,GR1,RCG,PCG,SLCG,10,مستلزمات طبية,013,X
013F-2S-06,WHC,TCG,S,GR1,RCG,PCG,SLCG,10,مستلزمات طبية,013,X
013F-3S-06,WHC,TCG,S,GR1,RCG,PCG,SLCG,10,مستلزمات طبية,013,X
013F-4S-06,WHC,TCG,S,GR1,RCG,PCG,SLCG,10,مستلزمات طبية,013,X
013F-5S-06,WHC,TCG,S,GR1,RCG,PCG,SLCG,10,مستلزمات طبية,013,X
013G-1S-07,WHC,TCG,S,GR1,RCG,PCG,SLCG,10,مستلزمات طبية,013,X
013G-2S-07,WHC,TCG,S,GR1,RCG,PCG,SLCG,10,مستلزمات طبية,013,X
013G-3S-07,WHC,TCG,S,GR1,RCG,PCG,SLCG,10,مستلزمات طبية,013,X
013G-4S-07,WHC,TCG,S,GR1,RCG,PCG,SLCG,10,مستلزمات طبية,013,X
013G-5S-07,WHC,TCG,S,GR1,RCG,PCG,SLCG,10,مستلزمات طبية,013,X
013H-1S-08,WHC,TCG,S,GR1,RCG,PCG,SLCG,10,مستلزمات طبية,013,X
013H-2S-08,WHC,TCG,S,GR1,RCG,PCG,SLCG,10,مستلزمات طبية,013,X
013H-3S-08,WHC,TCG,S,GR1,RCG,PCG,SLCG,10,مستلزمات طبية,013,X
013H-4S-08,WHC,TCG,S,GR1,RCG,PCG,SLCG,10,مستلزمات طبية,013,X
013H-5S-08,WHC,TCG,S,GR1,RCG,PCG,SLCG,10,مستلزمات طبية,013,X
013I-1S-09,WHC,TCG,S,GR1,RCG,PCG,SLCG,10,مستلزمات طبية,013,X
013I-2S-09,WHC,TCG,S,GR1,RCG,PCG,SLCG,10,مستلزمات طبية,013,X
013I-3S-09,WHC,TCG,S,GR1,RCG,PCG,SLCG,10,مستلزمات طبية,013,X
013I-4S-09,WHC,TCG,S,GR1,RCG,PCG,SLCG,10,مستلزمات طبية,013,X
013I-5S-09,WHC,TCG,S,GR1,RCG,PCG,SLCG,10,مستلزمات طبية,013,X
013J-1S-10,WHC,TCG,S,GR1,RCG,PCG,SLCG,10,مستلزمات طبية,013,X
013J-2S-10,WHC,TCG,S,GR1,RCG,PCG,SLCG,10,مستلزمات طبية,013,X
013J-3S-10,WHC,TCG,S,GR1,RCG,PCG,SLCG,10,مستلزمات طبية,013,X
013J-4S-10,WHC,TCG,S,GR1,RCG,PCG,SLCG,10,مستلزمات طبية,013,X
013J-5S-10,WHC,TCG,S,GR1,RCG,PCG,SLCG,10,مستلزمات طبية,013,X
013K-1S-11,WHC,TCG,S,GR1,RCG,PCG,SLCG,10,مستلزمات طبية,013,X
013K-2S-11,WHC,TCG,S,GR1,RCG,PCG,SLCG,10,مستلزمات طبية,013,X
013K-3S-11,WHC,TCG,S,GR1,RCG,PCG,SLCG,10,مستلزمات طبية,013,X
013K-4S-11,WHC,TCG,S,GR1,RCG,PCG,SLCG,10,مستلزمات طبية,013,X
013K-5S-11,WHC,TCG,S,GR1,RCG,PCG,SLCG,10,مستلزمات طبية,013,X
013L-1S-12,WHC,TCG,S,GR1,RCG,PCG,SLCG,10,مستلزمات طبية,013,X
013L-2S-12,WHC,TCG,S,GR1,RCG,PCG,SLCG,10,مستلزمات طبية,013,X
013L-3S-12,WHC,TCG,S,GR1,RCG,PCG,SLCG,10,مستلزمات طبية,013,X
013L-4S-12,WHC,TCG,S,GR1,RCG,PCG,SLCG,10,مستلزمات طبية,013,X
013L-5S-12,WHC,TCG,S,GR1,RCG,PCG,SLCG,10,مستلزمات طبية,013,X
013M-1S-13,WHC,TCG,S,GR1,RCG,PCG,SLCG,10,مستلزمات طبية,013,X
013M-2S-13,WHC,TCG,S,GR1,RCG,PCG,SLCG,10,مستلزمات طبية,013,X
013M-3S-13,WHC,TCG,S,GR1,RCG,PCG,SLCG,10,مستلزمات طبية,013,X
013M-4S-13,WHC,TCG,S,GR1,RCG,PCG,SLCG,10,مستلزمات طبية,013,X
013M-5S-13,WHC,TCG,S,GR1,RCG,PCG,SLCG,10,مستلزمات طبية,013,X
013N-1S-14,WHC,TCG,S,GR1,RCG,PCG,SLCG,10,مستلزمات طبية,013,X
013N-2S-14,WHC,TCG,S,GR1,RCG,PCG,SLCG,10,مستلزمات طبية,013,X
013N-3S-14,WHC,TCG,S,GR1,RCG,PCG,SLCG,10,مستلزمات طبية,013,X
013N-4S-14,WHC,TCG,S,GR1,RCG,PCG,SLCG,10,مستلزمات طبية,013,X
013N-5S-14,WHC,TCG,S,GR1,RCG,PCG,SLCG,10,مستلزمات طبية,013,X
013O-1S-15,WHC,TCG,S,GR1,RCG,PCG,SLCG,10,مستلزمات طبية,013,X
013O-2S-15,WHC,TCG,S,GR1,RCG,PCG,SLCG,10,مستلزمات طبية,013,X
013O-3S-15,WHC,TCG,S,GR1,RCG,PCG,SLCG,10,مستلزمات طبية,013,X
013O-4S-15,WHC,TCG,S,GR1,RCG,PCG,SLCG,10,مستلزمات طبية,013,X
013O-5S-15,WHC,TCG,S,GR1,RCG,PCG,SLCG,10,مستلزمات طبية,013,X
013P-1S-16,WHC,TCG,S,GR1,RCG,PCG,SLCG,10,مستلزمات طبية,013,X
013P-2S-16,WHC,TCG,S,GR1,RCG,PCG,SLCG,10,مستلزمات طبية,013,X
013P-3S-16,WHC,TCG,S,GR1,RCG,PCG,SLCG,10,مستلزمات طبية,013,X
013P-4S-16,WHC,TCG,S,GR1,RCG,PCG,SLCG,10,مستلزمات طبية,013,X
013P-5S-16,WHC,TCG,S,GR1,RCG,PCG,SLCG,10,مستلزمات طبية,013,X
013Q-1S-01,WHC,TCG,S,GR1,RCG,PCG,SLCG,10,مستلزمات طبية,013,X
013Q-1S-02,WHC,TCG,S,GR1,RCG,PCG,SLCG,10,مستلزمات طبية,013,X
013Q-1S-03,WHC,TCG,S,GR1,RCG,PCG,SLCG,10,مستلزمات طبية,013,X
013Q-1S-04,WHC,TCG,S,GR1,RCG,PCG,SLCG,10,مستلزمات طبية,013,X
013Q-1S-05,WHC,TCG,S,GR1,RCG,PCG,SLCG,10,مستلزمات طبية,013,X
013Q-1S-06,WHC,TCG,S,GR1,RCG,PCG,SLCG,10,مستلزمات طبية,013,X
013Q-1S-07,WHC,TCG,S,GR1,RCG,PCG,SLCG,10,مستلزمات طبية,013,X
013Q-2S-01,WHC,TCG,S,GR1,RCG,PCG,SLCG,10,مستلزمات طبية,013,X
013Q-2S-02,WHC,TCG,S,GR1,RCG,PCG,SLCG,10,مستلزمات طبية,013,X
013Q-2S-03,WHC,TCG,S,GR1,RCG,PCG,SLCG,10,مستلزمات طبية,013,X
013Q-2S-04,WHC,TCG,S,GR1,RCG,PCG,SLCG,10,مستلزمات طبية,013,X
013Q-2S-05,WHC,TCG,S,GR1,RCG,PCG,SLCG,10,مستلزمات طبية,013,X
013Q-2S-06,WHC,TCG,S,GR1,RCG,PCG,SLCG,10,مستلزمات طبية,013,X
013Q-2S-07,WHC,TCG,S,GR1,RCG,PCG,SLCG,10,مستلزمات طبية,013,X
013Q-3S-01,WHC,TCG,S,GR1,RCG,PCG,SLCG,10,مستلزمات طبية,013,X
013Q-3S-02,WHC,TCG,S,GR1,RCG,PCG,SLCG,10,مستلزمات طبية,013,X
013Q-3S-03,WHC,TCG,S,GR1,RCG,PCG,SLCG,10,مستلزمات طبية,013,X
013Q-3S-04,WHC,TCG,S,GR1,RCG,PCG,SLCG,10,مستلزمات طبية,013,X
013Q-3S-05,WHC,TCG,S,GR1,RCG,PCG,SLCG,10,مستلزمات طبية,013,X
013Q-3S-06,WHC,TCG,S,GR1,RCG,PCG,SLCG,10,مستلزمات طبية,013,X
013Q-3S-07,WHC,TCG,S,GR1,RCG,PCG,SLCG,10,مستلزمات طبية,013,X
013Q-4P-01,WHC,TCG,S,GR1,RCG,PCG,SLCG,10,مستلزمات طبية,013,X
013Q-4P-02,WHC,TCG,S,GR1,RCG,PCG,SLCG,10,مستلزمات طبية,013,X
013Q-4P-03,WHC,TCG,S,GR1,RCG,PCG,SLCG,10,مستلزمات طبية,013,X
013Q-5P-01,WHC,TCG,S,GR1,RCG,PCG,SLCG,10,مستلزمات طبية,013,X
013Q-5P-02,WHC,TCG,S,GR1,RCG,PCG,SLCG,10,مستلزمات طبية,013,X
013Q-5P-03,WHC,TCG,S,GR1,RCG,PCG,SLCG,10,مستلزمات طبية,013,X
013R-1S-01,WHC,TCG,S,GR1,RCG,PCG,SLCG,10,مستلزمات طبية,013,X
013R-1S-02,WHC,TCG,S,GR1,RCG,PCG,SLCG,10,مستلزمات طبية,013,X
013R-1S-03,WHC,TCG,S,GR1,RCG,PCG,SLCG,10,مستلزمات طبية,013,X
013R-1S-04,WHC,TCG,S,GR1,RCG,PCG,SLCG,10,مستلزمات طبية,013,X
013R-1S-05,WHC,TCG,S,GR1,RCG,PCG,SLCG,10,مستلزمات طبية,013,X
013R-1S-06,WHC,TCG,S,GR1,RCG,PCG,SLCG,10,مستلزمات طبية,013,X
013R-1S-07,WHC,TCG,S,GR1,RCG,PCG,SLCG,10,مستلزمات طبية,013,X
013R-2S-01,WHC,TCG,S,GR1,RCG,PCG,SLCG,10,مستلزمات طبية,013,X
013R-2S-02,WHC,TCG,S,GR1,RCG,PCG,SLCG,10,مستلزمات طبية,013,X
013R-2S-03,WHC,TCG,S,GR1,RCG,PCG,SLCG,10,مستلزمات طبية,013,X
013R-2S-04,WHC,TCG,S,GR1,RCG,PCG,SLCG,10,مستلزمات طبية,013,X
013R-2S-05,WHC,TCG,S,GR1,RCG,PCG,SLCG,10,مستلزمات طبية,013,X
013R-2S-06,WHC,TCG,S,GR1,RCG,PCG,SLCG,10,مستلزمات طبية,013,X
013R-2S-07,WHC,TCG,S,GR1,RCG,PCG,SLCG,10,مستلزمات طبية,013,X
013R-3S-01,WHC,TCG,S,GR1,RCG,PCG,SLCG,10,مستلزمات طبية,013,X
013R-3S-02,WHC,TCG,S,GR1,RCG,PCG,SLCG,10,مستلزمات طبية,013,X
013R-3S-03,WHC,TCG,S,GR1,RCG,PCG,SLCG,10,مستلزمات طبية,013,X
013R-3S-04,WHC,TCG,S,GR1,RCG,PCG,SLCG,10,مستلزمات طبية,013,X
013R-3S-05,WHC,TCG,S,GR1,RCG,PCG,SLCG,10,مستلزمات طبية,013,X
013R-3S-06,WHC,TCG,S,GR1,RCG,PCG,SLCG,10,مستلزمات طبية,013,X
013R-3S-07,WHC,TCG,S,GR1,RCG,PCG,SLCG,10,مستلزمات طبية,013,X
013R-4P-01,WHC,TCG,S,GR1,RCG,PCG,SLCG,10,مستلزمات طبية,013,X
013R-4P-02,WHC,TCG,S,GR1,RCG,PCG,SLCG,10,مستلزمات طبية,013,X
013R-4P-03,WHC,TCG,S,GR1,RCG,PCG,SLCG,10,مستلزمات طبية,013,X
013R-5P-01,WHC,TCG,S,GR1,RCG,PCG,SLCG,10,مستلزمات طبية,013,X
013R-5P-02,WHC,TCG,S,GR1,RCG,PCG,SLCG,10,مستلزمات طبية,013,X
013R-5P-03,WHC,TCG,S,GR1,RCG,PCG,SLCG,10,مستلزمات طبية,013,X
013S-1S-01,WHC,TCG,S,GR1,RCG,PCG,SLCG,10,مستلزمات طبية,013,X
013S-1S-02,WHC,TCG,S,GR1,RCG,PCG,SLCG,10,مستلزمات طبية,013,X
013S-1S-03,WHC,TCG,S,GR1,RCG,PCG,SLCG,10,مستلزمات طبية,013,X
013S-1S-04,WHC,TCG,S,GR1,RCG,PCG,SLCG,10,مستلزمات طبية,013,X
013S-1S-05,WHC,TCG,S,GR1,RCG,PCG,SLCG,10,مستلزمات طبية,013,X
013S-1S-06,WHC,TCG,S,GR1,RCG,PCG,SLCG,10,مستلزمات طبية,013,X
013S-1S-07,WHC,TCG,S,GR1,RCG,PCG,SLCG,10,مستلزمات طبية,013,X
013S-2S-01,WHC,TCG,S,GR1,RCG,PCG,SLCG,10,مستلزمات طبية,013,X
013S-2S-02,WHC,TCG,S,GR1,RCG,PCG,SLCG,10,مستلزمات طبية,013,X
013S-2S-03,WHC,TCG,S,GR1,RCG,PCG,SLCG,10,مستلزمات طبية,013,X
013S-2S-04,WHC,TCG,S,GR1,RCG,PCG,SLCG,10,مستلزمات طبية,013,X
013S-2S-05,WHC,TCG,S,GR1,RCG,PCG,SLCG,10,مستلزمات طبية,013,X
013S-2S-06,WHC,TCG,S,GR1,RCG,PCG,SLCG,10,مستلزمات طبية,013,X
013S-2S-07,WHC,TCG,S,GR1,RCG,PCG,SLCG,10,مستلزمات طبية,013,X
013S-3S-01,WHC,TCG,S,GR1,RCG,PCG,SLCG,10,مستلزمات طبية,013,X
013S-3S-02,WHC,TCG,S,GR1,RCG,PCG,SLCG,10,مستلزمات طبية,013,X
013S-3S-03,WHC,TCG,S,GR1,RCG,PCG,SLCG,10,مستلزمات طبية,013,X
013S-3S-04,WHC,TCG,S,GR1,RCG,PCG,SLCG,10,مستلزمات طبية,013,X
013S-3S-05,WHC,TCG,S,GR1,RCG,PCG,SLCG,10,مستلزمات طبية,013,X
013S-3S-06,WHC,TCG,S,GR1,RCG,PCG,SLCG,10,مستلزمات طبية,013,X
013S-3S-07,WHC,TCG,S,GR1,RCG,PCG,SLCG,10,مستلزمات طبية,013,X
013S-4P-01,WHC,TCG,S,GR1,RCG,PCG,SLCG,10,مستلزمات طبية,013,X
013S-4P-02,WHC,TCG,S,GR1,RCG,PCG,SLCG,10,مستلزمات طبية,013,X
013S-4P-03,WHC,TCG,S,GR1,RCG,PCG,SLCG,10,مستلزمات طبية,013,X
013S-5P-01,WHC,TCG,S,GR1,RCG,PCG,SLCG,10,مستلزمات طبية,013,X
013S-5P-02,WHC,TCG,S,GR1,RCG,PCG,SLCG,10,مستلزمات طبية,013,X
013S-5P-03,WHC,TCG,S,GR1,RCG,PCG,SLCG,10,مستلزمات طبية,013,X
013T-1S-01,WHC,TCG,S,GR1,RCG,PCG,SLCG,10,مستلزمات طبية,013,X
013T-1S-02,WHC,TCG,S,GR1,RCG,PCG,SLCG,10,مستلزمات طبية,013,X
013T-1S-03,WHC,TCG,S,GR1,RCG,PCG,SLCG,10,مستلزمات طبية,013,X
013T-1S-04,WHC,TCG,S,GR1,RCG,PCG,SLCG,10,مستلزمات طبية,013,X
013T-1S-05,WHC,TCG,S,GR1,RCG,PCG,SLCG,10,مستلزمات طبية,013,X
013T-1S-06,WHC,TCG,S,GR1,RCG,PCG,SLCG,10,مستلزمات طبية,013,X
013T-1S-07,WHC,TCG,S,GR1,RCG,PCG,SLCG,10,مستلزمات طبية,013,X
013T-2S-01,WHC,TCG,S,GR1,RCG,PCG,SLCG,10,مستلزمات طبية,013,X
013T-2S-02,WHC,TCG,S,GR1,RCG,PCG,SLCG,10,مستلزمات طبية,013,X
013T-2S-03,WHC,TCG,S,GR1,RCG,PCG,SLCG,10,مستلزمات طبية,013,X
013T-2S-04,WHC,TCG,S,GR1,RCG,PCG,SLCG,10,مستلزمات طبية,013,X
013T-2S-05,WHC,TCG,S,GR1,RCG,PCG,SLCG,10,مستلزمات طبية,013,X
013T-2S-06,WHC,TCG,S,GR1,RCG,PCG,SLCG,10,مستلزمات طبية,013,X
013T-2S-07,WHC,TCG,S,GR1,RCG,PCG,SLCG,10,مستلزمات طبية,013,X
013T-3S-01,WHC,TCG,S,GR1,RCG,PCG,SLCG,10,مستلزمات طبية,013,X
013T-3S-02,WHC,TCG,S,GR1,RCG,PCG,SLCG,10,مستلزمات طبية,013,X
013T-3S-03,WHC,TCG,S,GR1,RCG,PCG,SLCG,10,مستلزمات طبية,013,X
013T-3S-04,WHC,TCG,S,GR1,RCG,PCG,SLCG,10,مستلزمات طبية,013,X
013T-3S-05,WHC,TCG,S,GR1,RCG,PCG,SLCG,10,مستلزمات طبية,013,X
013T-3S-06,WHC,TCG,S,GR1,RCG,PCG,SLCG,10,مستلزمات طبية,013,X
013T-3S-07,WHC,TCG,S,GR1,RCG,PCG,SLCG,10,مستلزمات طبية,013,X
013T-4P-01,WHC,TCG,S,GR1,RCG,PCG,SLCG,10,مستلزمات طبية,013,X
013T-4P-02,WHC,TCG,S,GR1,RCG,PCG,SLCG,10,مستلزمات طبية,013,X
013T-4P-03,WHC,TCG,S,GR1,RCG,PCG,SLCG,10,مستلزمات طبية,013,X
013T-5P-01,WHC,TCG,S,GR1,RCG,PCG,SLCG,10,مستلزمات طبية,013,X
013T-5P-02,WHC,TCG,S,GR1,RCG,PCG,SLCG,10,مستلزمات طبية,013,X
013T-5P-03,WHC,TCG,S,GR1,RCG,PCG,SLCG,10,مستلزمات طبية,013,X
014A-1S-01,WHC,TCG,S,GR1,RCG,PCG,SLCG,10,مستلزمات طبية,014,X
014A-2S-01,WHC,TCG,S,GR1,RCG,PCG,SLCG,10,مستلزمات طبية,014,X
014A-3S-01,WHC,TCG,S,GR1,RCG,PCG,SLCG,10,مستلزمات طبية,014,X
014A-4S-01,WHC,TCG,S,GR1,RCG,PCG,SLCG,10,مستلزمات طبية,014,X
014A-5S-01,WHC,TCG,S,GR1,RCG,PCG,SLCG,10,مستلزمات طبية,014,X
014B-1S-02,WHC,TCG,S,GR1,RCG,PCG,SLCG,10,مستلزمات طبية,014,X
014B-2S-02,WHC,TCG,S,GR1,RCG,PCG,SLCG,10,مستلزمات طبية,014,X
014B-3S-02,WHC,TCG,S,GR1,RCG,PCG,SLCG,10,مستلزمات طبية,014,X
014B-4S-02,WHC,TCG,S,GR1,RCG,PCG,SLCG,10,مستلزمات طبية,014,X
014B-5S-02,WHC,TCG,S,GR1,RCG,PCG,SLCG,10,مستلزمات طبية,014,X
014C-1S-03,WHC,TCG,S,GR1,RCG,PCG,SLCG,10,مستلزمات طبية,014,X
014C-2S-03,WHC,TCG,S,GR1,RCG,PCG,SLCG,10,مستلزمات طبية,014,X
014C-3S-03,WHC,TCG,S,GR1,RCG,PCG,SLCG,10,مستلزمات طبية,014,X
014C-4S-03,WHC,TCG,S,GR1,RCG,PCG,SLCG,10,مستلزمات طبية,014,X
014C-5S-03,WHC,TCG,S,GR1,RCG,PCG,SLCG,10,مستلزمات طبية,014,X
014D-1S-04,WHC,TCG,S,GR1,RCG,PCG,SLCG,10,مستلزمات طبية,014,X
014D-2S-04,WHC,TCG,S,GR1,RCG,PCG,SLCG,10,مستلزمات طبية,014,X
014D-3S-04,WHC,TCG,S,GR1,RCG,PCG,SLCG,10,مستلزمات طبية,014,X
014D-4S-04,WHC,TCG,S,GR1,RCG,PCG,SLCG,10,مستلزمات طبية,014,X
014D-5S-04,WHC,TCG,S,GR1,RCG,PCG,SLCG,10,مستلزمات طبية,014,X
014E-1S-05,WHC,TCG,S,GR1,RCG,PCG,SLCG,10,مستلزمات طبية,014,X
014E-2S-05,WHC,TCG,S,GR1,RCG,PCG,SLCG,10,مستلزمات طبية,014,X
014E-3S-05,WHC,TCG,S,GR1,RCG,PCG,SLCG,10,مستلزمات طبية,014,X
014E-4S-05,WHC,TCG,S,GR1,RCG,PCG,SLCG,10,مستلزمات طبية,014,X
014E-5S-05,WHC,TCG,S,GR1,RCG,PCG,SLCG,10,مستلزمات طبية,014,X
014F-1S-06,WHC,TCG,S,GR1,RCG,PCG,SLCG,10,مستلزمات طبية,014,X
014F-2S-06,WHC,TCG,S,GR1,RCG,PCG,SLCG,10,مستلزمات طبية,014,X
014F-3S-06,WHC,TCG,S,GR1,RCG,PCG,SLCG,10,مستلزمات طبية,014,X
014F-4S-06,WHC,TCG,S,GR1,RCG,PCG,SLCG,10,مستلزمات طبية,014,X
014F-5S-06,WHC,TCG,S,GR1,RCG,PCG,SLCG,10,مستلزمات طبية,014,X
014G-1S-07,WHC,TCG,S,GR1,RCG,PCG,SLCG,10,مستلزمات طبية,014,X
014G-2S-07,WHC,TCG,S,GR1,RCG,PCG,SLCG,10,مستلزمات طبية,014,X
014G-3S-07,WHC,TCG,S,GR1,RCG,PCG,SLCG,10,مستلزمات طبية,014,X
014G-4S-07,WHC,TCG,S,GR1,RCG,PCG,SLCG,10,مستلزمات طبية,014,X
014G-5S-07,WHC,TCG,S,GR1,RCG,PCG,SLCG,10,مستلزمات طبية,014,X
014H-1S-08,WHC,TCG,S,GR1,RCG,PCG,SLCG,10,مستلزمات طبية,014,X
014H-2S-08,WHC,TCG,S,GR1,RCG,PCG,SLCG,10,مستلزمات طبية,014,X
014H-3S-08,WHC,TCG,S,GR1,RCG,PCG,SLCG,10,مستلزمات طبية,014,X
014H-4S-08,WHC,TCG,S,GR1,RCG,PCG,SLCG,10,مستلزمات طبية,014,X
014H-5S-08,WHC,TCG,S,GR1,RCG,PCG,SLCG,10,مستلزمات طبية,014,X
014I-1S-09,WHC,TCG,S,GR1,RCG,PCG,SLCG,10,مستلزمات طبية,014,X
014I-2S-09,WHC,TCG,S,GR1,RCG,PCG,SLCG,10,مستلزمات طبية,014,X
014I-3S-09,WHC,TCG,S,GR1,RCG,PCG,SLCG,10,مستلزمات طبية,014,X
014I-4S-09,WHC,TCG,S,GR1,RCG,PCG,SLCG,10,مستلزمات طبية,014,X
014I-5S-09,WHC,TCG,S,GR1,RCG,PCG,SLCG,10,مستلزمات طبية,014,X
014J-1S-10,WHC,TCG,S,GR1,RCG,PCG,SLCG,10,مستلزمات طبية,014,X
014J-2S-10,WHC,TCG,S,GR1,RCG,PCG,SLCG,10,مستلزمات طبية,014,X
014J-3S-10,WHC,TCG,S,GR1,RCG,PCG,SLCG,10,مستلزمات طبية,014,X
014J-4S-10,WHC,TCG,S,GR1,RCG,PCG,SLCG,10,مستلزمات طبية,014,X
014J-5S-10,WHC,TCG,S,GR1,RCG,PCG,SLCG,10,مستلزمات طبية,014,X
014K-1S-11,WHC,TCG,S,GR1,RCG,PCG,SLCG,10,مستلزمات طبية,014,X
014K-2S-11,WHC,TCG,S,GR1,RCG,PCG,SLCG,10,مستلزمات طبية,014,X
014K-3S-11,WHC,TCG,S,GR1,RCG,PCG,SLCG,10,مستلزمات طبية,014,X
014K-4S-11,WHC,TCG,S,GR1,RCG,PCG,SLCG,10,مستلزمات طبية,014,X
014K-5S-11,WHC,TCG,S,GR1,RCG,PCG,SLCG,10,مستلزمات طبية,014,X
014L-1S-12,WHC,TCG,S,GR1,RCG,PCG,SLCG,10,مستلزمات طبية,014,X
014L-2S-12,WHC,TCG,S,GR1,RCG,PCG,SLCG,10,مستلزمات طبية,014,X
014L-3S-12,WHC,TCG,S,GR1,RCG,PCG,SLCG,10,مستلزمات طبية,014,X
014L-4S-12,WHC,TCG,S,GR1,RCG,PCG,SLCG,10,مستلزمات طبية,014,X
014L-5S-12,WHC,TCG,S,GR1,RCG,PCG,SLCG,10,مستلزمات طبية,014,X
014M-2P-01,WHC,TCG,S,GR1,RCG,PCG,SLCG,10,مستلزمات طبية,014,X
014M-2P-02,WHC,TCG,S,GR1,RCG,PCG,SLCG,10,مستلزمات طبية,014,X
014M-2P-03,WHC,TCG,S,GR1,RCG,PCG,SLCG,10,مستلزمات طبية,014,X
014M-3P-01,WHC,TCG,S,GR1,RCG,PCG,SLCG,10,مستلزمات طبية,014,X
014M-3P-02,WHC,TCG,S,GR1,RCG,PCG,SLCG,10,مستلزمات طبية,014,X
014M-3P-03,WHC,TCG,S,GR1,RCG,PCG,SLCG,10,مستلزمات طبية,014,X
014N-1P-01,WHC,TCG,S,GR1,RCG,PCG,SLCG,10,مستلزمات طبية,014,X
014N-1P-02,WHC,TCG,S,GR1,RCG,PCG,SLCG,10,مستلزمات طبية,014,X
014N-1P-03,WHC,TCG,S,GR1,RCG,PCG,SLCG,10,مستلزمات طبية,014,X
014N-2P-01,WHC,TCG,S,GR1,RCG,PCG,SLCG,10,مستلزمات طبية,014,X
014N-2P-02,WHC,TCG,S,GR1,RCG,PCG,SLCG,10,مستلزمات طبية,014,X
014N-2P-03,WHC,TCG,S,GR1,RCG,PCG,SLCG,10,مستلزمات طبية,014,X
014N-3P-01,WHC,TCG,S,GR1,RCG,PCG,SLCG,10,مستلزمات طبية,014,X
014N-3P-02,WHC,TCG,S,GR1,RCG,PCG,SLCG,10,مستلزمات طبية,014,X
014N-3P-03,WHC,TCG,S,GR1,RCG,PCG,SLCG,10,مستلزمات طبية,014,X
014O-1P-01,WHC,TCG,S,GR1,RCG,PCG,SLCG,10,مستلزمات طبية,014,X
014O-1P-02,WHC,TCG,S,GR1,RCG,PCG,SLCG,10,مستلزمات طبية,014,X
014O-1P-03,WHC,TCG,S,GR1,RCG,PCG,SLCG,10,مستلزمات طبية,014,X
014O-2P-01,WHC,TCG,S,GR1,RCG,PCG,SLCG,10,مستلزمات طبية,014,X
014O-2P-02,WHC,TCG,S,GR1,RCG,PCG,SLCG,10,مستلزمات طبية,014,X
014O-2P-03,WHC,TCG,S,GR1,RCG,PCG,SLCG,10,مستلزمات طبية,014,X
014O-3P-01,WHC,TCG,S,GR1,RCG,PCG,SLCG,10,مستلزمات طبية,014,X
014O-3P-02,WHC,TCG,S,GR1,RCG,PCG,SLCG,10,مستلزمات طبية,014,X
014O-3P-03,WHC,TCG,S,GR1,RCG,PCG,SLCG,10,مستلزمات طبية,014,X
014P-1P-01,WHC,TCG,S,GR1,RCG,PCG,SLCG,10,مستلزمات طبية,014,X
014P-1P-02,WHC,TCG,S,GR1,RCG,PCG,SLCG,10,مستلزمات طبية,014,X
014P-1P-03,WHC,TCG,S,GR1,RCG,PCG,SLCG,10,مستلزمات طبية,014,X
014P-2P-01,WHC,TCG,S,GR1,RCG,PCG,SLCG,10,مستلزمات طبية,014,X
014P-2P-02,WHC,TCG,S,GR1,RCG,PCG,SLCG,10,مستلزمات طبية,014,X
014P-2P-03,WHC,TCG,S,GR1,RCG,PCG,SLCG,10,مستلزمات طبية,014,X
014P-3P-01,WHC,TCG,S,GR1,RCG,PCG,SLCG,10,مستلزمات طبية,014,X
014P-3P-02,WHC,TCG,S,GR1,RCG,PCG,SLCG,10,مستلزمات طبية,014,X
014P-3P-03,WHC,TCG,S,GR1,RCG,PCG,SLCG,10,مستلزمات طبية,014,X
015A-1P-01,WHC,TCG,P,GR1,RCG,PCG,SLCG,13,ورقيات,015,X
015A-1P-02,WHC,TCG,P,GR1,RCG,PCG,SLCG,13,ورقيات,015,X
015A-1P-03,WHC,TCG,P,GR1,RCG,PCG,SLCG,13,ورقيات,015,X
015A-2P-01,WHC,TCG,P,GR1,RCG,PCG,SLCG,13,ورقيات,015,X
015A-2P-02,WHC,TCG,P,GR1,RCG,PCG,SLCG,13,ورقيات,015,X
015A-2P-03,WHC,TCG,P,GR1,RCG,PCG,SLCG,13,ورقيات,015,X
015A-3P-01,WHC,TCG,P,GR1,RCG,PCG,SLCG,13,ورقيات,015,X
015A-3P-02,WHC,TCG,P,GR1,RCG,PCG,SLCG,13,ورقيات,015,X
015A-3P-03,WHC,TCG,P,GR1,RCG,PCG,SLCG,13,ورقيات,015,X
015B-1P-01,WHC,TCG,P,GR1,RCG,PCG,SLCG,13,ورقيات,015,X
015B-1P-02,WHC,TCG,P,GR1,RCG,PCG,SLCG,13,ورقيات,015,X
015B-1P-03,WHC,TCG,P,GR1,RCG,PCG,SLCG,13,ورقيات,015,X
015B-2P-01,WHC,TCG,P,GR1,RCG,PCG,SLCG,13,ورقيات,015,X
015B-2P-02,WHC,TCG,P,GR1,RCG,PCG,SLCG,13,ورقيات,015,X
015B-2P-03,WHC,TCG,P,GR1,RCG,PCG,SLCG,13,ورقيات,015,X
015B-3P-01,WHC,TCG,P,GR1,RCG,PCG,SLCG,13,ورقيات,015,X
015B-3P-02,WHC,TCG,P,GR1,RCG,PCG,SLCG,13,ورقيات,015,X
015B-3P-03,WHC,TCG,P,GR1,RCG,PCG,SLCG,13,ورقيات,015,X
015C-1P-01,WHC,TCG,P,GR1,RCG,PCG,SLCG,13,ورقيات,015,X
015C-1P-02,WHC,TCG,P,GR1,RCG,PCG,SLCG,13,ورقيات,015,X
015C-1P-03,WHC,TCG,P,GR1,RCG,PCG,SLCG,13,ورقيات,015,X
015C-2P-01,WHC,TCG,P,GR1,RCG,PCG,SLCG,13,ورقيات,015,X
015C-2P-02,WHC,TCG,P,GR1,RCG,PCG,SLCG,13,ورقيات,015,X
015C-2P-03,WHC,TCG,P,GR1,RCG,PCG,SLCG,13,ورقيات,015,X
015C-3P-01,WHC,TCG,P,GR1,RCG,PCG,SLCG,13,ورقيات,015,X
015C-3P-02,WHC,TCG,P,GR1,RCG,PCG,SLCG,13,ورقيات,015,X
015C-3P-03,WHC,TCG,P,GR1,RCG,PCG,SLCG,13,ورقيات,015,X
015D-1P-01,WHC,TCG,P,GR1,RCG,PCG,SLCG,13,ورقيات,015,X
015D-1P-02,WHC,TCG,P,GR1,RCG,PCG,SLCG,13,ورقيات,015,X
015D-1P-03,WHC,TCG,P,GR1,RCG,PCG,SLCG,13,ورقيات,015,X
015D-2P-01,WHC,TCG,P,GR1,RCG,PCG,SLCG,13,ورقيات,015,X
015D-2P-02,WHC,TCG,P,GR1,RCG,PCG,SLCG,13,ورقيات,015,X
015D-2P-03,WHC,TCG,P,GR1,RCG,PCG,SLCG,13,ورقيات,015,X
015D-3P-01,WHC,TCG,P,GR1,RCG,PCG,SLCG,13,ورقيات,015,X
015D-3P-02,WHC,TCG,P,GR1,RCG,PCG,SLCG,13,ورقيات,015,X
015D-3P-03,WHC,TCG,P,GR1,RCG,PCG,SLCG,13,ورقيات,015,X
015E-1P-01,WHC,TCG,P,GR1,RCG,PCG,SLCG,13,ورقيات,015,X
015E-1P-02,WHC,TCG,P,GR1,RCG,PCG,SLCG,13,ورقيات,015,X
015E-1P-03,WHC,TCG,P,GR1,RCG,PCG,SLCG,13,ورقيات,015,X
015E-2P-01,WHC,TCG,P,GR1,RCG,PCG,SLCG,13,ورقيات,015,X
015E-2P-02,WHC,TCG,P,GR1,RCG,PCG,SLCG,13,ورقيات,015,X
015E-2P-03,WHC,TCG,P,GR1,RCG,PCG,SLCG,13,ورقيات,015,X
015E-3P-01,WHC,TCG,P,GR1,RCG,PCG,SLCG,13,ورقيات,015,X
015E-3P-02,WHC,TCG,P,GR1,RCG,PCG,SLCG,13,ورقيات,015,X
015E-3P-03,WHC,TCG,P,GR1,RCG,PCG,SLCG,13,ورقيات,015,X
015F-1P-01,WHC,TCG,P,GR1,RCG,PCG,SLCG,13,ورقيات,015,X
015F-1P-02,WHC,TCG,P,GR1,RCG,PCG,SLCG,13,ورقيات,015,X
015F-1P-03,WHC,TCG,P,GR1,RCG,PCG,SLCG,13,ورقيات,015,X
015F-2P-01,WHC,TCG,P,GR1,RCG,PCG,SLCG,13,ورقيات,015,X
015F-2P-02,WHC,TCG,P,GR1,RCG,PCG,SLCG,13,ورقيات,015,X
015F-2P-03,WHC,TCG,P,GR1,RCG,PCG,SLCG,13,ورقيات,015,X
015F-3P-01,WHC,TCG,P,GR1,RCG,PCG,SLCG,13,ورقيات,015,X
015F-3P-02,WHC,TCG,P,GR1,RCG,PCG,SLCG,13,ورقيات,015,X
015F-3P-03,WHC,TCG,P,GR1,RCG,PCG,SLCG,13,ورقيات,015,X
015G-1P-01,WHC,TCG,P,GR1,RCG,PCG,SLCG,13,ورقيات,015,X
015G-1P-02,WHC,TCG,P,GR1,RCG,PCG,SLCG,13,ورقيات,015,X
015G-1P-03,WHC,TCG,P,GR1,RCG,PCG,SLCG,13,ورقيات,015,X
015G-2P-01,WHC,TCG,P,GR1,RCG,PCG,SLCG,13,ورقيات,015,X
015G-2P-02,WHC,TCG,P,GR1,RCG,PCG,SLCG,13,ورقيات,015,X
015G-2P-03,WHC,TCG,P,GR1,RCG,PCG,SLCG,13,ورقيات,015,X
015G-3P-01,WHC,TCG,P,GR1,RCG,PCG,SLCG,13,ورقيات,015,X
015G-3P-02,WHC,TCG,P,GR1,RCG,PCG,SLCG,13,ورقيات,015,X
015G-3P-03,WHC,TCG,P,GR1,RCG,PCG,SLCG,13,ورقيات,015,X
015H-1P-01,WHC,TCG,P,GR1,RCG,PCG,SLCG,13,ورقيات,015,X
015H-1P-02,WHC,TCG,P,GR1,RCG,PCG,SLCG,13,ورقيات,015,X
015H-1P-03,WHC,TCG,P,GR1,RCG,PCG,SLCG,13,ورقيات,015,X
015H-2P-01,WHC,TCG,P,GR1,RCG,PCG,SLCG,13,ورقيات,015,X
015H-2P-02,WHC,TCG,P,GR1,RCG,PCG,SLCG,13,ورقيات,015,X
015H-2P-03,WHC,TCG,P,GR1,RCG,PCG,SLCG,13,ورقيات,015,X
015H-3P-01,WHC,TCG,P,GR1,RCG,PCG,SLCG,13,ورقيات,015,X
015H-3P-02,WHC,TCG,P,GR1,RCG,PCG,SLCG,13,ورقيات,015,X
015H-3P-03,WHC,TCG,P,GR1,RCG,PCG,SLCG,13,ورقيات,015,X
015I-1P-01,WHC,TCG,P,GR1,RCG,PCG,SLCG,13,ورقيات,015,X
015I-1P-02,WHC,TCG,P,GR1,RCG,PCG,SLCG,13,ورقيات,015,X
015I-1P-03,WHC,TCG,P,GR1,RCG,PCG,SLCG,13,ورقيات,015,X
015I-2P-01,WHC,TCG,P,GR1,RCG,PCG,SLCG,13,ورقيات,015,X
015I-2P-02,WHC,TCG,P,GR1,RCG,PCG,SLCG,13,ورقيات,015,X
015I-2P-03,WHC,TCG,P,GR1,RCG,PCG,SLCG,13,ورقيات,015,X
015I-3P-01,WHC,TCG,P,GR1,RCG,PCG,SLCG,13,ورقيات,015,X
015I-3P-02,WHC,TCG,P,GR1,RCG,PCG,SLCG,13,ورقيات,015,X
015I-3P-03,WHC,TCG,P,GR1,RCG,PCG,SLCG,13,ورقيات,015,X
015J-3P-01,WHC,TCG,P,GR1,RCG,PCG,SLCG,13,ورقيات,015,X
015J-3P-02,WHC,TCG,P,GR1,RCG,PCG,SLCG,13,ورقيات,015,X
015J-3P-03,WHC,TCG,P,GR1,RCG,PCG,SLCG,13,ورقيات,015,X
015K-3P-01,WHC,TCG,P,GR1,RCG,PCG,SLCG,13,ورقيات,015,X
015K-3P-02,WHC,TCG,P,GR1,RCG,PCG,SLCG,13,ورقيات,015,X
015K-3P-03,WHC,TCG,P,GR1,RCG,PCG,SLCG,13,ورقيات,015,X
016A-1P-01,WHC,TCG,P,GR1,RCG,PCG,SLCG,13,ورقيات,016,X
016A-1P-02,WHC,TCG,P,GR1,RCG,PCG,SLCG,13,ورقيات,016,X
016A-1P-03,WHC,TCG,P,GR1,RCG,PCG,SLCG,13,ورقيات,016,X
016A-2P-01,WHC,TCG,P,GR1,RCG,PCG,SLCG,13,ورقيات,016,X
016A-2P-02,WHC,TCG,P,GR1,RCG,PCG,SLCG,13,ورقيات,016,X
016A-2P-03,WHC,TCG,P,GR1,RCG,PCG,SLCG,13,ورقيات,016,X
016A-3P-01,WHC,TCG,P,GR1,RCG,PCG,SLCG,13,ورقيات,016,X
016A-3P-02,WHC,TCG,P,GR1,RCG,PCG,SLCG,13,ورقيات,016,X
016A-3P-03,WHC,TCG,P,GR1,RCG,PCG,SLCG,13,ورقيات,016,X
016B-1P-01,WHC,TCG,P,GR1,RCG,PCG,SLCG,13,ورقيات,016,X
016B-1P-02,WHC,TCG,P,GR1,RCG,PCG,SLCG,13,ورقيات,016,X
016B-1P-03,WHC,TCG,P,GR1,RCG,PCG,SLCG,13,ورقيات,016,X
016B-2P-01,WHC,TCG,P,GR1,RCG,PCG,SLCG,13,ورقيات,016,X
016B-2P-02,WHC,TCG,P,GR1,RCG,PCG,SLCG,13,ورقيات,016,X
016B-2P-03,WHC,TCG,P,GR1,RCG,PCG,SLCG,13,ورقيات,016,X
016B-3P-01,WHC,TCG,P,GR1,RCG,PCG,SLCG,13,ورقيات,016,X
016B-3P-02,WHC,TCG,P,GR1,RCG,PCG,SLCG,13,ورقيات,016,X
016B-3P-03,WHC,TCG,P,GR1,RCG,PCG,SLCG,13,ورقيات,016,X
016C-1P-01,WHC,TCG,P,GR1,RCG,PCG,SLCG,13,ورقيات,016,X
016C-1P-02,WHC,TCG,P,GR1,RCG,PCG,SLCG,13,ورقيات,016,X
016C-1P-03,WHC,TCG,P,GR1,RCG,PCG,SLCG,13,ورقيات,016,X
016C-2P-01,WHC,TCG,P,GR1,RCG,PCG,SLCG,13,ورقيات,016,X
016C-2P-02,WHC,TCG,P,GR1,RCG,PCG,SLCG,13,ورقيات,016,X
016C-2P-03,WHC,TCG,P,GR1,RCG,PCG,SLCG,13,ورقيات,016,X
016C-3P-01,WHC,TCG,P,GR1,RCG,PCG,SLCG,13,ورقيات,016,X
016C-3P-02,WHC,TCG,P,GR1,RCG,PCG,SLCG,13,ورقيات,016,X
016C-3P-03,WHC,TCG,P,GR1,RCG,PCG,SLCG,13,ورقيات,016,X
016D-1P-01,WHC,TCG,P,GR1,RCG,PCG,SLCG,13,ورقيات,016,X
016D-1P-02,WHC,TCG,P,GR1,RCG,PCG,SLCG,13,ورقيات,016,X
016D-1P-03,WHC,TCG,P,GR1,RCG,PCG,SLCG,13,ورقيات,016,X
016D-2P-01,WHC,TCG,P,GR1,RCG,PCG,SLCG,13,ورقيات,016,X
016D-2P-02,WHC,TCG,P,GR1,RCG,PCG,SLCG,13,ورقيات,016,X
016D-2P-03,WHC,TCG,P,GR1,RCG,PCG,SLCG,13,ورقيات,016,X
016D-3P-01,WHC,TCG,P,GR1,RCG,PCG,SLCG,13,ورقيات,016,X
016D-3P-02,WHC,TCG,P,GR1,RCG,PCG,SLCG,13,ورقيات,016,X
016D-3P-03,WHC,TCG,P,GR1,RCG,PCG,SLCG,13,ورقيات,016,X
016E-1P-01,WHC,TCG,P,GR1,RCG,PCG,SLCG,13,ورقيات,016,X
016E-1P-02,WHC,TCG,P,GR1,RCG,PCG,SLCG,13,ورقيات,016,X
016E-1P-03,WHC,TCG,P,GR1,RCG,PCG,SLCG,13,ورقيات,016,X
016E-2P-01,WHC,TCG,P,GR1,RCG,PCG,SLCG,13,ورقيات,016,X
016E-2P-02,WHC,TCG,P,GR1,RCG,PCG,SLCG,13,ورقيات,016,X
016E-2P-03,WHC,TCG,P,GR1,RCG,PCG,SLCG,13,ورقيات,016,X
016E-3P-01,WHC,TCG,P,GR1,RCG,PCG,SLCG,13,ورقيات,016,X
016E-3P-02,WHC,TCG,P,GR1,RCG,PCG,SLCG,13,ورقيات,016,X
016E-3P-03,WHC,TCG,P,GR1,RCG,PCG,SLCG,13,ورقيات,016,X
016F-1P-01,WHC,TCG,P,GR1,RCG,PCG,SLCG,13,ورقيات,016,X
016F-1P-02,WHC,TCG,P,GR1,RCG,PCG,SLCG,13,ورقيات,016,X
016F-1P-03,WHC,TCG,P,GR1,RCG,PCG,SLCG,13,ورقيات,016,X
016F-2P-01,WHC,TCG,P,GR1,RCG,PCG,SLCG,13,ورقيات,016,X
016F-2P-02,WHC,TCG,P,GR1,RCG,PCG,SLCG,13,ورقيات,016,X
016F-2P-03,WHC,TCG,P,GR1,RCG,PCG,SLCG,13,ورقيات,016,X
016F-3P-01,WHC,TCG,P,GR1,RCG,PCG,SLCG,13,ورقيات,016,X
016F-3P-02,WHC,TCG,P,GR1,RCG,PCG,SLCG,13,ورقيات,016,X
016F-3P-03,WHC,TCG,P,GR1,RCG,PCG,SLCG,13,ورقيات,016,X
016G-1P-01,WHC,TCG,P,GR1,RCG,PCG,SLCG,13,ورقيات,016,X
016G-1P-02,WHC,TCG,P,GR1,RCG,PCG,SLCG,13,ورقيات,016,X
016G-1P-03,WHC,TCG,P,GR1,RCG,PCG,SLCG,13,ورقيات,016,X
016G-2P-01,WHC,TCG,P,GR1,RCG,PCG,SLCG,13,ورقيات,016,X
016G-2P-02,WHC,TCG,P,GR1,RCG,PCG,SLCG,13,ورقيات,016,X
016G-2P-03,WHC,TCG,P,GR1,RCG,PCG,SLCG,13,ورقيات,016,X
016G-3P-01,WHC,TCG,P,GR1,RCG,PCG,SLCG,13,ورقيات,016,X
016G-3P-02,WHC,TCG,P,GR1,RCG,PCG,SLCG,13,ورقيات,016,X
016G-3P-03,WHC,TCG,P,GR1,RCG,PCG,SLCG,13,ورقيات,016,X
017A-1P-01,WHC,TCG,P,GR1,RCG,PCG,SLCG,13,ورقيات,017,X
017A-1P-02,WHC,TCG,P,GR1,RCG,PCG,SLCG,13,ورقيات,017,X
017A-1P-03,WHC,TCG,P,GR1,RCG,PCG,SLCG,13,ورقيات,017,X
017A-2P-01,WHC,TCG,P,GR1,RCG,PCG,SLCG,13,ورقيات,017,X
017A-2P-02,WHC,TCG,P,GR1,RCG,PCG,SLCG,13,ورقيات,017,X
017A-2P-03,WHC,TCG,P,GR1,RCG,PCG,SLCG,13,ورقيات,017,X
017A-3P-01,WHC,TCG,P,GR1,RCG,PCG,SLCG,13,ورقيات,017,X
017A-3P-02,WHC,TCG,P,GR1,RCG,PCG,SLCG,13,ورقيات,017,X
017A-3P-03,WHC,TCG,P,GR1,RCG,PCG,SLCG,13,ورقيات,017,X
017B-1P-01,WHC,TCG,P,GR1,RCG,PCG,SLCG,13,ورقيات,017,X
017B-1P-02,WHC,TCG,P,GR1,RCG,PCG,SLCG,13,ورقيات,017,X
017B-1P-03,WHC,TCG,P,GR1,RCG,PCG,SLCG,13,ورقيات,017,X
017B-2P-01,WHC,TCG,P,GR1,RCG,PCG,SLCG,13,ورقيات,017,X
017B-2P-02,WHC,TCG,P,GR1,RCG,PCG,SLCG,13,ورقيات,017,X
017B-2P-03,WHC,TCG,P,GR1,RCG,PCG,SLCG,13,ورقيات,017,X
017B-3P-01,WHC,TCG,P,GR1,RCG,PCG,SLCG,13,ورقيات,017,X
017B-3P-02,WHC,TCG,P,GR1,RCG,PCG,SLCG,13,ورقيات,017,X
017B-3P-03,WHC,TCG,P,GR1,RCG,PCG,SLCG,13,ورقيات,017,X
017C-1P-01,WHC,TCG,P,GR1,RCG,PCG,SLCG,13,ورقيات,017,X
017C-1P-02,WHC,TCG,P,GR1,RCG,PCG,SLCG,13,ورقيات,017,X
017C-1P-03,WHC,TCG,P,GR1,RCG,PCG,SLCG,13,ورقيات,017,X
017C-2P-01,WHC,TCG,P,GR1,RCG,PCG,SLCG,13,ورقيات,017,X
017C-2P-02,WHC,TCG,P,GR1,RCG,PCG,SLCG,13,ورقيات,017,X
017C-2P-03,WHC,TCG,P,GR1,RCG,PCG,SLCG,13,ورقيات,017,X
017C-3P-01,WHC,TCG,P,GR1,RCG,PCG,SLCG,13,ورقيات,017,X
017C-3P-02,WHC,TCG,P,GR1,RCG,PCG,SLCG,13,ورقيات,017,X
017C-3P-03,WHC,TCG,P,GR1,RCG,PCG,SLCG,13,ورقيات,017,X
017D-1P-01,WHC,TCG,P,GR1,RCG,PCG,SLCG,13,ورقيات,017,X
017D-1P-02,WHC,TCG,P,GR1,RCG,PCG,SLCG,13,ورقيات,017,X
017D-1P-03,WHC,TCG,P,GR1,RCG,PCG,SLCG,13,ورقيات,017,X
017D-2P-01,WHC,TCG,P,GR1,RCG,PCG,SLCG,13,ورقيات,017,X
017D-2P-02,WHC,TCG,P,GR1,RCG,PCG,SLCG,13,ورقيات,017,X
017D-2P-03,WHC,TCG,P,GR1,RCG,PCG,SLCG,13,ورقيات,017,X
017D-3P-01,WHC,TCG,P,GR1,RCG,PCG,SLCG,13,ورقيات,017,X
017D-3P-02,WHC,TCG,P,GR1,RCG,PCG,SLCG,13,ورقيات,017,X
017D-3P-03,WHC,TCG,P,GR1,RCG,PCG,SLCG,13,ورقيات,017,X
017E-1P-01,WHC,TCG,P,GR1,RCG,PCG,SLCG,13,ورقيات,017,X
017E-1P-02,WHC,TCG,P,GR1,RCG,PCG,SLCG,13,ورقيات,017,X
017E-1P-03,WHC,TCG,P,GR1,RCG,PCG,SLCG,13,ورقيات,017,X
017E-2P-01,WHC,TCG,P,GR1,RCG,PCG,SLCG,13,ورقيات,017,X
017E-2P-02,WHC,TCG,P,GR1,RCG,PCG,SLCG,13,ورقيات,017,X
017E-2P-03,WHC,TCG,P,GR1,RCG,PCG,SLCG,13,ورقيات,017,X
017E-3P-01,WHC,TCG,P,GR1,RCG,PCG,SLCG,13,ورقيات,017,X
017E-3P-02,WHC,TCG,P,GR1,RCG,PCG,SLCG,13,ورقيات,017,X
017E-3P-03,WHC,TCG,P,GR1,RCG,PCG,SLCG,13,ورقيات,017,X
017F-1P-01,WHC,TCG,P,GR1,RCG,PCG,SLCG,13,ورقيات,017,X
017F-1P-02,WHC,TCG,P,GR1,RCG,PCG,SLCG,13,ورقيات,017,X
017F-1P-03,WHC,TCG,P,GR1,RCG,PCG,SLCG,13,ورقيات,017,X
017F-2P-01,WHC,TCG,P,GR1,RCG,PCG,SLCG,13,ورقيات,017,X
017F-2P-02,WHC,TCG,P,GR1,RCG,PCG,SLCG,13,ورقيات,017,X
017F-2P-03,WHC,TCG,P,GR1,RCG,PCG,SLCG,13,ورقيات,017,X
017F-3P-01,WHC,TCG,P,GR1,RCG,PCG,SLCG,13,ورقيات,017,X
017F-3P-02,WHC,TCG,P,GR1,RCG,PCG,SLCG,13,ورقيات,017,X
017F-3P-03,WHC,TCG,P,GR1,RCG,PCG,SLCG,13,ورقيات,017,X
017G-1P-01,WHC,TCG,P,GR1,RCG,PCG,SLCG,13,ورقيات,017,X
017G-1P-02,WHC,TCG,P,GR1,RCG,PCG,SLCG,13,ورقيات,017,X
017G-1P-03,WHC,TCG,P,GR1,RCG,PCG,SLCG,13,ورقيات,017,X
017G-2P-01,WHC,TCG,P,GR1,RCG,PCG,SLCG,13,ورقيات,017,X
017G-2P-02,WHC,TCG,P,GR1,RCG,PCG,SLCG,13,ورقيات,017,X
017G-2P-03,WHC,TCG,P,GR1,RCG,PCG,SLCG,13,ورقيات,017,X
017G-3P-01,WHC,TCG,P,GR1,RCG,PCG,SLCG,13,ورقيات,017,X
017G-3P-02,WHC,TCG,P,GR1,RCG,PCG,SLCG,13,ورقيات,017,X
017G-3P-03,WHC,TCG,P,GR1,RCG,PCG,SLCG,13,ورقيات,017,X
017H-1P-01,WHC,TCG,P,GR1,RCG,PCG,SLCG,13,ورقيات,017,X
017H-1P-02,WHC,TCG,P,GR1,RCG,PCG,SLCG,13,ورقيات,017,X
017H-1P-03,WHC,TCG,P,GR1,RCG,PCG,SLCG,13,ورقيات,017,X
017H-2P-01,WHC,TCG,P,GR1,RCG,PCG,SLCG,13,ورقيات,017,X
017H-2P-02,WHC,TCG,P,GR1,RCG,PCG,SLCG,13,ورقيات,017,X
017H-2P-03,WHC,TCG,P,GR1,RCG,PCG,SLCG,13,ورقيات,017,X
017H-3P-01,WHC,TCG,P,GR1,RCG,PCG,SLCG,13,ورقيات,017,X
017H-3P-02,WHC,TCG,P,GR1,RCG,PCG,SLCG,13,ورقيات,017,X
017H-3P-03,WHC,TCG,P,GR1,RCG,PCG,SLCG,13,ورقيات,017,X
017I-1P-01,WHC,TCG,P,GR1,RCG,PCG,SLCG,13,ورقيات,017,X
017I-1P-02,WHC,TCG,P,GR1,RCG,PCG,SLCG,13,ورقيات,017,X
017I-1P-03,WHC,TCG,P,GR1,RCG,PCG,SLCG,13,ورقيات,017,X
017I-2P-01,WHC,TCG,P,GR1,RCG,PCG,SLCG,13,ورقيات,017,X
017I-2P-02,WHC,TCG,P,GR1,RCG,PCG,SLCG,13,ورقيات,017,X
017I-2P-03,WHC,TCG,P,GR1,RCG,PCG,SLCG,13,ورقيات,017,X
017I-3P-01,WHC,TCG,P,GR1,RCG,PCG,SLCG,13,ورقيات,017,X
017I-3P-02,WHC,TCG,P,GR1,RCG,PCG,SLCG,13,ورقيات,017,X
017I-3P-03,WHC,TCG,P,GR1,RCG,PCG,SLCG,13,ورقيات,017,X
017J-1P-01,WHC,TCG,P,GR1,RCG,PCG,SLCG,13,ورقيات,017,X
017J-1P-02,WHC,TCG,P,GR1,RCG,PCG,SLCG,13,ورقيات,017,X
017J-1P-03,WHC,TCG,P,GR1,RCG,PCG,SLCG,13,ورقيات,017,X
017J-2P-01,WHC,TCG,P,GR1,RCG,PCG,SLCG,13,ورقيات,017,X
017J-2P-02,WHC,TCG,P,GR1,RCG,PCG,SLCG,13,ورقيات,017,X
017J-2P-03,WHC,TCG,P,GR1,RCG,PCG,SLCG,13,ورقيات,017,X
017J-3P-01,WHC,TCG,P,GR1,RCG,PCG,SLCG,13,ورقيات,017,X
017J-3P-02,WHC,TCG,P,GR1,RCG,PCG,SLCG,13,ورقيات,017,X
017J-3P-03,WHC,TCG,P,GR1,RCG,PCG,SLCG,13,ورقيات,017,X
017K-3P-01,WHC,TCG,P,GR1,RCG,PCG,SLCG,13,ورقيات,017,X
017K-3P-02,WHC,TCG,P,GR1,RCG,PCG,SLCG,13,ورقيات,017,X
017K-3P-03,WHC,TCG,P,GR1,RCG,PCG,SLCG,13,ورقيات,017,X
017L-3P-01,WHC,TCG,P,GR1,RCG,PCG,SLCG,13,ورقيات,017,X
017L-3P-02,WHC,TCG,P,GR1,RCG,PCG,SLCG,13,ورقيات,017,X
017L-3P-03,WHC,TCG,P,GR1,RCG,PCG,SLCG,13,ورقيات,017,X
018A-1P-01,WHC,TCG,P,GR1,RCG,PCG,SLCG,13,ورقيات,018,X
018A-1P-02,WHC,TCG,P,GR1,RCG,PCG,SLCG,13,ورقيات,018,X
018A-1P-03,WHC,TCG,P,GR1,RCG,PCG,SLCG,13,ورقيات,018,X
018A-2P-01,WHC,TCG,P,GR1,RCG,PCG,SLCG,13,ورقيات,018,X
018A-2P-02,WHC,TCG,P,GR1,RCG,PCG,SLCG,13,ورقيات,018,X
018A-2P-03,WHC,TCG,P,GR1,RCG,PCG,SLCG,13,ورقيات,018,X
018A-3P-01,WHC,TCG,P,GR1,RCG,PCG,SLCG,13,ورقيات,018,X
018A-3P-02,WHC,TCG,P,GR1,RCG,PCG,SLCG,13,ورقيات,018,X
018A-3P-03,WHC,TCG,P,GR1,RCG,PCG,SLCG,13,ورقيات,018,X
018B-1P-01,WHC,TCG,P,GR1,RCG,PCG,SLCG,13,ورقيات,018,X
018B-1P-02,WHC,TCG,P,GR1,RCG,PCG,SLCG,13,ورقيات,018,X
018B-1P-03,WHC,TCG,P,GR1,RCG,PCG,SLCG,13,ورقيات,018,X
018B-2P-01,WHC,TCG,P,GR1,RCG,PCG,SLCG,13,ورقيات,018,X
018B-2P-02,WHC,TCG,P,GR1,RCG,PCG,SLCG,13,ورقيات,018,X
018B-2P-03,WHC,TCG,P,GR1,RCG,PCG,SLCG,13,ورقيات,018,X
018B-3P-01,WHC,TCG,P,GR1,RCG,PCG,SLCG,13,ورقيات,018,X
018B-3P-02,WHC,TCG,P,GR1,RCG,PCG,SLCG,13,ورقيات,018,X
018B-3P-03,WHC,TCG,P,GR1,RCG,PCG,SLCG,13,ورقيات,018,X
018C-1P-01,WHC,TCG,P,GR1,RCG,PCG,SLCG,13,ورقيات,018,X
018C-1P-02,WHC,TCG,P,GR1,RCG,PCG,SLCG,13,ورقيات,018,X
018C-1P-03,WHC,TCG,P,GR1,RCG,PCG,SLCG,13,ورقيات,018,X
018C-2P-01,WHC,TCG,P,GR1,RCG,PCG,SLCG,13,ورقيات,018,X
018C-2P-02,WHC,TCG,P,GR1,RCG,PCG,SLCG,13,ورقيات,018,X
018C-2P-03,WHC,TCG,P,GR1,RCG,PCG,SLCG,13,ورقيات,018,X
018C-3P-01,WHC,TCG,P,GR1,RCG,PCG,SLCG,13,ورقيات,018,X
018C-3P-02,WHC,TCG,P,GR1,RCG,PCG,SLCG,13,ورقيات,018,X
018C-3P-03,WHC,TCG,P,GR1,RCG,PCG,SLCG,13,ورقيات,018,X
018D-1P-01,WHC,TCG,P,GR1,RCG,PCG,SLCG,13,ورقيات,018,X
018D-1P-02,WHC,TCG,P,GR1,RCG,PCG,SLCG,13,ورقيات,018,X
018D-1P-03,WHC,TCG,P,GR1,RCG,PCG,SLCG,13,ورقيات,018,X
018D-2P-01,WHC,TCG,P,GR1,RCG,PCG,SLCG,13,ورقيات,018,X
018D-2P-02,WHC,TCG,P,GR1,RCG,PCG,SLCG,13,ورقيات,018,X
018D-2P-03,WHC,TCG,P,GR1,RCG,PCG,SLCG,13,ورقيات,018,X
018D-3P-01,WHC,TCG,P,GR1,RCG,PCG,SLCG,13,ورقيات,018,X
018D-3P-02,WHC,TCG,P,GR1,RCG,PCG,SLCG,13,ورقيات,018,X
018D-3P-03,WHC,TCG,P,GR1,RCG,PCG,SLCG,13,ورقيات,018,X
018E-1P-01,WHC,TCG,P,GR1,RCG,PCG,SLCG,13,ورقيات,018,X
018E-1P-02,WHC,TCG,P,GR1,RCG,PCG,SLCG,13,ورقيات,018,X
018E-1P-03,WHC,TCG,P,GR1,RCG,PCG,SLCG,13,ورقيات,018,X
018E-2P-01,WHC,TCG,P,GR1,RCG,PCG,SLCG,13,ورقيات,018,X
018E-2P-02,WHC,TCG,P,GR1,RCG,PCG,SLCG,13,ورقيات,018,X
018E-2P-03,WHC,TCG,P,GR1,RCG,PCG,SLCG,13,ورقيات,018,X
018E-3P-01,WHC,TCG,P,GR1,RCG,PCG,SLCG,13,ورقيات,018,X
018E-3P-02,WHC,TCG,P,GR1,RCG,PCG,SLCG,13,ورقيات,018,X
018E-3P-03,WHC,TCG,P,GR1,RCG,PCG,SLCG,13,ورقيات,018,X
018F-1P-01,WHC,TCG,P,GR1,RCG,PCG,SLCG,13,ورقيات,018,X
018F-1P-02,WHC,TCG,P,GR1,RCG,PCG,SLCG,13,ورقيات,018,X
018F-1P-03,WHC,TCG,P,GR1,RCG,PCG,SLCG,13,ورقيات,018,X
018F-2P-01,WHC,TCG,P,GR1,RCG,PCG,SLCG,13,ورقيات,018,X
018F-2P-02,WHC,TCG,P,GR1,RCG,PCG,SLCG,13,ورقيات,018,X
018F-2P-03,WHC,TCG,P,GR1,RCG,PCG,SLCG,13,ورقيات,018,X
018F-3P-01,WHC,TCG,P,GR1,RCG,PCG,SLCG,13,ورقيات,018,X
018F-3P-02,WHC,TCG,P,GR1,RCG,PCG,SLCG,13,ورقيات,018,X
018F-3P-03,WHC,TCG,P,GR1,RCG,PCG,SLCG,13,ورقيات,018,X
018G-1P-01,WHC,TCG,P,GR1,RCG,PCG,SLCG,13,ورقيات,018,X
018G-1P-02,WHC,TCG,P,GR1,RCG,PCG,SLCG,13,ورقيات,018,X
018G-1P-03,WHC,TCG,P,GR1,RCG,PCG,SLCG,13,ورقيات,018,X
018G-2P-01,WHC,TCG,P,GR1,RCG,PCG,SLCG,13,ورقيات,018,X
018G-2P-02,WHC,TCG,P,GR1,RCG,PCG,SLCG,13,ورقيات,018,X
018G-2P-03,WHC,TCG,P,GR1,RCG,PCG,SLCG,13,ورقيات,018,X
018G-3P-01,WHC,TCG,P,GR1,RCG,PCG,SLCG,13,ورقيات,018,X
018G-3P-02,WHC,TCG,P,GR1,RCG,PCG,SLCG,13,ورقيات,018,X
018G-3P-03,WHC,TCG,P,GR1,RCG,PCG,SLCG,13,ورقيات,018,X
019A-1P-01,WHC,TCG,P,GR1,RCG,PCG,SLCG,13,ورقيات,019,X
019A-1P-02,WHC,TCG,P,GR1,RCG,PCG,SLCG,13,ورقيات,019,X
019A-1P-03,WHC,TCG,P,GR1,RCG,PCG,SLCG,13,ورقيات,019,X
019A-2P-01,WHC,TCG,P,GR1,RCG,PCG,SLCG,13,ورقيات,019,X
019A-2P-02,WHC,TCG,P,GR1,RCG,PCG,SLCG,13,ورقيات,019,X
019A-2P-03,WHC,TCG,P,GR1,RCG,PCG,SLCG,13,ورقيات,019,X
019A-3P-01,WHC,TCG,P,GR1,RCG,PCG,SLCG,13,ورقيات,019,X
019A-3P-02,WHC,TCG,P,GR1,RCG,PCG,SLCG,13,ورقيات,019,X
019A-3P-03,WHC,TCG,P,GR1,RCG,PCG,SLCG,13,ورقيات,019,X
019B-1P-01,WHC,TCG,P,GR1,RCG,PCG,SLCG,13,ورقيات,019,X
019B-1P-02,WHC,TCG,P,GR1,RCG,PCG,SLCG,13,ورقيات,019,X
019B-1P-03,WHC,TCG,P,GR1,RCG,PCG,SLCG,13,ورقيات,019,X
019B-2P-01,WHC,TCG,P,GR1,RCG,PCG,SLCG,13,ورقيات,019,X
019B-2P-02,WHC,TCG,P,GR1,RCG,PCG,SLCG,13,ورقيات,019,X
019B-2P-03,WHC,TCG,P,GR1,RCG,PCG,SLCG,13,ورقيات,019,X
019B-3P-01,WHC,TCG,P,GR1,RCG,PCG,SLCG,13,ورقيات,019,X
019B-3P-02,WHC,TCG,P,GR1,RCG,PCG,SLCG,13,ورقيات,019,X
019B-3P-03,WHC,TCG,P,GR1,RCG,PCG,SLCG,13,ورقيات,019,X
019C-1P-01,WHC,TCG,P,GR1,RCG,PCG,SLCG,13,ورقيات,019,X
019C-1P-02,WHC,TCG,P,GR1,RCG,PCG,SLCG,13,ورقيات,019,X
019C-1P-03,WHC,TCG,P,GR1,RCG,PCG,SLCG,13,ورقيات,019,X
019C-2P-01,WHC,TCG,P,GR1,RCG,PCG,SLCG,13,ورقيات,019,X
019C-2P-02,WHC,TCG,P,GR1,RCG,PCG,SLCG,13,ورقيات,019,X
019C-2P-03,WHC,TCG,P,GR1,RCG,PCG,SLCG,13,ورقيات,019,X
019C-3P-01,WHC,TCG,P,GR1,RCG,PCG,SLCG,13,ورقيات,019,X
019C-3P-02,WHC,TCG,P,GR1,RCG,PCG,SLCG,13,ورقيات,019,X
019C-3P-03,WHC,TCG,P,GR1,RCG,PCG,SLCG,13,ورقيات,019,X
019D-1P-01,WHC,TCG,P,GR1,RCG,PCG,SLCG,13,ورقيات,019,X
019D-1P-02,WHC,TCG,P,GR1,RCG,PCG,SLCG,13,ورقيات,019,X
019D-1P-03,WHC,TCG,P,GR1,RCG,PCG,SLCG,13,ورقيات,019,X
019D-2P-01,WHC,TCG,P,GR1,RCG,PCG,SLCG,13,ورقيات,019,X
019D-2P-02,WHC,TCG,P,GR1,RCG,PCG,SLCG,13,ورقيات,019,X
019D-2P-03,WHC,TCG,P,GR1,RCG,PCG,SLCG,13,ورقيات,019,X
019D-3P-01,WHC,TCG,P,GR1,RCG,PCG,SLCG,13,ورقيات,019,X
019D-3P-02,WHC,TCG,P,GR1,RCG,PCG,SLCG,13,ورقيات,019,X
019D-3P-03,WHC,TCG,P,GR1,RCG,PCG,SLCG,13,ورقيات,019,X
019E-3P-01,WHC,TCG,P,GR1,RCG,PCG,SLCG,13,ورقيات,019,X
019E-3P-02,WHC,TCG,P,GR1,RCG,PCG,SLCG,13,ورقيات,019,X
019E-3P-03,WHC,TCG,P,GR1,RCG,PCG,SLCG,13,ورقيات,019,X
019F-1P-01,WHC,TCG,P,GR1,RCG,PCG,SLCG,13,ورقيات,019,X
019F-1P-02,WHC,TCG,P,GR1,RCG,PCG,SLCG,13,ورقيات,019,X
019F-1P-03,WHC,TCG,P,GR1,RCG,PCG,SLCG,13,ورقيات,019,X
019F-2P-01,WHC,TCG,P,GR1,RCG,PCG,SLCG,13,ورقيات,019,X
019F-2P-02,WHC,TCG,P,GR1,RCG,PCG,SLCG,13,ورقيات,019,X
019F-2P-03,WHC,TCG,P,GR1,RCG,PCG,SLCG,13,ورقيات,019,X
019F-3P-01,WHC,TCG,P,GR1,RCG,PCG,SLCG,13,ورقيات,019,X
019F-3P-02,WHC,TCG,P,GR1,RCG,PCG,SLCG,13,ورقيات,019,X
019F-3P-03,WHC,TCG,P,GR1,RCG,PCG,SLCG,13,ورقيات,019,X
019G-1P-01,WHC,TCG,P,GR1,RCG,PCG,SLCG,13,ورقيات,019,X
019G-1P-02,WHC,TCG,P,GR1,RCG,PCG,SLCG,13,ورقيات,019,X
019G-1P-03,WHC,TCG,P,GR1,RCG,PCG,SLCG,13,ورقيات,019,X
019G-2P-01,WHC,TCG,P,GR1,RCG,PCG,SLCG,13,ورقيات,019,X
019G-2P-02,WHC,TCG,P,GR1,RCG,PCG,SLCG,13,ورقيات,019,X
019G-2P-03,WHC,TCG,P,GR1,RCG,PCG,SLCG,13,ورقيات,019,X
019G-3P-01,WHC,TCG,P,GR1,RCG,PCG,SLCG,13,ورقيات,019,X
019G-3P-02,WHC,TCG,P,GR1,RCG,PCG,SLCG,13,ورقيات,019,X
019G-3P-03,WHC,TCG,P,GR1,RCG,PCG,SLCG,13,ورقيات,019,X
019H-1P-01,WHC,TCG,P,GR1,RCG,PCG,SLCG,13,ورقيات,019,X
019H-1P-02,WHC,TCG,P,GR1,RCG,PCG,SLCG,13,ورقيات,019,X
019H-1P-03,WHC,TCG,P,GR1,RCG,PCG,SLCG,13,ورقيات,019,X
019H-2P-01,WHC,TCG,P,GR1,RCG,PCG,SLCG,13,ورقيات,019,X
019H-2P-02,WHC,TCG,P,GR1,RCG,PCG,SLCG,13,ورقيات,019,X
019H-2P-03,WHC,TCG,P,GR1,RCG,PCG,SLCG,13,ورقيات,019,X
019H-3P-01,WHC,TCG,P,GR1,RCG,PCG,SLCG,13,ورقيات,019,X
019H-3P-02,WHC,TCG,P,GR1,RCG,PCG,SLCG,13,ورقيات,019,X
019H-3P-03,WHC,TCG,P,GR1,RCG,PCG,SLCG,13,ورقيات,019,X
020A-1P-01,WHC,TCG,P,GR1,RCG,PCG,SLCG,13,ورقيات,020,X
020A-1P-02,WHC,TCG,P,GR1,RCG,PCG,SLCG,13,ورقيات,020,X
020A-1P-03,WHC,TCG,P,GR1,RCG,PCG,SLCG,13,ورقيات,020,X
020A-2P-01,WHC,TCG,P,GR1,RCG,PCG,SLCG,13,ورقيات,020,X
020A-2P-02,WHC,TCG,P,GR1,RCG,PCG,SLCG,13,ورقيات,020,X
020A-2P-03,WHC,TCG,P,GR1,RCG,PCG,SLCG,13,ورقيات,020,X
020A-3P-01,WHC,TCG,P,GR1,RCG,PCG,SLCG,13,ورقيات,020,X
020A-3P-02,WHC,TCG,P,GR1,RCG,PCG,SLCG,13,ورقيات,020,X
020A-3P-03,WHC,TCG,P,GR1,RCG,PCG,SLCG,13,ورقيات,020,X
020B-1P-01,WHC,TCG,P,GR1,RCG,PCG,SLCG,13,ورقيات,020,X
020B-1P-02,WHC,TCG,P,GR1,RCG,PCG,SLCG,13,ورقيات,020,X
020B-1P-03,WHC,TCG,P,GR1,RCG,PCG,SLCG,13,ورقيات,020,X
020B-2P-01,WHC,TCG,P,GR1,RCG,PCG,SLCG,13,ورقيات,020,X
020B-2P-02,WHC,TCG,P,GR1,RCG,PCG,SLCG,13,ورقيات,020,X
020B-2P-03,WHC,TCG,P,GR1,RCG,PCG,SLCG,13,ورقيات,020,X
020B-3P-01,WHC,TCG,P,GR1,RCG,PCG,SLCG,13,ورقيات,020,X
020B-3P-02,WHC,TCG,P,GR1,RCG,PCG,SLCG,13,ورقيات,020,X
020B-3P-03,WHC,TCG,P,GR1,RCG,PCG,SLCG,13,ورقيات,020,X
020C-1P-01,WHC,TCG,P,GR1,RCG,PCG,SLCG,13,ورقيات,020,X
020C-1P-02,WHC,TCG,P,GR1,RCG,PCG,SLCG,13,ورقيات,020,X
020C-1P-03,WHC,TCG,P,GR1,RCG,PCG,SLCG,13,ورقيات,020,X
020C-2P-01,WHC,TCG,P,GR1,RCG,PCG,SLCG,13,ورقيات,020,X
020C-2P-02,WHC,TCG,P,GR1,RCG,PCG,SLCG,13,ورقيات,020,X
020C-2P-03,WHC,TCG,P,GR1,RCG,PCG,SLCG,13,ورقيات,020,X
020C-3P-01,WHC,TCG,P,GR1,RCG,PCG,SLCG,13,ورقيات,020,X
020C-3P-02,WHC,TCG,P,GR1,RCG,PCG,SLCG,13,ورقيات,020,X
020C-3P-03,WHC,TCG,P,GR1,RCG,PCG,SLCG,13,ورقيات,020,X
020D-1P-01,WHC,TCG,P,GR1,RCG,PCG,SLCG,13,ورقيات,020,X
020D-1P-02,WHC,TCG,P,GR1,RCG,PCG,SLCG,13,ورقيات,020,X
020D-1P-03,WHC,TCG,P,GR1,RCG,PCG,SLCG,13,ورقيات,020,X
020D-2P-01,WHC,TCG,P,GR1,RCG,PCG,SLCG,13,ورقيات,020,X
020D-2P-02,WHC,TCG,P,GR1,RCG,PCG,SLCG,13,ورقيات,020,X
020D-2P-03,WHC,TCG,P,GR1,RCG,PCG,SLCG,13,ورقيات,020,X
020D-3P-01,WHC,TCG,P,GR1,RCG,PCG,SLCG,13,ورقيات,020,X
020D-3P-02,WHC,TCG,P,GR1,RCG,PCG,SLCG,13,ورقيات,020,X
020D-3P-03,WHC,TCG,P,GR1,RCG,PCG,SLCG,13,ورقيات,020,X
020E-1P-01,WHC,TCG,P,GR1,RCG,PCG,SLCG,13,ورقيات,020,X
020E-1P-02,WHC,TCG,P,GR1,RCG,PCG,SLCG,13,ورقيات,020,X
020E-1P-03,WHC,TCG,P,GR1,RCG,PCG,SLCG,13,ورقيات,020,X
020E-2P-01,WHC,TCG,P,GR1,RCG,PCG,SLCG,13,ورقيات,020,X
020E-2P-02,WHC,TCG,P,GR1,RCG,PCG,SLCG,13,ورقيات,020,X
020E-2P-03,WHC,TCG,P,GR1,RCG,PCG,SLCG,13,ورقيات,020,X
020E-3P-01,WHC,TCG,P,GR1,RCG,PCG,SLCG,13,ورقيات,020,X
020E-3P-02,WHC,TCG,P,GR1,RCG,PCG,SLCG,13,ورقيات,020,X
020E-3P-03,WHC,TCG,P,GR1,RCG,PCG,SLCG,13,ورقيات,020,X
020F-1P-01,WHC,TCG,P,GR1,RCG,PCG,SLCG,13,ورقيات,020,X
020F-1P-02,WHC,TCG,P,GR1,RCG,PCG,SLCG,13,ورقيات,020,X
020F-1P-03,WHC,TCG,P,GR1,RCG,PCG,SLCG,13,ورقيات,020,X
020F-2P-01,WHC,TCG,P,GR1,RCG,PCG,SLCG,13,ورقيات,020,X
020F-2P-02,WHC,TCG,P,GR1,RCG,PCG,SLCG,13,ورقيات,020,X
020F-2P-03,WHC,TCG,P,GR1,RCG,PCG,SLCG,13,ورقيات,020,X
020F-3P-01,WHC,TCG,P,GR1,RCG,PCG,SLCG,13,ورقيات,020,X
020F-3P-02,WHC,TCG,P,GR1,RCG,PCG,SLCG,13,ورقيات,020,X
020F-3P-03,WHC,TCG,P,GR1,RCG,PCG,SLCG,13,ورقيات,020,X
020G-1P-01,WHC,TCG,P,GR1,RCG,PCG,SLCG,13,ورقيات,020,X
020G-1P-02,WHC,TCG,P,GR1,RCG,PCG,SLCG,13,ورقيات,020,X
020G-1P-03,WHC,TCG,P,GR1,RCG,PCG,SLCG,13,ورقيات,020,X
020G-2P-01,WHC,TCG,P,GR1,RCG,PCG,SLCG,13,ورقيات,020,X
020G-2P-02,WHC,TCG,P,GR1,RCG,PCG,SLCG,13,ورقيات,020,X
020G-2P-03,WHC,TCG,P,GR1,RCG,PCG,SLCG,13,ورقيات,020,X
020G-3P-01,WHC,TCG,P,GR1,RCG,PCG,SLCG,13,ورقيات,020,X
020G-3P-02,WHC,TCG,P,GR1,RCG,PCG,SLCG,13,ورقيات,020,X
020G-3P-03,WHC,TCG,P,GR1,RCG,PCG,SLCG,13,ورقيات,020,X
020H-1P-01,WHC,TCG,P,GR1,RCG,PCG,SLCG,13,ورقيات,020,X
020H-1P-02,WHC,TCG,P,GR1,RCG,PCG,SLCG,13,ورقيات,020,X
020H-1P-03,WHC,TCG,P,GR1,RCG,PCG,SLCG,13,ورقيات,020,X
020H-2P-01,WHC,TCG,P,GR1,RCG,PCG,SLCG,13,ورقيات,020,X
020H-2P-02,WHC,TCG,P,GR1,RCG,PCG,SLCG,13,ورقيات,020,X
020H-2P-03,WHC,TCG,P,GR1,RCG,PCG,SLCG,13,ورقيات,020,X
020H-3P-01,WHC,TCG,P,GR1,RCG,PCG,SLCG,13,ورقيات,020,X
020H-3P-02,WHC,TCG,P,GR1,RCG,PCG,SLCG,13,ورقيات,020,X
020H-3P-03,WHC,TCG,P,GR1,RCG,PCG,SLCG,13,ورقيات,020,X
020I-1P-01,WHC,TCG,P,GR1,RCG,PCG,SLCG,13,ورقيات,020,X
020I-1P-02,WHC,TCG,P,GR1,RCG,PCG,SLCG,13,ورقيات,020,X
020I-1P-03,WHC,TCG,P,GR1,RCG,PCG,SLCG,13,ورقيات,020,X
020I-2P-01,WHC,TCG,P,GR1,RCG,PCG,SLCG,13,ورقيات,020,X
020I-2P-02,WHC,TCG,P,GR1,RCG,PCG,SLCG,13,ورقيات,020,X
020I-2P-03,WHC,TCG,P,GR1,RCG,PCG,SLCG,13,ورقيات,020,X
020I-3P-01,WHC,TCG,P,GR1,RCG,PCG,SLCG,13,ورقيات,020,X
020I-3P-02,WHC,TCG,P,GR1,RCG,PCG,SLCG,13,ورقيات,020,X
020I-3P-03,WHC,TCG,P,GR1,RCG,PCG,SLCG,13,ورقيات,020,X
020J-1P-01,WHC,TCG,P,GR1,RCG,PCG,SLCG,13,ورقيات,020,X
020J-1P-02,WHC,TCG,P,GR1,RCG,PCG,SLCG,13,ورقيات,020,X
020J-1P-03,WHC,TCG,P,GR1,RCG,PCG,SLCG,13,ورقيات,020,X
020J-2P-01,WHC,TCG,P,GR1,RCG,PCG,SLCG,13,ورقيات,020,X
020J-2P-02,WHC,TCG,P,GR1,RCG,PCG,SLCG,13,ورقيات,020,X
020J-2P-03,WHC,TCG,P,GR1,RCG,PCG,SLCG,13,ورقيات,020,X
020J-3P-01,WHC,TCG,P,GR1,RCG,PCG,SLCG,13,ورقيات,020,X
020J-3P-02,WHC,TCG,P,GR1,RCG,PCG,SLCG,13,ورقيات,020,X
020J-3P-03,WHC,TCG,P,GR1,RCG,PCG,SLCG,13,ورقيات,020,X
025A-1S-01,WHC,TCG,S,GR2,RCG,PCG,SLCG,5,ترانزيت,025,X
025A-2S-01,WHC,TCG,S,GR2,RCG,PCG,SLCG,5,ترانزيت,025,X
025A-3S-01,WHC,TCG,S,GR2,RCG,PCG,SLCG,5,ترانزيت,025,X
025A-4S-01,WHC,TCG,S,GR2,RCG,PCG,SLCG,5,ترانزيت,025,X
025A-5S-01,WHC,TCG,S,GR2,RCG,PCG,SLCG,5,ترانزيت,025,X
025B-1S-02,WHC,TCG,S,GR2,RCG,PCG,SLCG,5,ترانزيت,025,X
025B-2S-02,WHC,TCG,S,GR2,RCG,PCG,SLCG,5,ترانزيت,025,X
025B-3S-02,WHC,TCG,S,GR2,RCG,PCG,SLCG,5,ترانزيت,025,X
025B-4S-02,WHC,TCG,S,GR2,RCG,PCG,SLCG,5,ترانزيت,025,X
025B-5S-02,WHC,TCG,S,GR2,RCG,PCG,SLCG,5,ترانزيت,025,X
025C-1S-03,WHC,TCG,S,GR2,RCG,PCG,SLCG,5,ترانزيت,025,X
025C-2S-03,WHC,TCG,S,GR2,RCG,PCG,SLCG,5,ترانزيت,025,X
025C-3S-03,WHC,TCG,S,GR2,RCG,PCG,SLCG,5,ترانزيت,025,X
025C-4S-03,WHC,TCG,S,GR2,RCG,PCG,SLCG,5,ترانزيت,025,X
025C-5S-03,WHC,TCG,S,GR2,RCG,PCG,SLCG,5,ترانزيت,025,X
025D-1S-04,WHC,TCG,S,GR2,RCG,PCG,SLCG,5,ترانزيت,025,X
025D-2S-04,WHC,TCG,S,GR2,RCG,PCG,SLCG,5,ترانزيت,025,X
025D-3S-04,WHC,TCG,S,GR2,RCG,PCG,SLCG,5,ترانزيت,025,X
025D-4S-04,WHC,TCG,S,GR2,RCG,PCG,SLCG,5,ترانزيت,025,X
025D-5S-04,WHC,TCG,S,GR2,RCG,PCG,SLCG,5,ترانزيت,025,X
025E-1S-05,WHC,TCG,S,GR2,RCG,PCG,SLCG,5,ترانزيت,025,X
025E-2S-05,WHC,TCG,S,GR2,RCG,PCG,SLCG,5,ترانزيت,025,X
025E-3S-05,WHC,TCG,S,GR2,RCG,PCG,SLCG,5,ترانزيت,025,X
025E-4S-05,WHC,TCG,S,GR2,RCG,PCG,SLCG,5,ترانزيت,025,X
025E-5S-05,WHC,TCG,S,GR2,RCG,PCG,SLCG,5,ترانزيت,025,X
025F-1S-06,WHC,TCG,S,GR2,RCG,PCG,SLCG,5,ترانزيت,025,X
025F-2S-06,WHC,TCG,S,GR2,RCG,PCG,SLCG,5,ترانزيت,025,X
025F-3S-06,WHC,TCG,S,GR2,RCG,PCG,SLCG,5,ترانزيت,025,X
025F-4S-06,WHC,TCG,S,GR2,RCG,PCG,SLCG,5,ترانزيت,025,X
025F-5S-06,WHC,TCG,S,GR2,RCG,PCG,SLCG,5,ترانزيت,025,X
025G-1S-07,WHC,TCG,S,GR2,RCG,PCG,SLCG,5,ترانزيت,025,X
025G-2S-07,WHC,TCG,S,GR2,RCG,PCG,SLCG,5,ترانزيت,025,X
025G-3S-07,WHC,TCG,S,GR2,RCG,PCG,SLCG,5,ترانزيت,025,X
025G-4S-07,WHC,TCG,S,GR2,RCG,PCG,SLCG,5,ترانزيت,025,X
025G-5S-07,WHC,TCG,S,GR2,RCG,PCG,SLCG,5,ترانزيت,025,X
025H-1S-08,WHC,TCG,S,GR2,RCG,PCG,SLCG,5,ترانزيت,025,X
025H-2S-08,WHC,TCG,S,GR2,RCG,PCG,SLCG,5,ترانزيت,025,X
025H-3S-08,WHC,TCG,S,GR2,RCG,PCG,SLCG,5,ترانزيت,025,X
025H-4S-08,WHC,TCG,S,GR2,RCG,PCG,SLCG,5,ترانزيت,025,X
025H-5S-08,WHC,TCG,S,GR2,RCG,PCG,SLCG,5,ترانزيت,025,X
025I-1S-09,WHC,TCG,S,GR2,RCG,PCG,SLCG,5,ترانزيت,025,X
025I-2S-09,WHC,TCG,S,GR2,RCG,PCG,SLCG,5,ترانزيت,025,X
025I-3S-09,WHC,TCG,S,GR2,RCG,PCG,SLCG,5,ترانزيت,025,X
025I-4S-09,WHC,TCG,S,GR2,RCG,PCG,SLCG,5,ترانزيت,025,X
025I-5S-09,WHC,TCG,S,GR2,RCG,PCG,SLCG,5,ترانزيت,025,X
025J-1S-10,WHC,TCG,S,GR2,RCG,PCG,SLCG,5,ترانزيت,025,X
025J-2S-10,WHC,TCG,S,GR2,RCG,PCG,SLCG,5,ترانزيت,025,X
025J-3S-10,WHC,TCG,S,GR2,RCG,PCG,SLCG,5,ترانزيت,025,X
025J-4S-10,WHC,TCG,S,GR2,RCG,PCG,SLCG,5,ترانزيت,025,X
025J-5S-10,WHC,TCG,S,GR2,RCG,PCG,SLCG,5,ترانزيت,025,X
025K-1S-11,WHC,TCG,S,GR2,RCG,PCG,SLCG,5,ترانزيت,025,X
025K-2S-11,WHC,TCG,S,GR2,RCG,PCG,SLCG,5,ترانزيت,025,X
025K-3S-11,WHC,TCG,S,GR2,RCG,PCG,SLCG,5,ترانزيت,025,X
025K-4S-11,WHC,TCG,S,GR2,RCG,PCG,SLCG,5,ترانزيت,025,X
025K-5S-11,WHC,TCG,S,GR2,RCG,PCG,SLCG,5,ترانزيت,025,X
025L-1S-12,WHC,TCG,S,GR2,RCG,PCG,SLCG,5,ترانزيت,025,X
025L-2S-12,WHC,TCG,S,GR2,RCG,PCG,SLCG,5,ترانزيت,025,X
025L-3S-12,WHC,TCG,S,GR2,RCG,PCG,SLCG,5,ترانزيت,025,X
025L-4S-12,WHC,TCG,S,GR2,RCG,PCG,SLCG,5,ترانزيت,025,X
025L-5S-12,WHC,TCG,S,GR2,RCG,PCG,SLCG,5,ترانزيت,025,X
025M-1S-13,WHC,TCG,S,GR2,RCG,PCG,SLCG,5,ترانزيت,025,X
025M-2S-13,WHC,TCG,S,GR2,RCG,PCG,SLCG,5,ترانزيت,025,X
025M-3S-13,WHC,TCG,S,GR2,RCG,PCG,SLCG,5,ترانزيت,025,X
025M-4S-13,WHC,TCG,S,GR2,RCG,PCG,SLCG,5,ترانزيت,025,X
025M-5S-13,WHC,TCG,S,GR2,RCG,PCG,SLCG,5,ترانزيت,025,X
025N-1S-14,WHC,TCG,S,GR2,RCG,PCG,SLCG,5,ترانزيت,025,X
025N-2S-14,WHC,TCG,S,GR2,RCG,PCG,SLCG,5,ترانزيت,025,X
025N-3S-14,WHC,TCG,S,GR2,RCG,PCG,SLCG,5,ترانزيت,025,X
025N-4S-14,WHC,TCG,S,GR2,RCG,PCG,SLCG,5,ترانزيت,025,X
025N-5S-14,WHC,TCG,S,GR2,RCG,PCG,SLCG,5,ترانزيت,025,X
025O-1S-15,WHC,TCG,S,GR2,RCG,PCG,SLCG,5,ترانزيت,025,X
025O-2S-15,WHC,TCG,S,GR2,RCG,PCG,SLCG,5,ترانزيت,025,X
025O-3S-15,WHC,TCG,S,GR2,RCG,PCG,SLCG,5,ترانزيت,025,X
025O-4S-15,WHC,TCG,S,GR2,RCG,PCG,SLCG,5,ترانزيت,025,X
025O-5S-15,WHC,TCG,S,GR2,RCG,PCG,SLCG,5,ترانزيت,025,X
025P-1S-16,WHC,TCG,S,GR2,RCG,PCG,SLCG,5,ترانزيت,025,X
025P-2S-16,WHC,TCG,S,GR2,RCG,PCG,SLCG,5,ترانزيت,025,X
025P-3S-16,WHC,TCG,S,GR2,RCG,PCG,SLCG,5,ترانزيت,025,X
025P-4S-16,WHC,TCG,S,GR2,RCG,PCG,SLCG,5,ترانزيت,025,X
025P-5S-16,WHC,TCG,S,GR2,RCG,PCG,SLCG,5,ترانزيت,025,X
025Q-1S-17,WHC,TCG,S,GR2,RCG,PCG,SLCG,5,ترانزيت,025,X
025Q-2S-17,WHC,TCG,S,GR2,RCG,PCG,SLCG,5,ترانزيت,025,X
025Q-3S-17,WHC,TCG,S,GR2,RCG,PCG,SLCG,5,ترانزيت,025,X
025Q-4S-17,WHC,TCG,S,GR2,RCG,PCG,SLCG,5,ترانزيت,025,X
025Q-5S-17,WHC,TCG,S,GR2,RCG,PCG,SLCG,5,ترانزيت,025,X
025R-1S-18,WHC,TCG,S,GR2,RCG,PCG,SLCG,5,ترانزيت,025,X
025R-2S-18,WHC,TCG,S,GR2,RCG,PCG,SLCG,5,ترانزيت,025,X
025R-3S-18,WHC,TCG,S,GR2,RCG,PCG,SLCG,5,ترانزيت,025,X
025R-4S-18,WHC,TCG,S,GR2,RCG,PCG,SLCG,5,ترانزيت,025,X
025R-5S-18,WHC,TCG,S,GR2,RCG,PCG,SLCG,5,ترانزيت,025,X
026A-1S-01,WHC,TCG,S,GR2,RCG,PCG,SLCG,5,ترانزيت,026,X
026A-2S-01,WHC,TCG,S,GR2,RCG,PCG,SLCG,5,ترانزيت,026,X
026A-3S-01,WHC,TCG,S,GR2,RCG,PCG,SLCG,5,ترانزيت,026,X
026A-4S-01,WHC,TCG,S,GR2,RCG,PCG,SLCG,5,ترانزيت,026,X
026A-5S-01,WHC,TCG,S,GR2,RCG,PCG,SLCG,5,ترانزيت,026,X
026B-1S-02,WHC,TCG,S,GR2,RCG,PCG,SLCG,5,ترانزيت,026,X
026B-2S-02,WHC,TCG,S,GR2,RCG,PCG,SLCG,5,ترانزيت,026,X
026B-3S-02,WHC,TCG,S,GR2,RCG,PCG,SLCG,5,ترانزيت,026,X
026B-4S-02,WHC,TCG,S,GR2,RCG,PCG,SLCG,5,ترانزيت,026,X
026B-5S-02,WHC,TCG,S,GR2,RCG,PCG,SLCG,5,ترانزيت,026,X
026C-1S-03,WHC,TCG,S,GR2,RCG,PCG,SLCG,5,ترانزيت,026,X
026C-2S-03,WHC,TCG,S,GR2,RCG,PCG,SLCG,5,ترانزيت,026,X
026C-3S-03,WHC,TCG,S,GR2,RCG,PCG,SLCG,5,ترانزيت,026,X
026C-4S-03,WHC,TCG,S,GR2,RCG,PCG,SLCG,5,ترانزيت,026,X
026C-5S-03,WHC,TCG,S,GR2,RCG,PCG,SLCG,5,ترانزيت,026,X
026D-1S-04,WHC,TCG,S,GR2,RCG,PCG,SLCG,5,ترانزيت,026,X
026D-2S-04,WHC,TCG,S,GR2,RCG,PCG,SLCG,5,ترانزيت,026,X
026D-3S-04,WHC,TCG,S,GR2,RCG,PCG,SLCG,5,ترانزيت,026,X
026D-4S-04,WHC,TCG,S,GR2,RCG,PCG,SLCG,5,ترانزيت,026,X
026D-5S-04,WHC,TCG,S,GR2,RCG,PCG,SLCG,5,ترانزيت,026,X
026E-1S-05,WHC,TCG,S,GR2,RCG,PCG,SLCG,5,ترانزيت,026,X
026E-2S-05,WHC,TCG,S,GR2,RCG,PCG,SLCG,5,ترانزيت,026,X
026E-3S-05,WHC,TCG,S,GR2,RCG,PCG,SLCG,5,ترانزيت,026,X
026E-4S-05,WHC,TCG,S,GR2,RCG,PCG,SLCG,5,ترانزيت,026,X
026E-5S-05,WHC,TCG,S,GR2,RCG,PCG,SLCG,5,ترانزيت,026,X
026F-1S-06,WHC,TCG,S,GR2,RCG,PCG,SLCG,5,ترانزيت,026,X
026F-2S-06,WHC,TCG,S,GR2,RCG,PCG,SLCG,5,ترانزيت,026,X
026F-3S-06,WHC,TCG,S,GR2,RCG,PCG,SLCG,5,ترانزيت,026,X
026F-4S-06,WHC,TCG,S,GR2,RCG,PCG,SLCG,5,ترانزيت,026,X
026F-5S-06,WHC,TCG,S,GR2,RCG,PCG,SLCG,5,ترانزيت,026,X
026G-1S-07,WHC,TCG,S,GR2,RCG,PCG,SLCG,5,ترانزيت,026,X
026G-2S-07,WHC,TCG,S,GR2,RCG,PCG,SLCG,5,ترانزيت,026,X
026G-3S-07,WHC,TCG,S,GR2,RCG,PCG,SLCG,5,ترانزيت,026,X
026G-4S-07,WHC,TCG,S,GR2,RCG,PCG,SLCG,5,ترانزيت,026,X
026G-5S-07,WHC,TCG,S,GR2,RCG,PCG,SLCG,5,ترانزيت,026,X
026H-1S-08,WHC,TCG,S,GR2,RCG,PCG,SLCG,5,ترانزيت,026,X
026H-2S-08,WHC,TCG,S,GR2,RCG,PCG,SLCG,5,ترانزيت,026,X
026H-3S-08,WHC,TCG,S,GR2,RCG,PCG,SLCG,5,ترانزيت,026,X
026H-4S-08,WHC,TCG,S,GR2,RCG,PCG,SLCG,5,ترانزيت,026,X
026H-5S-08,WHC,TCG,S,GR2,RCG,PCG,SLCG,5,ترانزيت,026,X
026I-1S-09,WHC,TCG,S,GR2,RCG,PCG,SLCG,5,ترانزيت,026,X
026I-2S-09,WHC,TCG,S,GR2,RCG,PCG,SLCG,5,ترانزيت,026,X
026I-3S-09,WHC,TCG,S,GR2,RCG,PCG,SLCG,5,ترانزيت,026,X
026I-4S-09,WHC,TCG,S,GR2,RCG,PCG,SLCG,5,ترانزيت,026,X
026I-5S-09,WHC,TCG,S,GR2,RCG,PCG,SLCG,5,ترانزيت,026,X
026J-1S-10,WHC,TCG,S,GR2,RCG,PCG,SLCG,5,ترانزيت,026,X
026J-2S-10,WHC,TCG,S,GR2,RCG,PCG,SLCG,5,ترانزيت,026,X
026J-3S-10,WHC,TCG,S,GR2,RCG,PCG,SLCG,5,ترانزيت,026,X
026J-4S-10,WHC,TCG,S,GR2,RCG,PCG,SLCG,5,ترانزيت,026,X
026J-5S-10,WHC,TCG,S,GR2,RCG,PCG,SLCG,5,ترانزيت,026,X
026K-1S-11,WHC,TCG,S,GR2,RCG,PCG,SLCG,5,ترانزيت,026,X
026K-2S-11,WHC,TCG,S,GR2,RCG,PCG,SLCG,5,ترانزيت,026,X
026K-3S-11,WHC,TCG,S,GR2,RCG,PCG,SLCG,5,ترانزيت,026,X
026K-4S-11,WHC,TCG,S,GR2,RCG,PCG,SLCG,5,ترانزيت,026,X
026K-5S-11,WHC,TCG,S,GR2,RCG,PCG,SLCG,5,ترانزيت,026,X
026L-1S-12,WHC,TCG,S,GR2,RCG,PCG,SLCG,5,ترانزيت,026,X
026L-2S-12,WHC,TCG,S,GR2,RCG,PCG,SLCG,5,ترانزيت,026,X
026L-3S-12,WHC,TCG,S,GR2,RCG,PCG,SLCG,5,ترانزيت,026,X
026L-4S-12,WHC,TCG,S,GR2,RCG,PCG,SLCG,5,ترانزيت,026,X
026L-5S-12,WHC,TCG,S,GR2,RCG,PCG,SLCG,5,ترانزيت,026,X
026M-1S-13,WHC,TCG,S,GR2,RCG,PCG,SLCG,5,ترانزيت,026,X
026M-2S-13,WHC,TCG,S,GR2,RCG,PCG,SLCG,5,ترانزيت,026,X
026M-3S-13,WHC,TCG,S,GR2,RCG,PCG,SLCG,5,ترانزيت,026,X
026M-4S-13,WHC,TCG,S,GR2,RCG,PCG,SLCG,5,ترانزيت,026,X
026M-5S-13,WHC,TCG,S,GR2,RCG,PCG,SLCG,5,ترانزيت,026,X
026N-1S-14,WHC,TCG,S,GR2,RCG,PCG,SLCG,5,ترانزيت,026,X
026N-2S-14,WHC,TCG,S,GR2,RCG,PCG,SLCG,5,ترانزيت,026,X
026N-3S-14,WHC,TCG,S,GR2,RCG,PCG,SLCG,5,ترانزيت,026,X
026N-4S-14,WHC,TCG,S,GR2,RCG,PCG,SLCG,5,ترانزيت,026,X
026N-5S-14,WHC,TCG,S,GR2,RCG,PCG,SLCG,5,ترانزيت,026,X
026O-1S-15,WHC,TCG,S,GR2,RCG,PCG,SLCG,5,ترانزيت,026,X
026O-2S-15,WHC,TCG,S,GR2,RCG,PCG,SLCG,5,ترانزيت,026,X
026O-3S-15,WHC,TCG,S,GR2,RCG,PCG,SLCG,5,ترانزيت,026,X
026O-4S-15,WHC,TCG,S,GR2,RCG,PCG,SLCG,5,ترانزيت,026,X
026O-5S-15,WHC,TCG,S,GR2,RCG,PCG,SLCG,5,ترانزيت,026,X
026P-1S-16,WHC,TCG,S,GR2,RCG,PCG,SLCG,5,ترانزيت,026,X
026P-2S-16,WHC,TCG,S,GR2,RCG,PCG,SLCG,5,ترانزيت,026,X
026P-3S-16,WHC,TCG,S,GR2,RCG,PCG,SLCG,5,ترانزيت,026,X
026P-4S-16,WHC,TCG,S,GR2,RCG,PCG,SLCG,5,ترانزيت,026,X
026P-5S-16,WHC,TCG,S,GR2,RCG,PCG,SLCG,5,ترانزيت,026,X
026Q-1S-17,WHC,TCG,S,GR2,RCG,PCG,SLCG,5,ترانزيت,026,X
026Q-2S-17,WHC,TCG,S,GR2,RCG,PCG,SLCG,5,ترانزيت,026,X
026Q-3S-17,WHC,TCG,S,GR2,RCG,PCG,SLCG,5,ترانزيت,026,X
026Q-4S-17,WHC,TCG,S,GR2,RCG,PCG,SLCG,5,ترانزيت,026,X
026Q-5S-17,WHC,TCG,S,GR2,RCG,PCG,SLCG,5,ترانزيت,026,X
026R-1S-18,WHC,TCG,S,GR2,RCG,PCG,SLCG,5,ترانزيت,026,X
026R-2S-18,WHC,TCG,S,GR2,RCG,PCG,SLCG,5,ترانزيت,026,X
026R-3S-18,WHC,TCG,S,GR2,RCG,PCG,SLCG,5,ترانزيت,026,X
026R-4S-18,WHC,TCG,S,GR2,RCG,PCG,SLCG,5,ترانزيت,026,X
026R-5S-18,WHC,TCG,S,GR2,RCG,PCG,SLCG,5,ترانزيت,026,X
026S-1S-19,WHC,TCG,S,GR2,RCG,PCG,SLCG,5,ترانزيت,026,X
026S-2S-19,WHC,TCG,S,GR2,RCG,PCG,SLCG,5,ترانزيت,026,X
026S-3S-19,WHC,TCG,S,GR2,RCG,PCG,SLCG,5,ترانزيت,026,X
026S-4S-19,WHC,TCG,S,GR2,RCG,PCG,SLCG,5,ترانزيت,026,X
026S-5S-19,WHC,TCG,S,GR2,RCG,PCG,SLCG,5,ترانزيت,026,X
026T-1S-20,WHC,TCG,S,GR2,RCG,PCG,SLCG,5,ترانزيت,026,X
026T-2S-20,WHC,TCG,S,GR2,RCG,PCG,SLCG,5,ترانزيت,026,X
026T-3S-14,WHC,TCG,S,GR2,RCG,PCG,SLCG,5,ترانزيت,026,X
026T-3S-20,WHC,TCG,S,GR2,RCG,PCG,SLCG,5,ترانزيت,026,X
026T-4S-20,WHC,TCG,S,GR2,RCG,PCG,SLCG,5,ترانزيت,026,X
026T-5S-20,WHC,TCG,S,GR2,RCG,PCG,SLCG,5,ترانزيت,026,X
026U-1S-21,WHC,TCG,S,GR2,RCG,PCG,SLCG,5,ترانزيت,026,X
026U-2S-21,WHC,TCG,S,GR2,RCG,PCG,SLCG,5,ترانزيت,026,X
026U-3S-21,WHC,TCG,S,GR2,RCG,PCG,SLCG,5,ترانزيت,026,X
026U-4S-21,WHC,TCG,S,GR2,RCG,PCG,SLCG,5,ترانزيت,026,X
026U-5S-21,WHC,TCG,S,GR2,RCG,PCG,SLCG,5,ترانزيت,026,X
026V-1S-22,WHC,TCG,S,GR2,RCG,PCG,SLCG,5,ترانزيت,026,X
026V-2S-21,WHC,TCG,S,GR2,RCG,PCG,SLCG,5,ترانزيت,026,X
026V-2S-22,WHC,TCG,S,GR2,RCG,PCG,SLCG,5,ترانزيت,026,X
026V-3S-22,WHC,TCG,S,GR2,RCG,PCG,SLCG,5,ترانزيت,026,X
026V-4S-22,WHC,TCG,S,GR2,RCG,PCG,SLCG,5,ترانزيت,026,X
026V-5S-22,WHC,TCG,S,GR2,RCG,PCG,SLCG,5,ترانزيت,026,X
026W-1S-23,WHC,TCG,S,GR2,RCG,PCG,SLCG,5,ترانزيت,026,X
026W-2S-23,WHC,TCG,S,GR2,RCG,PCG,SLCG,5,ترانزيت,026,X
026W-3S-23,WHC,TCG,S,GR2,RCG,PCG,SLCG,5,ترانزيت,026,X
026W-4S-23,WHC,TCG,S,GR2,RCG,PCG,SLCG,5,ترانزيت,026,X
026W-5S-23,WHC,TCG,S,GR2,RCG,PCG,SLCG,5,ترانزيت,026,X
026X-1S-24,WHC,TCG,S,GR2,RCG,PCG,SLCG,5,ترانزيت,026,X
026X-2S-24,WHC,TCG,S,GR2,RCG,PCG,SLCG,5,ترانزيت,026,X
026X-3S-24,WHC,TCG,S,GR2,RCG,PCG,SLCG,5,ترانزيت,026,X
026X-4S-24,WHC,TCG,S,GR2,RCG,PCG,SLCG,5,ترانزيت,026,X
026X-5S-24,WHC,TCG,S,GR2,RCG,PCG,SLCG,5,ترانزيت,026,X
026Y-1S-25,WHC,TCG,S,GR2,RCG,PCG,SLCG,5,ترانزيت,026,X
026Y-2S-25,WHC,TCG,S,GR2,RCG,PCG,SLCG,5,ترانزيت,026,X
026Y-3S-25,WHC,TCG,S,GR2,RCG,PCG,SLCG,5,ترانزيت,026,X
026Y-4S-25,WHC,TCG,S,GR2,RCG,PCG,SLCG,5,ترانزيت,026,X
026Y-5S-25,WHC,TCG,S,GR2,RCG,PCG,SLCG,5,ترانزيت,026,X
026Z-1S-26,WHC,TCG,S,GR2,RCG,PCG,SLCG,5,ترانزيت,026,X
026Z-2S-26,WHC,TCG,S,GR2,RCG,PCG,SLCG,5,ترانزيت,026,X
026Z-3S-14,WHC,TCG,S,GR2,RCG,PCG,SLCG,5,ترانزيت,026,X
026Z-3S-26,WHC,TCG,S,GR2,RCG,PCG,SLCG,5,ترانزيت,026,X
026Z-4S-05,WHC,TCG,S,GR2,RCG,PCG,SLCG,5,ترانزيت,026,X
026Z-4S-26,WHC,TCG,S,GR2,RCG,PCG,SLCG,5,ترانزيت,026,X
026Z-5S-26,WHC,TCG,S,GR2,RCG,PCG,SLCG,5,ترانزيت,026,X
027A-1S-01,WHC,TCG,S,GR2,RCG,PCG,SLCG,6,شاور,027,X
027A-2S-01,WHC,TCG,S,GR2,RCG,PCG,SLCG,6,شاور,027,X
027A-3S-01,WHC,TCG,S,GR2,RCG,PCG,SLCG,6,شاور,027,X
027A-4S-01,WHC,TCG,S,GR2,RCG,PCG,SLCG,6,شاور,027,X
027A-5S-01,WHC,TCG,S,GR2,RCG,PCG,SLCG,6,شاور,027,X
027B-1S-02,WHC,TCG,S,GR2,RCG,PCG,SLCG,6,شاور,027,X
027B-2S-02,WHC,TCG,S,GR2,RCG,PCG,SLCG,6,شاور,027,X
027B-3S-02,WHC,TCG,S,GR2,RCG,PCG,SLCG,6,شاور,027,X
027B-4S-02,WHC,TCG,S,GR2,RCG,PCG,SLCG,6,شاور,027,X
027B-5S-02,WHC,TCG,S,GR2,RCG,PCG,SLCG,6,شاور,027,X
027C-1S-03,WHC,TCG,S,GR2,RCG,PCG,SLCG,6,شاور,027,X
027C-2S-03,WHC,TCG,S,GR2,RCG,PCG,SLCG,6,شاور,027,X
027C-3S-03,WHC,TCG,S,GR2,RCG,PCG,SLCG,6,شاور,027,X
027C-4S-03,WHC,TCG,S,GR2,RCG,PCG,SLCG,6,شاور,027,X
027C-5S-03,WHC,TCG,S,GR2,RCG,PCG,SLCG,6,شاور,027,X
027D-1S-04,WHC,TCG,S,GR2,RCG,PCG,SLCG,6,شاور,027,X
027D-2S-04,WHC,TCG,S,GR2,RCG,PCG,SLCG,6,شاور,027,X
027D-3S-04,WHC,TCG,S,GR2,RCG,PCG,SLCG,6,شاور,027,X
027D-4S-04,WHC,TCG,S,GR2,RCG,PCG,SLCG,6,شاور,027,X
027D-5S-04,WHC,TCG,S,GR2,RCG,PCG,SLCG,6,شاور,027,X
027E-1S-05,WHC,TCG,S,GR2,RCG,PCG,SLCG,6,شاور,027,X
027E-2S-05,WHC,TCG,S,GR2,RCG,PCG,SLCG,6,شاور,027,X
027E-3S-05,WHC,TCG,S,GR2,RCG,PCG,SLCG,6,شاور,027,X
027E-4S-05,WHC,TCG,S,GR2,RCG,PCG,SLCG,6,شاور,027,X
027E-5S-05,WHC,TCG,S,GR2,RCG,PCG,SLCG,6,شاور,027,X
027F-1S-06,WHC,TCG,S,GR2,RCG,PCG,SLCG,6,شاور,027,X
027F-2S-06,WHC,TCG,S,GR2,RCG,PCG,SLCG,6,شاور,027,X
027F-3S-06,WHC,TCG,S,GR2,RCG,PCG,SLCG,6,شاور,027,X
027F-4S-06,WHC,TCG,S,GR2,RCG,PCG,SLCG,6,شاور,027,X
027F-5S-06,WHC,TCG,S,GR2,RCG,PCG,SLCG,6,شاور,027,X
027G-1S-07,WHC,TCG,S,GR2,RCG,PCG,SLCG,6,شاور,027,X
027G-2S-07,WHC,TCG,S,GR2,RCG,PCG,SLCG,6,شاور,027,X
027G-3S-07,WHC,TCG,S,GR2,RCG,PCG,SLCG,6,شاور,027,X
027G-4S-07,WHC,TCG,S,GR2,RCG,PCG,SLCG,6,شاور,027,X
027G-5S-07,WHC,TCG,S,GR2,RCG,PCG,SLCG,6,شاور,027,X
027H-1S-08,WHC,TCG,S,GR2,RCG,PCG,SLCG,6,شاور,027,X
027H-2S-08,WHC,TCG,S,GR2,RCG,PCG,SLCG,6,شاور,027,X
027H-3S-08,WHC,TCG,S,GR2,RCG,PCG,SLCG,6,شاور,027,X
027H-4S-08,WHC,TCG,S,GR2,RCG,PCG,SLCG,6,شاور,027,X
027H-5S-08,WHC,TCG,S,GR2,RCG,PCG,SLCG,6,شاور,027,X
027I-1S-09,WHC,TCG,S,GR2,RCG,PCG,SLCG,6,شاور,027,X
027I-2S-09,WHC,TCG,S,GR2,RCG,PCG,SLCG,6,شاور,027,X
027I-3S-09,WHC,TCG,S,GR2,RCG,PCG,SLCG,6,شاور,027,X
027I-4S-09,WHC,TCG,S,GR2,RCG,PCG,SLCG,6,شاور,027,X
027I-5S-09,WHC,TCG,S,GR2,RCG,PCG,SLCG,6,شاور,027,X
027J-1S-10,WHC,TCG,S,GR2,RCG,PCG,SLCG,6,شاور,027,X
027J-2S-10,WHC,TCG,S,GR2,RCG,PCG,SLCG,6,شاور,027,X
027J-3S-10,WHC,TCG,S,GR2,RCG,PCG,SLCG,6,شاور,027,X
027J-4S-10,WHC,TCG,S,GR2,RCG,PCG,SLCG,6,شاور,027,X
027J-5S-10,WHC,TCG,S,GR2,RCG,PCG,SLCG,6,شاور,027,X
027K-1S-11,WHC,TCG,S,GR2,RCG,PCG,SLCG,6,شاور,027,X
027K-2S-11,WHC,TCG,S,GR2,RCG,PCG,SLCG,6,شاور,027,X
027K-3S-11,WHC,TCG,S,GR2,RCG,PCG,SLCG,6,شاور,027,X
027K-4S-11,WHC,TCG,S,GR2,RCG,PCG,SLCG,6,شاور,027,X
027K-5S-11,WHC,TCG,S,GR2,RCG,PCG,SLCG,6,شاور,027,X
027L-1S-12,WHC,TCG,S,GR2,RCG,PCG,SLCG,6,شاور,027,X
027L-2S-12,WHC,TCG,S,GR2,RCG,PCG,SLCG,6,شاور,027,X
027L-3S-12,WHC,TCG,S,GR2,RCG,PCG,SLCG,6,شاور,027,X
027L-4S-12,WHC,TCG,S,GR2,RCG,PCG,SLCG,6,شاور,027,X
027L-5S-12,WHC,TCG,S,GR2,RCG,PCG,SLCG,6,شاور,027,X
027M-1S-13,WHC,TCG,S,GR2,RCG,PCG,SLCG,6,شاور,027,X
027M-2S-13,WHC,TCG,S,GR2,RCG,PCG,SLCG,6,شاور,027,X
027M-3S-13,WHC,TCG,S,GR2,RCG,PCG,SLCG,6,شاور,027,X
027M-4S-13,WHC,TCG,S,GR2,RCG,PCG,SLCG,6,شاور,027,X
027M-5S-13,WHC,TCG,S,GR2,RCG,PCG,SLCG,6,شاور,027,X
027N-1S-14,WHC,TCG,S,GR2,RCG,PCG,SLCG,6,شاور,027,X
027N-2S-14,WHC,TCG,S,GR2,RCG,PCG,SLCG,6,شاور,027,X
027N-3S-14,WHC,TCG,S,GR2,RCG,PCG,SLCG,6,شاور,027,X
027N-4S-14,WHC,TCG,S,GR2,RCG,PCG,SLCG,6,شاور,027,X
027N-5S-14,WHC,TCG,S,GR2,RCG,PCG,SLCG,6,شاور,027,X
028A-1S-01,WHC,TCG,S,GR2,RCG,PCG,SLCG,6,شاور,028,X
028A-2S-01,WHC,TCG,S,GR2,RCG,PCG,SLCG,6,شاور,028,X
028A-3S-01,WHC,TCG,S,GR2,RCG,PCG,SLCG,6,شاور,028,X
028A-4S-01,WHC,TCG,S,GR2,RCG,PCG,SLCG,6,شاور,028,X
028A-5S-01,WHC,TCG,S,GR2,RCG,PCG,SLCG,6,شاور,028,X
028B-1S-02,WHC,TCG,S,GR2,RCG,PCG,SLCG,6,شاور,028,X
028B-2S-02,WHC,TCG,S,GR2,RCG,PCG,SLCG,6,شاور,028,X
028B-3S-02,WHC,TCG,S,GR2,RCG,PCG,SLCG,6,شاور,028,X
028B-4S-02,WHC,TCG,S,GR2,RCG,PCG,SLCG,6,شاور,028,X
028B-5S-02,WHC,TCG,S,GR2,RCG,PCG,SLCG,6,شاور,028,X
028C-1S-03,WHC,TCG,S,GR2,RCG,PCG,SLCG,6,شاور,028,X
028C-2S-03,WHC,TCG,S,GR2,RCG,PCG,SLCG,6,شاور,028,X
028C-3S-03,WHC,TCG,S,GR2,RCG,PCG,SLCG,6,شاور,028,X
028C-4S-03,WHC,TCG,S,GR2,RCG,PCG,SLCG,6,شاور,028,X
028C-5S-03,WHC,TCG,S,GR2,RCG,PCG,SLCG,6,شاور,028,X
028D-1S-04,WHC,TCG,S,GR2,RCG,PCG,SLCG,6,شاور,028,X
028D-2S-04,WHC,TCG,S,GR2,RCG,PCG,SLCG,6,شاور,028,X
028D-3S-04,WHC,TCG,S,GR2,RCG,PCG,SLCG,6,شاور,028,X
028D-4S-04,WHC,TCG,S,GR2,RCG,PCG,SLCG,6,شاور,028,X
028D-5S-04,WHC,TCG,S,GR2,RCG,PCG,SLCG,6,شاور,028,X
028E-1S-05,WHC,TCG,S,GR2,RCG,PCG,SLCG,6,شاور,028,X
028E-2S-05,WHC,TCG,S,GR2,RCG,PCG,SLCG,6,شاور,028,X
028E-3S-05,WHC,TCG,S,GR2,RCG,PCG,SLCG,6,شاور,028,X
028E-4S-05,WHC,TCG,S,GR2,RCG,PCG,SLCG,6,شاور,028,X
028E-5S-05,WHC,TCG,S,GR2,RCG,PCG,SLCG,6,شاور,028,X
028F-1S-06,WHC,TCG,S,GR2,RCG,PCG,SLCG,6,شاور,028,X
028F-2S-06,WHC,TCG,S,GR2,RCG,PCG,SLCG,6,شاور,028,X
028F-3S-06,WHC,TCG,S,GR2,RCG,PCG,SLCG,6,شاور,028,X
028F-4S-06,WHC,TCG,S,GR2,RCG,PCG,SLCG,6,شاور,028,X
028F-5S-06,WHC,TCG,S,GR2,RCG,PCG,SLCG,6,شاور,028,X
028G-1S-07,WHC,TCG,S,GR2,RCG,PCG,SLCG,6,شاور,028,X
028G-2S-07,WHC,TCG,S,GR2,RCG,PCG,SLCG,6,شاور,028,X
028G-3S-07,WHC,TCG,S,GR2,RCG,PCG,SLCG,6,شاور,028,X
028G-4S-07,WHC,TCG,S,GR2,RCG,PCG,SLCG,6,شاور,028,X
028G-5S-07,WHC,TCG,S,GR2,RCG,PCG,SLCG,6,شاور,028,X
028H-1S-08,WHC,TCG,S,GR2,RCG,PCG,SLCG,6,شاور,028,X
028H-2S-08,WHC,TCG,S,GR2,RCG,PCG,SLCG,6,شاور,028,X
028H-3S-08,WHC,TCG,S,GR2,RCG,PCG,SLCG,6,شاور,028,X
028H-4S-08,WHC,TCG,S,GR2,RCG,PCG,SLCG,6,شاور,028,X
028H-5S-08,WHC,TCG,S,GR2,RCG,PCG,SLCG,6,شاور,028,X
028I-1S-09,WHC,TCG,S,GR2,RCG,PCG,SLCG,6,شاور,028,X
028I-2S-09,WHC,TCG,S,GR2,RCG,PCG,SLCG,6,شاور,028,X
028I-3S-09,WHC,TCG,S,GR2,RCG,PCG,SLCG,6,شاور,028,X
028I-4S-09,WHC,TCG,S,GR2,RCG,PCG,SLCG,6,شاور,028,X
028I-5S-09,WHC,TCG,S,GR2,RCG,PCG,SLCG,6,شاور,028,X
028J-1S-10,WHC,TCG,S,GR2,RCG,PCG,SLCG,6,شاور,028,X
028J-2S-10,WHC,TCG,S,GR2,RCG,PCG,SLCG,6,شاور,028,X
028J-3S-10,WHC,TCG,S,GR2,RCG,PCG,SLCG,6,شاور,028,X
028J-4S-10,WHC,TCG,S,GR2,RCG,PCG,SLCG,6,شاور,028,X
028J-5S-10,WHC,TCG,S,GR2,RCG,PCG,SLCG,6,شاور,028,X
028K-1S-11,WHC,TCG,S,GR2,RCG,PCG,SLCG,6,شاور,028,X
028K-2S-11,WHC,TCG,S,GR2,RCG,PCG,SLCG,6,شاور,028,X
028K-3S-11,WHC,TCG,S,GR2,RCG,PCG,SLCG,6,شاور,028,X
028K-4S-11,WHC,TCG,S,GR2,RCG,PCG,SLCG,6,شاور,028,X
028K-5S-11,WHC,TCG,S,GR2,RCG,PCG,SLCG,6,شاور,028,X
028L-1S-12,WHC,TCG,S,GR2,RCG,PCG,SLCG,6,شاور,028,X
028L-2S-12,WHC,TCG,S,GR2,RCG,PCG,SLCG,6,شاور,028,X
028L-3S-12,WHC,TCG,S,GR2,RCG,PCG,SLCG,6,شاور,028,X
028L-4S-12,WHC,TCG,S,GR2,RCG,PCG,SLCG,6,شاور,028,X
028L-5S-12,WHC,TCG,S,GR2,RCG,PCG,SLCG,6,شاور,028,X
028M-1S-13,WHC,TCG,S,GR2,RCG,PCG,SLCG,6,شاور,028,X
028M-2S-13,WHC,TCG,S,GR2,RCG,PCG,SLCG,6,شاور,028,X
028M-3S-13,WHC,TCG,S,GR2,RCG,PCG,SLCG,6,شاور,028,X
028M-4S-13,WHC,TCG,S,GR2,RCG,PCG,SLCG,6,شاور,028,X
028M-5S-13,WHC,TCG,S,GR2,RCG,PCG,SLCG,6,شاور,028,X
028N-1S-14,WHC,TCG,S,GR2,RCG,PCG,SLCG,6,شاور,028,X
028N-2S-14,WHC,TCG,S,GR2,RCG,PCG,SLCG,6,شاور,028,X
028N-3S-14,WHC,TCG,S,GR2,RCG,PCG,SLCG,6,شاور,028,X
028N-4S-14,WHC,TCG,S,GR2,RCG,PCG,SLCG,6,شاور,028,X
028N-5S-14,WHC,TCG,S,GR2,RCG,PCG,SLCG,6,شاور,028,X
028O-1S-15,WHC,TCG,S,GR2,RCG,PCG,SLCG,6,شاور,028,X
028O-2S-15,WHC,TCG,S,GR2,RCG,PCG,SLCG,6,شاور,028,X
028O-3S-15,WHC,TCG,S,GR2,RCG,PCG,SLCG,6,شاور,028,X
028O-4S-15,WHC,TCG,S,GR2,RCG,PCG,SLCG,6,شاور,028,X
028O-5S-15,WHC,TCG,S,GR2,RCG,PCG,SLCG,6,شاور,028,X
028P-1S-16,WHC,TCG,S,GR2,RCG,PCG,SLCG,6,شاور,028,X
028P-2S-16,WHC,TCG,S,GR2,RCG,PCG,SLCG,6,شاور,028,X
028P-3S-16,WHC,TCG,S,GR2,RCG,PCG,SLCG,6,شاور,028,X
028P-4S-16,WHC,TCG,S,GR2,RCG,PCG,SLCG,6,شاور,028,X
028P-5S-16,WHC,TCG,S,GR2,RCG,PCG,SLCG,6,شاور,028,X
028Q-1S-17,WHC,TCG,S,GR2,RCG,PCG,SLCG,6,شاور,028,X
028Q-2S-17,WHC,TCG,S,GR2,RCG,PCG,SLCG,6,شاور,028,X
028Q-3S-17,WHC,TCG,S,GR2,RCG,PCG,SLCG,6,شاور,028,X
028Q-4S-17,WHC,TCG,S,GR2,RCG,PCG,SLCG,6,شاور,028,X
028Q-5S-17,WHC,TCG,S,GR2,RCG,PCG,SLCG,6,شاور,028,X
028R-1S-18,WHC,TCG,S,GR2,RCG,PCG,SLCG,6,شاور,028,X
028R-2S-18,WHC,TCG,S,GR2,RCG,PCG,SLCG,6,شاور,028,X
028R-3S-18,WHC,TCG,S,GR2,RCG,PCG,SLCG,6,شاور,028,X
028R-4S-18,WHC,TCG,S,GR2,RCG,PCG,SLCG,6,شاور,028,X
028R-5S-18,WHC,TCG,S,GR2,RCG,PCG,SLCG,6,شاور,028,X
028S-1S-19,WHC,TCG,S,GR2,RCG,PCG,SLCG,6,شاور,028,X
028S-2S-19,WHC,TCG,S,GR2,RCG,PCG,SLCG,6,شاور,028,X
028S-3S-19,WHC,TCG,S,GR2,RCG,PCG,SLCG,6,شاور,028,X
028S-4S-19,WHC,TCG,S,GR2,RCG,PCG,SLCG,6,شاور,028,X
028S-5S-19,WHC,TCG,S,GR2,RCG,PCG,SLCG,6,شاور,028,X
028T-1S-20,WHC,TCG,S,GR2,RCG,PCG,SLCG,6,شاور,028,X
028T-2S-20,WHC,TCG,S,GR2,RCG,PCG,SLCG,6,شاور,028,X
028T-3S-20,WHC,TCG,S,GR2,RCG,PCG,SLCG,6,شاور,028,X
028T-4S-20,WHC,TCG,S,GR2,RCG,PCG,SLCG,6,شاور,028,X
028T-5S-20,WHC,TCG,S,GR2,RCG,PCG,SLCG,6,شاور,028,X
028U-1S-21,WHC,TCG,S,GR2,RCG,PCG,SLCG,6,شاور,028,X
028U-2S-21,WHC,TCG,S,GR2,RCG,PCG,SLCG,6,شاور,028,X
028U-3S-21,WHC,TCG,S,GR2,RCG,PCG,SLCG,6,شاور,028,X
028U-4S-21,WHC,TCG,S,GR2,RCG,PCG,SLCG,6,شاور,028,X
028U-5S-21,WHC,TCG,S,GR2,RCG,PCG,SLCG,6,شاور,028,X
028V-1S-22,WHC,TCG,S,GR2,RCG,PCG,SLCG,6,شاور,028,X
028V-2S-22,WHC,TCG,S,GR2,RCG,PCG,SLCG,6,شاور,028,X
028V-3S-22,WHC,TCG,S,GR2,RCG,PCG,SLCG,6,شاور,028,X
028V-4S-22,WHC,TCG,S,GR2,RCG,PCG,SLCG,6,شاور,028,X
028V-5S-22,WHC,TCG,S,GR2,RCG,PCG,SLCG,6,شاور,028,X
028W-1S-23,WHC,TCG,S,GR2,RCG,PCG,SLCG,6,شاور,028,X
028W-2S-23,WHC,TCG,S,GR2,RCG,PCG,SLCG,6,شاور,028,X
028W-3S-23,WHC,TCG,S,GR2,RCG,PCG,SLCG,6,شاور,028,X
028W-4S-23,WHC,TCG,S,GR2,RCG,PCG,SLCG,6,شاور,028,X
028W-5S-23,WHC,TCG,S,GR2,RCG,PCG,SLCG,6,شاور,028,X
028X-1S-24,WHC,TCG,S,GR2,RCG,PCG,SLCG,6,شاور,028,X
028X-2S-24,WHC,TCG,S,GR2,RCG,PCG,SLCG,6,شاور,028,X
028X-3S-24,WHC,TCG,S,GR2,RCG,PCG,SLCG,6,شاور,028,X
028X-4S-24,WHC,TCG,S,GR2,RCG,PCG,SLCG,6,شاور,028,X
028X-5S-24,WHC,TCG,S,GR2,RCG,PCG,SLCG,6,شاور,028,X
029A-1S-01,WHC,TCG,S,GR2,RCG,PCG,SLCG,6,شاور,029,X
029A-2S-01,WHC,TCG,S,GR2,RCG,PCG,SLCG,6,شاور,029,X
029A-3S-01,WHC,TCG,S,GR2,RCG,PCG,SLCG,6,شاور,029,X
029A-4S-01,WHC,TCG,S,GR2,RCG,PCG,SLCG,6,شاور,029,X
029A-5S-01,WHC,TCG,S,GR2,RCG,PCG,SLCG,6,شاور,029,X
029B-1S-02,WHC,TCG,S,GR2,RCG,PCG,SLCG,6,شاور,029,X
029B-2S-02,WHC,TCG,S,GR2,RCG,PCG,SLCG,6,شاور,029,X
029B-3S-02,WHC,TCG,S,GR2,RCG,PCG,SLCG,6,شاور,029,X
029B-4S-02,WHC,TCG,S,GR2,RCG,PCG,SLCG,6,شاور,029,X
029B-5S-02,WHC,TCG,S,GR2,RCG,PCG,SLCG,6,شاور,029,X
029C-1S-03,WHC,TCG,S,GR2,RCG,PCG,SLCG,6,شاور,029,X
029C-2S-03,WHC,TCG,S,GR2,RCG,PCG,SLCG,6,شاور,029,X
029C-3S-03,WHC,TCG,S,GR2,RCG,PCG,SLCG,6,شاور,029,X
029C-4S-03,WHC,TCG,S,GR2,RCG,PCG,SLCG,6,شاور,029,X
029C-5S-03,WHC,TCG,S,GR2,RCG,PCG,SLCG,6,شاور,029,X
029D-1S-04,WHC,TCG,S,GR2,RCG,PCG,SLCG,6,شاور,029,X
029D-2S-04,WHC,TCG,S,GR2,RCG,PCG,SLCG,6,شاور,029,X
029D-3S-04,WHC,TCG,S,GR2,RCG,PCG,SLCG,6,شاور,029,X
029D-4S-04,WHC,TCG,S,GR2,RCG,PCG,SLCG,6,شاور,029,X
029D-5S-04,WHC,TCG,S,GR2,RCG,PCG,SLCG,6,شاور,029,X
029E-1S-05,WHC,TCG,S,GR2,RCG,PCG,SLCG,6,شاور,029,X
029E-2S-05,WHC,TCG,S,GR2,RCG,PCG,SLCG,6,شاور,029,X
029E-3S-05,WHC,TCG,S,GR2,RCG,PCG,SLCG,6,شاور,029,X
029E-4S-05,WHC,TCG,S,GR2,RCG,PCG,SLCG,6,شاور,029,X
029E-5S-05,WHC,TCG,S,GR2,RCG,PCG,SLCG,6,شاور,029,X
029F-1S-06,WHC,TCG,S,GR2,RCG,PCG,SLCG,6,شاور,029,X
029F-2S-06,WHC,TCG,S,GR2,RCG,PCG,SLCG,6,شاور,029,X
029F-3S-06,WHC,TCG,S,GR2,RCG,PCG,SLCG,6,شاور,029,X
029F-4S-06,WHC,TCG,S,GR2,RCG,PCG,SLCG,6,شاور,029,X
029F-5S-06,WHC,TCG,S,GR2,RCG,PCG,SLCG,6,شاور,029,X
029G-1S-07,WHC,TCG,S,GR2,RCG,PCG,SLCG,6,شاور,029,X
029G-2S-07,WHC,TCG,S,GR2,RCG,PCG,SLCG,6,شاور,029,X
029G-3S-07,WHC,TCG,S,GR2,RCG,PCG,SLCG,6,شاور,029,X
029G-4S-07,WHC,TCG,S,GR2,RCG,PCG,SLCG,6,شاور,029,X
029G-5S-07,WHC,TCG,S,GR2,RCG,PCG,SLCG,6,شاور,029,X
029H-1S-08,WHC,TCG,S,GR2,RCG,PCG,SLCG,6,شاور,029,X
029H-2S-08,WHC,TCG,S,GR2,RCG,PCG,SLCG,6,شاور,029,X
029H-3S-08,WHC,TCG,S,GR2,RCG,PCG,SLCG,6,شاور,029,X
029H-4S-08,WHC,TCG,S,GR2,RCG,PCG,SLCG,6,شاور,029,X
029H-5S-08,WHC,TCG,S,GR2,RCG,PCG,SLCG,6,شاور,029,X
029I-1S-09,WHC,TCG,S,GR2,RCG,PCG,SLCG,6,شاور,029,X
029I-2S-09,WHC,TCG,S,GR2,RCG,PCG,SLCG,6,شاور,029,X
029I-3S-09,WHC,TCG,S,GR2,RCG,PCG,SLCG,6,شاور,029,X
029I-4S-09,WHC,TCG,S,GR2,RCG,PCG,SLCG,6,شاور,029,X
029I-5S-09,WHC,TCG,S,GR2,RCG,PCG,SLCG,6,شاور,029,X
029J-1S-10,WHC,TCG,S,GR2,RCG,PCG,SLCG,6,شاور,029,X
029J-2S-10,WHC,TCG,S,GR2,RCG,PCG,SLCG,6,شاور,029,X
029J-3S-10,WHC,TCG,S,GR2,RCG,PCG,SLCG,6,شاور,029,X
029J-4S-10,WHC,TCG,S,GR2,RCG,PCG,SLCG,6,شاور,029,X
029J-5S-10,WHC,TCG,S,GR2,RCG,PCG,SLCG,6,شاور,029,X
029K-1S-11,WHC,TCG,S,GR2,RCG,PCG,SLCG,6,شاور,029,X
029K-2S-11,WHC,TCG,S,GR2,RCG,PCG,SLCG,6,شاور,029,X
029K-3S-11,WHC,TCG,S,GR2,RCG,PCG,SLCG,6,شاور,029,X
029K-4S-11,WHC,TCG,S,GR2,RCG,PCG,SLCG,6,شاور,029,X
029K-5S-11,WHC,TCG,S,GR2,RCG,PCG,SLCG,6,شاور,029,X
029L-1S-12,WHC,TCG,S,GR2,RCG,PCG,SLCG,6,شاور,029,X
029L-2S-12,WHC,TCG,S,GR2,RCG,PCG,SLCG,6,شاور,029,X
029L-3S-12,WHC,TCG,S,GR2,RCG,PCG,SLCG,6,شاور,029,X
029L-4S-12,WHC,TCG,S,GR2,RCG,PCG,SLCG,6,شاور,029,X
029L-5S-12,WHC,TCG,S,GR2,RCG,PCG,SLCG,6,شاور,029,X
029M-1S-13,WHC,TCG,S,GR2,RCG,PCG,SLCG,6,شاور,029,X
029M-2S-13,WHC,TCG,S,GR2,RCG,PCG,SLCG,6,شاور,029,X
029M-3S-13,WHC,TCG,S,GR2,RCG,PCG,SLCG,6,شاور,029,X
029M-4S-13,WHC,TCG,S,GR2,RCG,PCG,SLCG,6,شاور,029,X
029M-5S-13,WHC,TCG,S,GR2,RCG,PCG,SLCG,6,شاور,029,X
029N-1S-14,WHC,TCG,S,GR2,RCG,PCG,SLCG,6,شاور,029,X
029N-2S-14,WHC,TCG,S,GR2,RCG,PCG,SLCG,6,شاور,029,X
029N-3S-14,WHC,TCG,S,GR2,RCG,PCG,SLCG,6,شاور,029,X
029N-4S-14,WHC,TCG,S,GR2,RCG,PCG,SLCG,6,شاور,029,X
029N-5S-14,WHC,TCG,S,GR2,RCG,PCG,SLCG,6,شاور,029,X
029O-1S-15,WHC,TCG,S,GR2,RCG,PCG,SLCG,6,شاور,029,X
029O-2S-15,WHC,TCG,S,GR2,RCG,PCG,SLCG,6,شاور,029,X
029O-3S-15,WHC,TCG,S,GR2,RCG,PCG,SLCG,6,شاور,029,X
029O-4S-15,WHC,TCG,S,GR2,RCG,PCG,SLCG,6,شاور,029,X
029O-5S-15,WHC,TCG,S,GR2,RCG,PCG,SLCG,6,شاور,029,X
029P-1S-16,WHC,TCG,S,GR2,RCG,PCG,SLCG,6,شاور,029,X
029P-2S-16,WHC,TCG,S,GR2,RCG,PCG,SLCG,6,شاور,029,X
029P-3S-16,WHC,TCG,S,GR2,RCG,PCG,SLCG,6,شاور,029,X
029P-4S-16,WHC,TCG,S,GR2,RCG,PCG,SLCG,6,شاور,029,X
029P-5S-16,WHC,TCG,S,GR2,RCG,PCG,SLCG,6,شاور,029,X
029Q-1S-17,WHC,TCG,S,GR2,RCG,PCG,SLCG,6,شاور,029,X
029Q-2S-17,WHC,TCG,S,GR2,RCG,PCG,SLCG,6,شاور,029,X
029Q-3S-17,WHC,TCG,S,GR2,RCG,PCG,SLCG,6,شاور,029,X
029Q-4S-17,WHC,TCG,S,GR2,RCG,PCG,SLCG,6,شاور,029,X
029Q-5S-17,WHC,TCG,S,GR2,RCG,PCG,SLCG,6,شاور,029,X
030A-1S-01,WHC,TCG,S,GR2,RCG,PCG,SLCG,6,شاور,030,X
030A-2S-01,WHC,TCG,S,GR2,RCG,PCG,SLCG,6,شاور,030,X
030A-3S-01,WHC,TCG,S,GR2,RCG,PCG,SLCG,6,شاور,030,X
030A-4S-01,WHC,TCG,S,GR2,RCG,PCG,SLCG,6,شاور,030,X
030A-5S-01,WHC,TCG,S,GR2,RCG,PCG,SLCG,6,شاور,030,X
030B-1S-02,WHC,TCG,S,GR2,RCG,PCG,SLCG,6,شاور,030,X
030B-2S-02,WHC,TCG,S,GR2,RCG,PCG,SLCG,6,شاور,030,X
030B-3S-02,WHC,TCG,S,GR2,RCG,PCG,SLCG,6,شاور,030,X
030B-4S-02,WHC,TCG,S,GR2,RCG,PCG,SLCG,6,شاور,030,X
030B-5S-02,WHC,TCG,S,GR2,RCG,PCG,SLCG,6,شاور,030,X
030C-1S-03,WHC,TCG,S,GR2,RCG,PCG,SLCG,6,شاور,030,X
030C-2S-03,WHC,TCG,S,GR2,RCG,PCG,SLCG,6,شاور,030,X
030C-3S-03,WHC,TCG,S,GR2,RCG,PCG,SLCG,6,شاور,030,X
030C-4S-03,WHC,TCG,S,GR2,RCG,PCG,SLCG,6,شاور,030,X
030C-5S-03,WHC,TCG,S,GR2,RCG,PCG,SLCG,6,شاور,030,X
030D-1S-04,WHC,TCG,S,GR2,RCG,PCG,SLCG,6,شاور,030,X
030D-2S-04,WHC,TCG,S,GR2,RCG,PCG,SLCG,6,شاور,030,X
030D-3S-04,WHC,TCG,S,GR2,RCG,PCG,SLCG,6,شاور,030,X
030D-4S-04,WHC,TCG,S,GR2,RCG,PCG,SLCG,6,شاور,030,X
030D-5S-04,WHC,TCG,S,GR2,RCG,PCG,SLCG,6,شاور,030,X
030E-1S-05,WHC,TCG,S,GR2,RCG,PCG,SLCG,6,شاور,030,X
030E-2S-05,WHC,TCG,S,GR2,RCG,PCG,SLCG,6,شاور,030,X
030E-3S-05,WHC,TCG,S,GR2,RCG,PCG,SLCG,6,شاور,030,X
030E-4S-05,WHC,TCG,S,GR2,RCG,PCG,SLCG,6,شاور,030,X
030E-5S-05,WHC,TCG,S,GR2,RCG,PCG,SLCG,6,شاور,030,X
030F-1S-06,WHC,TCG,S,GR2,RCG,PCG,SLCG,6,شاور,030,X
030F-2S-06,WHC,TCG,S,GR2,RCG,PCG,SLCG,6,شاور,030,X
030F-3S-06,WHC,TCG,S,GR2,RCG,PCG,SLCG,6,شاور,030,X
030F-4S-06,WHC,TCG,S,GR2,RCG,PCG,SLCG,6,شاور,030,X
030F-5S-06,WHC,TCG,S,GR2,RCG,PCG,SLCG,6,شاور,030,X
030G-1S-07,WHC,TCG,S,GR2,RCG,PCG,SLCG,6,شاور,030,X
030G-2S-07,WHC,TCG,S,GR2,RCG,PCG,SLCG,6,شاور,030,X
030G-3S-07,WHC,TCG,S,GR2,RCG,PCG,SLCG,6,شاور,030,X
030G-4S-07,WHC,TCG,S,GR2,RCG,PCG,SLCG,6,شاور,030,X
030G-5S-07,WHC,TCG,S,GR2,RCG,PCG,SLCG,6,شاور,030,X
030H-1S-08,WHC,TCG,S,GR2,RCG,PCG,SLCG,6,شاور,030,X
030H-2S-08,WHC,TCG,S,GR2,RCG,PCG,SLCG,6,شاور,030,X
030H-3S-08,WHC,TCG,S,GR2,RCG,PCG,SLCG,6,شاور,030,X
030H-4S-08,WHC,TCG,S,GR2,RCG,PCG,SLCG,6,شاور,030,X
030H-5S-08,WHC,TCG,S,GR2,RCG,PCG,SLCG,6,شاور,030,X
030I-1S-09,WHC,TCG,S,GR2,RCG,PCG,SLCG,6,شاور,030,X
030I-2S-09,WHC,TCG,S,GR2,RCG,PCG,SLCG,6,شاور,030,X
030I-3S-09,WHC,TCG,S,GR2,RCG,PCG,SLCG,6,شاور,030,X
030I-4S-09,WHC,TCG,S,GR2,RCG,PCG,SLCG,6,شاور,030,X
030I-5S-09,WHC,TCG,S,GR2,RCG,PCG,SLCG,6,شاور,030,X
030J-1S-10,WHC,TCG,S,GR2,RCG,PCG,SLCG,6,شاور,030,X
030J-2S-10,WHC,TCG,S,GR2,RCG,PCG,SLCG,6,شاور,030,X
030J-3S-10,WHC,TCG,S,GR2,RCG,PCG,SLCG,6,شاور,030,X
030J-4S-10,WHC,TCG,S,GR2,RCG,PCG,SLCG,6,شاور,030,X
030J-5S-10,WHC,TCG,S,GR2,RCG,PCG,SLCG,6,شاور,030,X
030K-1S-11,WHC,TCG,S,GR2,RCG,PCG,SLCG,6,شاور,030,X
030K-2S-11,WHC,TCG,S,GR2,RCG,PCG,SLCG,6,شاور,030,X
030K-3S-11,WHC,TCG,S,GR2,RCG,PCG,SLCG,6,شاور,030,X
030K-4S-11,WHC,TCG,S,GR2,RCG,PCG,SLCG,6,شاور,030,X
030K-5S-11,WHC,TCG,S,GR2,RCG,PCG,SLCG,6,شاور,030,X
030L-1S-12,WHC,TCG,S,GR2,RCG,PCG,SLCG,6,شاور,030,X
030L-2S-12,WHC,TCG,S,GR2,RCG,PCG,SLCG,6,شاور,030,X
030L-3S-12,WHC,TCG,S,GR2,RCG,PCG,SLCG,6,شاور,030,X
030L-4S-12,WHC,TCG,S,GR2,RCG,PCG,SLCG,6,شاور,030,X
030L-5S-12,WHC,TCG,S,GR2,RCG,PCG,SLCG,6,شاور,030,X
030M-1S-13,WHC,TCG,S,GR2,RCG,PCG,SLCG,6,شاور,030,X
030M-2S-13,WHC,TCG,S,GR2,RCG,PCG,SLCG,6,شاور,030,X
030M-3S-13,WHC,TCG,S,GR2,RCG,PCG,SLCG,6,شاور,030,X
030M-4S-13,WHC,TCG,S,GR2,RCG,PCG,SLCG,6,شاور,030,X
030M-5S-13,WHC,TCG,S,GR2,RCG,PCG,SLCG,6,شاور,030,X
030N-1S-14,WHC,TCG,S,GR2,RCG,PCG,SLCG,6,شاور,030,X
030N-2S-14,WHC,TCG,S,GR2,RCG,PCG,SLCG,6,شاور,030,X
030N-3S-14,WHC,TCG,S,GR2,RCG,PCG,SLCG,6,شاور,030,X
030N-4S-14,WHC,TCG,S,GR2,RCG,PCG,SLCG,6,شاور,030,X
030N-5S-14,WHC,TCG,S,GR2,RCG,PCG,SLCG,6,شاور,030,X
030O-1S-15,WHC,TCG,S,GR2,RCG,PCG,SLCG,6,شاور,030,X
030O-2S-15,WHC,TCG,S,GR2,RCG,PCG,SLCG,6,شاور,030,X
030O-3S-15,WHC,TCG,S,GR2,RCG,PCG,SLCG,6,شاور,030,X
030O-4S-15,WHC,TCG,S,GR2,RCG,PCG,SLCG,6,شاور,030,X
030O-5S-15,WHC,TCG,S,GR2,RCG,PCG,SLCG,6,شاور,030,X
030P-1S-16,WHC,TCG,S,GR2,RCG,PCG,SLCG,6,شاور,030,X
030P-2S-16,WHC,TCG,S,GR2,RCG,PCG,SLCG,6,شاور,030,X
030P-3S-16,WHC,TCG,S,GR2,RCG,PCG,SLCG,6,شاور,030,X
030P-4S-16,WHC,TCG,S,GR2,RCG,PCG,SLCG,6,شاور,030,X
030P-5S-16,WHC,TCG,S,GR2,RCG,PCG,SLCG,6,شاور,030,X
030Q-1S-17,WHC,TCG,S,GR2,RCG,PCG,SLCG,6,شاور,030,X
030Q-2S-17,WHC,TCG,S,GR2,RCG,PCG,SLCG,6,شاور,030,X
030Q-3S-17,WHC,TCG,S,GR2,RCG,PCG,SLCG,6,شاور,030,X
030Q-4S-17,WHC,TCG,S,GR2,RCG,PCG,SLCG,6,شاور,030,X
030Q-5S-17,WHC,TCG,S,GR2,RCG,PCG,SLCG,6,شاور,030,X
030R-1S-18,WHC,TCG,S,GR2,RCG,PCG,SLCG,6,شاور,030,X
030R-2S-18,WHC,TCG,S,GR2,RCG,PCG,SLCG,6,شاور,030,X
030R-3S-18,WHC,TCG,S,GR2,RCG,PCG,SLCG,6,شاور,030,X
030R-4S-18,WHC,TCG,S,GR2,RCG,PCG,SLCG,6,شاور,030,X
030R-5S-18,WHC,TCG,S,GR2,RCG,PCG,SLCG,6,شاور,030,X
030S-1S-19,WHC,TCG,S,GR2,RCG,PCG,SLCG,6,شاور,030,X
030S-2S-19,WHC,TCG,S,GR2,RCG,PCG,SLCG,6,شاور,030,X
030S-3S-19,WHC,TCG,S,GR2,RCG,PCG,SLCG,6,شاور,030,X
030S-4S-19,WHC,TCG,S,GR2,RCG,PCG,SLCG,6,شاور,030,X
030S-5S-19,WHC,TCG,S,GR2,RCG,PCG,SLCG,6,شاور,030,X
030T-1S-20,WHC,TCG,S,GR2,RCG,PCG,SLCG,6,شاور,030,X
030T-2S-20,WHC,TCG,S,GR2,RCG,PCG,SLCG,6,شاور,030,X
030T-3S-20,WHC,TCG,S,GR2,RCG,PCG,SLCG,6,شاور,030,X
030T-4S-20,WHC,TCG,S,GR2,RCG,PCG,SLCG,6,شاور,030,X
030T-5S-20,WHC,TCG,S,GR2,RCG,PCG,SLCG,6,شاور,030,X
030U-1S-21,WHC,TCG,S,GR2,RCG,PCG,SLCG,6,شاور,030,X
030U-2S-21,WHC,TCG,S,GR2,RCG,PCG,SLCG,6,شاور,030,X
030U-3S-21,WHC,TCG,S,GR2,RCG,PCG,SLCG,6,شاور,030,X
030U-4S-21,WHC,TCG,S,GR2,RCG,PCG,SLCG,6,شاور,030,X
030U-5S-21,WHC,TCG,S,GR2,RCG,PCG,SLCG,6,شاور,030,X
030V-1S-22,WHC,TCG,S,GR2,RCG,PCG,SLCG,6,شاور,030,X
030V-2S-22,WHC,TCG,S,GR2,RCG,PCG,SLCG,6,شاور,030,X
030V-3S-22,WHC,TCG,S,GR2,RCG,PCG,SLCG,6,شاور,030,X
030V-4S-22,WHC,TCG,S,GR2,RCG,PCG,SLCG,6,شاور,030,X
030V-5S-22,WHC,TCG,S,GR2,RCG,PCG,SLCG,6,شاور,030,X
030W-1S-23,WHC,TCG,S,GR2,RCG,PCG,SLCG,6,شاور,030,X
030W-2S-23,WHC,TCG,S,GR2,RCG,PCG,SLCG,6,شاور,030,X
030W-3S-23,WHC,TCG,S,GR2,RCG,PCG,SLCG,6,شاور,030,X
030W-4S-23,WHC,TCG,S,GR2,RCG,PCG,SLCG,6,شاور,030,X
030W-5S-23,WHC,TCG,S,GR2,RCG,PCG,SLCG,6,شاور,030,X
030X-1S-24,WHC,TCG,S,GR2,RCG,PCG,SLCG,6,شاور,030,X
030X-2S-24,WHC,TCG,S,GR2,RCG,PCG,SLCG,6,شاور,030,X
030X-3S-24,WHC,TCG,S,GR2,RCG,PCG,SLCG,6,شاور,030,X
030X-4S-24,WHC,TCG,S,GR2,RCG,PCG,SLCG,6,شاور,030,X
030X-5S-24,WHC,TCG,S,GR2,RCG,PCG,SLCG,6,شاور,030,X
030Y-1S-25,WHC,TCG,S,GR2,RCG,PCG,SLCG,6,شاور,030,X
030Y-2S-25,WHC,TCG,S,GR2,RCG,PCG,SLCG,6,شاور,030,X
030Y-3S-25,WHC,TCG,S,GR2,RCG,PCG,SLCG,6,شاور,030,X
030Y-4S-25,WHC,TCG,S,GR2,RCG,PCG,SLCG,6,شاور,030,X
030Y-5S-25,WHC,TCG,S,GR2,RCG,PCG,SLCG,6,شاور,030,X
030Z-1S-26,WHC,TCG,S,GR2,RCG,PCG,SLCG,6,شاور,030,X
030Z-2S-26,WHC,TCG,S,GR2,RCG,PCG,SLCG,6,شاور,030,X
030Z-3S-26,WHC,TCG,S,GR2,RCG,PCG,SLCG,6,شاور,030,X
030Z-4S-26,WHC,TCG,S,GR2,RCG,PCG,SLCG,6,شاور,030,X
030Z-5S-26,WHC,TCG,S,GR2,RCG,PCG,SLCG,6,شاور,030,X
031A-1S-01,WHC,TCG,S,GR2,RCG,PCG,SLCG,5 // 1,تساتر وهدايا / ترانزيت,031,X
031A-2S-01,WHC,TCG,S,GR2,RCG,PCG,SLCG,5 // 1,تساتر وهدايا / ترانزيت,031,X
031A-3S-01,WHC,TCG,S,GR2,RCG,PCG,SLCG,5 // 1,تساتر وهدايا / ترانزيت,031,X
031A-4S-01,WHC,TCG,S,GR2,RCG,PCG,SLCG,5 // 1,تساتر وهدايا / ترانزيت,031,X
031A-5S-01,WHC,TCG,S,GR2,RCG,PCG,SLCG,5 // 1,تساتر وهدايا / ترانزيت,031,X
031B-1S-02,WHC,TCG,S,GR2,RCG,PCG,SLCG,5 // 1,تساتر وهدايا / ترانزيت,031,X
031B-2S-02,WHC,TCG,S,GR2,RCG,PCG,SLCG,5 // 1,تساتر وهدايا / ترانزيت,031,X
031B-3S-02,WHC,TCG,S,GR2,RCG,PCG,SLCG,5 // 1,تساتر وهدايا / ترانزيت,031,X
031B-4S-02,WHC,TCG,S,GR2,RCG,PCG,SLCG,5 // 1,تساتر وهدايا / ترانزيت,031,X
031B-5S-02,WHC,TCG,S,GR2,RCG,PCG,SLCG,5 // 1,تساتر وهدايا / ترانزيت,031,X
031C-1S-03,WHC,TCG,S,GR2,RCG,PCG,SLCG,5 // 1,تساتر وهدايا / ترانزيت,031,X
031C-2S-03,WHC,TCG,S,GR2,RCG,PCG,SLCG,5 // 1,تساتر وهدايا / ترانزيت,031,X
031C-3S-03,WHC,TCG,S,GR2,RCG,PCG,SLCG,5 // 1,تساتر وهدايا / ترانزيت,031,X
031C-4S-03,WHC,TCG,S,GR2,RCG,PCG,SLCG,5 // 1,تساتر وهدايا / ترانزيت,031,X
031C-5S-03,WHC,TCG,S,GR2,RCG,PCG,SLCG,5 // 1,تساتر وهدايا / ترانزيت,031,X
031D-1S-04,WHC,TCG,S,GR2,RCG,PCG,SLCG,5 // 1,تساتر وهدايا / ترانزيت,031,X
031D-2S-04,WHC,TCG,S,GR2,RCG,PCG,SLCG,5 // 1,تساتر وهدايا / ترانزيت,031,X
031D-3S-04,WHC,TCG,S,GR2,RCG,PCG,SLCG,5 // 1,تساتر وهدايا / ترانزيت,031,X
031D-4S-04,WHC,TCG,S,GR2,RCG,PCG,SLCG,5 // 1,تساتر وهدايا / ترانزيت,031,X
031D-5S-04,WHC,TCG,S,GR2,RCG,PCG,SLCG,5 // 1,تساتر وهدايا / ترانزيت,031,X
031E-1S-05,WHC,TCG,S,GR2,RCG,PCG,SLCG,5 // 1,تساتر وهدايا / ترانزيت,031,X
031E-2S-05,WHC,TCG,S,GR2,RCG,PCG,SLCG,5 // 1,تساتر وهدايا / ترانزيت,031,X
031E-3S-05,WHC,TCG,S,GR2,RCG,PCG,SLCG,5 // 1,تساتر وهدايا / ترانزيت,031,X
031E-4S-05,WHC,TCG,S,GR2,RCG,PCG,SLCG,5 // 1,تساتر وهدايا / ترانزيت,031,X
031E-5S-05,WHC,TCG,S,GR2,RCG,PCG,SLCG,5 // 1,تساتر وهدايا / ترانزيت,031,X
031F-1S-06,WHC,TCG,S,GR2,RCG,PCG,SLCG,5 // 1,تساتر وهدايا / ترانزيت,031,X
031F-2S-06,WHC,TCG,S,GR2,RCG,PCG,SLCG,5 // 1,تساتر وهدايا / ترانزيت,031,X
031F-3S-06,WHC,TCG,S,GR2,RCG,PCG,SLCG,5 // 1,تساتر وهدايا / ترانزيت,031,X
031F-4S-06,WHC,TCG,S,GR2,RCG,PCG,SLCG,5 // 1,تساتر وهدايا / ترانزيت,031,X
031F-5S-06,WHC,TCG,S,GR2,RCG,PCG,SLCG,5 // 1,تساتر وهدايا / ترانزيت,031,X
031G-1S-07,WHC,TCG,S,GR2,RCG,PCG,SLCG,5 // 1,تساتر وهدايا / ترانزيت,031,X
031G-2S-07,WHC,TCG,S,GR2,RCG,PCG,SLCG,5 // 1,تساتر وهدايا / ترانزيت,031,X
031G-3S-07,WHC,TCG,S,GR2,RCG,PCG,SLCG,5 // 1,تساتر وهدايا / ترانزيت,031,X
031G-4S-07,WHC,TCG,S,GR2,RCG,PCG,SLCG,5 // 1,تساتر وهدايا / ترانزيت,031,X
031G-5S-07,WHC,TCG,S,GR2,RCG,PCG,SLCG,5 // 1,تساتر وهدايا / ترانزيت,031,X
031H-1S-08,WHC,TCG,S,GR2,RCG,PCG,SLCG,5 // 1,تساتر وهدايا / ترانزيت,031,X
031H-2S-08,WHC,TCG,S,GR2,RCG,PCG,SLCG,5 // 1,تساتر وهدايا / ترانزيت,031,X
031H-3S-08,WHC,TCG,S,GR2,RCG,PCG,SLCG,5 // 1,تساتر وهدايا / ترانزيت,031,X
031H-4S-08,WHC,TCG,S,GR2,RCG,PCG,SLCG,5 // 1,تساتر وهدايا / ترانزيت,031,X
031H-5S-08,WHC,TCG,S,GR2,RCG,PCG,SLCG,5 // 1,تساتر وهدايا / ترانزيت,031,X
031I-1S-09,WHC,TCG,S,GR2,RCG,PCG,SLCG,5 // 1,تساتر وهدايا / ترانزيت,031,X
031I-2S-09,WHC,TCG,S,GR2,RCG,PCG,SLCG,5 // 1,تساتر وهدايا / ترانزيت,031,X
031I-3S-09,WHC,TCG,S,GR2,RCG,PCG,SLCG,5 // 1,تساتر وهدايا / ترانزيت,031,X
031I-4S-09,WHC,TCG,S,GR2,RCG,PCG,SLCG,5 // 1,تساتر وهدايا / ترانزيت,031,X
031I-5S-09,WHC,TCG,S,GR2,RCG,PCG,SLCG,5 // 1,تساتر وهدايا / ترانزيت,031,X
031J-1S-10,WHC,TCG,S,GR2,RCG,PCG,SLCG,5 // 1,تساتر وهدايا / ترانزيت,031,X
031J-2S-10,WHC,TCG,S,GR2,RCG,PCG,SLCG,5 // 1,تساتر وهدايا / ترانزيت,031,X
031J-3S-10,WHC,TCG,S,GR2,RCG,PCG,SLCG,5 // 1,تساتر وهدايا / ترانزيت,031,X
031J-4S-10,WHC,TCG,S,GR2,RCG,PCG,SLCG,5 // 1,تساتر وهدايا / ترانزيت,031,X
031J-5S-10,WHC,TCG,S,GR2,RCG,PCG,SLCG,5 // 1,تساتر وهدايا / ترانزيت,031,X
031K-1S-11,WHC,TCG,S,GR2,RCG,PCG,SLCG,5 // 1,تساتر وهدايا / ترانزيت,031,X
031K-2S-11,WHC,TCG,S,GR2,RCG,PCG,SLCG,5 // 1,تساتر وهدايا / ترانزيت,031,X
031K-3S-11,WHC,TCG,S,GR2,RCG,PCG,SLCG,5 // 1,تساتر وهدايا / ترانزيت,031,X
031K-4S-11,WHC,TCG,S,GR2,RCG,PCG,SLCG,5 // 1,تساتر وهدايا / ترانزيت,031,X
031K-5S-11,WHC,TCG,S,GR2,RCG,PCG,SLCG,5 // 1,تساتر وهدايا / ترانزيت,031,X
031L-1S-12,WHC,TCG,S,GR2,RCG,PCG,SLCG,5 // 1,تساتر وهدايا / ترانزيت,031,X
031L-2S-12,WHC,TCG,S,GR2,RCG,PCG,SLCG,5 // 1,تساتر وهدايا / ترانزيت,031,X
031L-3S-12,WHC,TCG,S,GR2,RCG,PCG,SLCG,5 // 1,تساتر وهدايا / ترانزيت,031,X
031L-4S-12,WHC,TCG,S,GR2,RCG,PCG,SLCG,5 // 1,تساتر وهدايا / ترانزيت,031,X
031L-5S-12,WHC,TCG,S,GR2,RCG,PCG,SLCG,5 // 1,تساتر وهدايا / ترانزيت,031,X
031M-1S-13,WHC,TCG,S,GR2,RCG,PCG,SLCG,5 // 1,تساتر وهدايا / ترانزيت,031,X
031M-2S-13,WHC,TCG,S,GR2,RCG,PCG,SLCG,5 // 1,تساتر وهدايا / ترانزيت,031,X
031M-3S-13,WHC,TCG,S,GR2,RCG,PCG,SLCG,5 // 1,تساتر وهدايا / ترانزيت,031,X
031M-4S-13,WHC,TCG,S,GR2,RCG,PCG,SLCG,5 // 1,تساتر وهدايا / ترانزيت,031,X
031M-5S-13,WHC,TCG,S,GR2,RCG,PCG,SLCG,5 // 1,تساتر وهدايا / ترانزيت,031,X
031N-1S-14,WHC,TCG,S,GR2,RCG,PCG,SLCG,5 // 1,تساتر وهدايا / ترانزيت,031,X
031N-2S-14,WHC,TCG,S,GR2,RCG,PCG,SLCG,5 // 1,تساتر وهدايا / ترانزيت,031,X
031N-3S-14,WHC,TCG,S,GR2,RCG,PCG,SLCG,5 // 1,تساتر وهدايا / ترانزيت,031,X
031N-4S-14,WHC,TCG,S,GR2,RCG,PCG,SLCG,5 // 1,تساتر وهدايا / ترانزيت,031,X
031N-5S-14,WHC,TCG,S,GR2,RCG,PCG,SLCG,5 // 1,تساتر وهدايا / ترانزيت,031,X
031O-1S-15,WHC,TCG,S,GR2,RCG,PCG,SLCG,5 // 1,تساتر وهدايا / ترانزيت,031,X
031O-2S-15,WHC,TCG,S,GR2,RCG,PCG,SLCG,5 // 1,تساتر وهدايا / ترانزيت,031,X
031O-3S-15,WHC,TCG,S,GR2,RCG,PCG,SLCG,5 // 1,تساتر وهدايا / ترانزيت,031,X
031O-4S-15,WHC,TCG,S,GR2,RCG,PCG,SLCG,5 // 1,تساتر وهدايا / ترانزيت,031,X
031O-5S-15,WHC,TCG,S,GR2,RCG,PCG,SLCG,5 // 1,تساتر وهدايا / ترانزيت,031,X
031P-1S-16,WHC,TCG,S,GR2,RCG,PCG,SLCG,5 // 1,تساتر وهدايا / ترانزيت,031,X
031P-2S-16,WHC,TCG,S,GR2,RCG,PCG,SLCG,5 // 1,تساتر وهدايا / ترانزيت,031,X
031P-3S-16,WHC,TCG,S,GR2,RCG,PCG,SLCG,5 // 1,تساتر وهدايا / ترانزيت,031,X
031P-4S-16,WHC,TCG,S,GR2,RCG,PCG,SLCG,5 // 1,تساتر وهدايا / ترانزيت,031,X
031P-5S-16,WHC,TCG,S,GR2,RCG,PCG,SLCG,5 // 1,تساتر وهدايا / ترانزيت,031,X
031Q-1S-17,WHC,TCG,S,GR2,RCG,PCG,SLCG,5 // 1,تساتر وهدايا / ترانزيت,031,X
031Q-2S-17,WHC,TCG,S,GR2,RCG,PCG,SLCG,5 // 1,تساتر وهدايا / ترانزيت,031,X
031Q-3S-17,WHC,TCG,S,GR2,RCG,PCG,SLCG,5 // 1,تساتر وهدايا / ترانزيت,031,X
031Q-4S-17,WHC,TCG,S,GR2,RCG,PCG,SLCG,5 // 1,تساتر وهدايا / ترانزيت,031,X
031Q-5S-17,WHC,TCG,S,GR2,RCG,PCG,SLCG,5 // 1,تساتر وهدايا / ترانزيت,031,X
031R-1S-18,WHC,TCG,S,GR2,RCG,PCG,SLCG,5 // 1,تساتر وهدايا / ترانزيت,031,X
031R-2S-18,WHC,TCG,S,GR2,RCG,PCG,SLCG,5 // 1,تساتر وهدايا / ترانزيت,031,X
031R-3S-18,WHC,TCG,S,GR2,RCG,PCG,SLCG,5 // 1,تساتر وهدايا / ترانزيت,031,X
031R-4S-18,WHC,TCG,S,GR2,RCG,PCG,SLCG,5 // 1,تساتر وهدايا / ترانزيت,031,X
031R-5S-18,WHC,TCG,S,GR2,RCG,PCG,SLCG,5 // 1,تساتر وهدايا / ترانزيت,031,X
031S-1S-19,WHC,TCG,S,GR2,RCG,PCG,SLCG,5 // 1,تساتر وهدايا / ترانزيت,031,X
031S-2S-19,WHC,TCG,S,GR2,RCG,PCG,SLCG,5 // 1,تساتر وهدايا / ترانزيت,031,X
031S-3S-19,WHC,TCG,S,GR2,RCG,PCG,SLCG,5 // 1,تساتر وهدايا / ترانزيت,031,X
031S-3S-29,WHC,TCG,S,GR2,RCG,PCG,SLCG,5 // 1,تساتر وهدايا / ترانزيت,031,X
031S-4S-19,WHC,TCG,S,GR2,RCG,PCG,SLCG,5 // 1,تساتر وهدايا / ترانزيت,031,X
031S-5S-19,WHC,TCG,S,GR2,RCG,PCG,SLCG,5 // 1,تساتر وهدايا / ترانزيت,031,X
032A-1S-01,WHC,TCG,S,GR2,RCG,PCG,SLCG,12,معمل,032,X
032A-2S-01,WHC,TCG,S,GR2,RCG,PCG,SLCG,12,معمل,032,X
032A-3S-01,WHC,TCG,S,GR2,RCG,PCG,SLCG,12,معمل,032,X
032A-4S-01,WHC,TCG,S,GR2,RCG,PCG,SLCG,12,معمل,032,X
032A-5S-01,WHC,TCG,S,GR2,RCG,PCG,SLCG,12,معمل,032,X
032B-1S-02,WHC,TCG,S,GR2,RCG,PCG,SLCG,12,معمل,032,X
032B-2S-02,WHC,TCG,S,GR2,RCG,PCG,SLCG,12,معمل,032,X
032B-3S-02,WHC,TCG,S,GR2,RCG,PCG,SLCG,12,معمل,032,X
032B-4S-02,WHC,TCG,S,GR2,RCG,PCG,SLCG,12,معمل,032,X
032B-5S-02,WHC,TCG,S,GR2,RCG,PCG,SLCG,12,معمل,032,X
032C-1S-03,WHC,TCG,S,GR2,RCG,PCG,SLCG,12,معمل,032,X
032C-2S-03,WHC,TCG,S,GR2,RCG,PCG,SLCG,12,معمل,032,X
032C-3S-03,WHC,TCG,S,GR2,RCG,PCG,SLCG,12,معمل,032,X
032C-4S-03,WHC,TCG,S,GR2,RCG,PCG,SLCG,12,معمل,032,X
032C-5S-03,WHC,TCG,S,GR2,RCG,PCG,SLCG,12,معمل,032,X
032D-1S-04,WHC,TCG,S,GR2,RCG,PCG,SLCG,12,معمل,032,X
032D-2S-04,WHC,TCG,S,GR2,RCG,PCG,SLCG,12,معمل,032,X
032D-3S-04,WHC,TCG,S,GR2,RCG,PCG,SLCG,12,معمل,032,X
032D-4S-04,WHC,TCG,S,GR2,RCG,PCG,SLCG,12,معمل,032,X
032D-5S-04,WHC,TCG,S,GR2,RCG,PCG,SLCG,12,معمل,032,X
032E-1S-05,WHC,TCG,S,GR2,RCG,PCG,SLCG,12,معمل,032,X
032E-2S-05,WHC,TCG,S,GR2,RCG,PCG,SLCG,12,معمل,032,X
032E-3S-05,WHC,TCG,S,GR2,RCG,PCG,SLCG,12,معمل,032,X
032E-4S-05,WHC,TCG,S,GR2,RCG,PCG,SLCG,12,معمل,032,X
032E-5S-05,WHC,TCG,S,GR2,RCG,PCG,SLCG,12,معمل,032,X
032F-1S-06,WHC,TCG,S,GR2,RCG,PCG,SLCG,12,معمل,032,X
032F-2S-06,WHC,TCG,S,GR2,RCG,PCG,SLCG,12,معمل,032,X
032F-3S-06,WHC,TCG,S,GR2,RCG,PCG,SLCG,12,معمل,032,X
032F-4S-06,WHC,TCG,S,GR2,RCG,PCG,SLCG,12,معمل,032,X
032F-5S-06,WHC,TCG,S,GR2,RCG,PCG,SLCG,12,معمل,032,X
032G-1S-07,WHC,TCG,S,GR2,RCG,PCG,SLCG,12,معمل,032,X
032G-2S-07,WHC,TCG,S,GR2,RCG,PCG,SLCG,12,معمل,032,X
032G-3S-07,WHC,TCG,S,GR2,RCG,PCG,SLCG,12,معمل,032,X
032G-4S-07,WHC,TCG,S,GR2,RCG,PCG,SLCG,12,معمل,032,X
032G-5S-07,WHC,TCG,S,GR2,RCG,PCG,SLCG,12,معمل,032,X
032H-1S-08,WHC,TCG,S,GR2,RCG,PCG,SLCG,12,معمل,032,X
032H-2S-08,WHC,TCG,S,GR2,RCG,PCG,SLCG,12,معمل,032,X
032H-3S-08,WHC,TCG,S,GR2,RCG,PCG,SLCG,12,معمل,032,X
032H-4S-08,WHC,TCG,S,GR2,RCG,PCG,SLCG,12,معمل,032,X
032H-5S-08,WHC,TCG,S,GR2,RCG,PCG,SLCG,12,معمل,032,X
032I-1S-09,WHC,TCG,S,GR2,RCG,PCG,SLCG,12,معمل,032,X
032I-2S-09,WHC,TCG,S,GR2,RCG,PCG,SLCG,12,معمل,032,X
032I-3S-09,WHC,TCG,S,GR2,RCG,PCG,SLCG,12,معمل,032,X
032I-4S-09,WHC,TCG,S,GR2,RCG,PCG,SLCG,12,معمل,032,X
032I-5S-09,WHC,TCG,S,GR2,RCG,PCG,SLCG,12,معمل,032,X
032J-1S-10,WHC,TCG,S,GR2,RCG,PCG,SLCG,12,معمل,032,X
032J-2S-10,WHC,TCG,S,GR2,RCG,PCG,SLCG,12,معمل,032,X
032J-3S-10,WHC,TCG,S,GR2,RCG,PCG,SLCG,12,معمل,032,X
032J-4S-10,WHC,TCG,S,GR2,RCG,PCG,SLCG,12,معمل,032,X
032J-5S-10,WHC,TCG,S,GR2,RCG,PCG,SLCG,12,معمل,032,X
032K-1S-11,WHC,TCG,S,GR2,RCG,PCG,SLCG,12,معمل,032,X
032K-2S-11,WHC,TCG,S,GR2,RCG,PCG,SLCG,12,معمل,032,X
032K-3S-11,WHC,TCG,S,GR2,RCG,PCG,SLCG,12,معمل,032,X
032K-4S-11,WHC,TCG,S,GR2,RCG,PCG,SLCG,12,معمل,032,X
032K-5S-11,WHC,TCG,S,GR2,RCG,PCG,SLCG,12,معمل,032,X
032L-1S-12,WHC,TCG,S,GR2,RCG,PCG,SLCG,12,معمل,032,X
032L-2S-12,WHC,TCG,S,GR2,RCG,PCG,SLCG,12,معمل,032,X
032L-3S-12,WHC,TCG,S,GR2,RCG,PCG,SLCG,12,معمل,032,X
032L-4S-12,WHC,TCG,S,GR2,RCG,PCG,SLCG,12,معمل,032,X
032L-5S-12,WHC,TCG,S,GR2,RCG,PCG,SLCG,12,معمل,032,X
032M-1S-13,WHC,TCG,S,GR2,RCG,PCG,SLCG,12,معمل,032,X
032M-2S-13,WHC,TCG,S,GR2,RCG,PCG,SLCG,12,معمل,032,X
032M-3S-13,WHC,TCG,S,GR2,RCG,PCG,SLCG,12,معمل,032,X
032M-4S-13,WHC,TCG,S,GR2,RCG,PCG,SLCG,12,معمل,032,X
032M-5S-13,WHC,TCG,S,GR2,RCG,PCG,SLCG,12,معمل,032,X
032N-1S-14,WHC,TCG,S,GR2,RCG,PCG,SLCG,12,معمل,032,X
032N-2S-14,WHC,TCG,S,GR2,RCG,PCG,SLCG,12,معمل,032,X
032N-3S-14,WHC,TCG,S,GR2,RCG,PCG,SLCG,12,معمل,032,X
032N-4S-14,WHC,TCG,S,GR2,RCG,PCG,SLCG,12,معمل,032,X
032N-5S-14,WHC,TCG,S,GR2,RCG,PCG,SLCG,12,معمل,032,X
032O-1S-15,WHC,TCG,S,GR2,RCG,PCG,SLCG,12,معمل,032,X
032O-2S-15,WHC,TCG,S,GR2,RCG,PCG,SLCG,12,معمل,032,X
032O-3S-15,WHC,TCG,S,GR2,RCG,PCG,SLCG,12,معمل,032,X
032O-4S-15,WHC,TCG,S,GR2,RCG,PCG,SLCG,12,معمل,032,X
032O-5S-15,WHC,TCG,S,GR2,RCG,PCG,SLCG,12,معمل,032,X
032P-1S-16,WHC,TCG,S,GR2,RCG,PCG,SLCG,12,معمل,032,X
032P-2S-16,WHC,TCG,S,GR2,RCG,PCG,SLCG,12,معمل,032,X
032P-3S-16,WHC,TCG,S,GR2,RCG,PCG,SLCG,12,معمل,032,X
032P-4S-16,WHC,TCG,S,GR2,RCG,PCG,SLCG,12,معمل,032,X
032P-5S-16,WHC,TCG,S,GR2,RCG,PCG,SLCG,12,معمل,032,X
032Q-1S-17,WHC,TCG,S,GR2,RCG,PCG,SLCG,12,معمل,032,X
032Q-2S-17,WHC,TCG,S,GR2,RCG,PCG,SLCG,12,معمل,032,X
032Q-3S-17,WHC,TCG,S,GR2,RCG,PCG,SLCG,12,معمل,032,X
032Q-4S-17,WHC,TCG,S,GR2,RCG,PCG,SLCG,12,معمل,032,X
032Q-5S-17,WHC,TCG,S,GR2,RCG,PCG,SLCG,12,معمل,032,X
032R-1S-18,WHC,TCG,S,GR2,RCG,PCG,SLCG,12,معمل,032,X
032R-2S-18,WHC,TCG,S,GR2,RCG,PCG,SLCG,12,معمل,032,X
032R-3S-18,WHC,TCG,S,GR2,RCG,PCG,SLCG,12,معمل,032,X
032R-4S-18,WHC,TCG,S,GR2,RCG,PCG,SLCG,12,معمل,032,X
032R-5S-18,WHC,TCG,S,GR2,RCG,PCG,SLCG,12,معمل,032,X
032S-1S-19,WHC,TCG,S,GR2,RCG,PCG,SLCG,12,معمل,032,X
032S-2S-19,WHC,TCG,S,GR2,RCG,PCG,SLCG,12,معمل,032,X
032S-3S-19,WHC,TCG,S,GR2,RCG,PCG,SLCG,12,معمل,032,X
032S-4S-19,WHC,TCG,S,GR2,RCG,PCG,SLCG,12,معمل,032,X
032S-5S-19,WHC,TCG,S,GR2,RCG,PCG,SLCG,12,معمل,032,X
032T-1S-20,WHC,TCG,S,GR2,RCG,PCG,SLCG,12,معمل,032,X
032T-2S-20,WHC,TCG,S,GR2,RCG,PCG,SLCG,12,معمل,032,X
032T-3S-20,WHC,TCG,S,GR2,RCG,PCG,SLCG,12,معمل,032,X
032T-4S-20,WHC,TCG,S,GR2,RCG,PCG,SLCG,12,معمل,032,X
032T-5S-20,WHC,TCG,S,GR2,RCG,PCG,SLCG,12,معمل,032,X
032U-1S-21,WHC,TCG,S,GR2,RCG,PCG,SLCG,12,معمل,032,X
032U-2S-21,WHC,TCG,S,GR2,RCG,PCG,SLCG,12,معمل,032,X
032U-3S-21,WHC,TCG,S,GR2,RCG,PCG,SLCG,12,معمل,032,X
032U-4S-21,WHC,TCG,S,GR2,RCG,PCG,SLCG,12,معمل,032,X
032U-5S-21,WHC,TCG,S,GR2,RCG,PCG,SLCG,12,معمل,032,X
032V-1S-22,WHC,TCG,S,GR2,RCG,PCG,SLCG,12,معمل,032,X
032V-2S-22,WHC,TCG,S,GR2,RCG,PCG,SLCG,12,معمل,032,X
032V-3S-22,WHC,TCG,S,GR2,RCG,PCG,SLCG,12,معمل,032,X
032V-4S-22,WHC,TCG,S,GR2,RCG,PCG,SLCG,12,معمل,032,X
032V-5S-22,WHC,TCG,S,GR2,RCG,PCG,SLCG,12,معمل,032,X
032W-1S-23,WHC,TCG,S,GR2,RCG,PCG,SLCG,12,معمل,032,X
032W-2S-23,WHC,TCG,S,GR2,RCG,PCG,SLCG,12,معمل,032,X
032W-3S-23,WHC,TCG,S,GR2,RCG,PCG,SLCG,12,معمل,032,X
032W-4S-23,WHC,TCG,S,GR2,RCG,PCG,SLCG,12,معمل,032,X
032W-5S-23,WHC,TCG,S,GR2,RCG,PCG,SLCG,12,معمل,032,X
032X-1S-24,WHC,TCG,S,GR2,RCG,PCG,SLCG,12,معمل,032,X
032X-2S-24,WHC,TCG,S,GR2,RCG,PCG,SLCG,12,معمل,032,X
032X-3S-24,WHC,TCG,S,GR2,RCG,PCG,SLCG,12,معمل,032,X
032X-4S-24,WHC,TCG,S,GR2,RCG,PCG,SLCG,12,معمل,032,X
032X-5S-24,WHC,TCG,S,GR2,RCG,PCG,SLCG,12,معمل,032,X
032Y-1S-25,WHC,TCG,S,GR2,RCG,PCG,SLCG,12,معمل,032,X
032Y-2S-25,WHC,TCG,S,GR2,RCG,PCG,SLCG,12,معمل,032,X
032Y-3S-25,WHC,TCG,S,GR2,RCG,PCG,SLCG,12,معمل,032,X
032Y-4S-25,WHC,TCG,S,GR2,RCG,PCG,SLCG,12,معمل,032,X
032Y-5S-25,WHC,TCG,S,GR2,RCG,PCG,SLCG,12,معمل,032,X
032Z-1S-26,WHC,TCG,S,GR2,RCG,PCG,SLCG,12,معمل,032,X
032Z-2S-26,WHC,TCG,S,GR2,RCG,PCG,SLCG,12,معمل,032,X
032Z-3S-26,WHC,TCG,S,GR2,RCG,PCG,SLCG,12,معمل,032,X
032Z-4S-26,WHC,TCG,S,GR2,RCG,PCG,SLCG,12,معمل,032,X
032Z-5S-26,WHC,TCG,S,GR2,RCG,PCG,SLCG,12,معمل,032,X
033A-1S-01,WHC,TCG,S,Non,Non,Non,Non,NU,Not Used,033,X
033A-2S-01,WHC,TCG,S,Non,Non,Non,Non,NU,Not Used,033,X
033A-3S-01,WHC,TCG,S,Non,Non,Non,Non,NU,Not Used,033,X
033A-4S-01,WHC,TCG,S,Non,Non,Non,Non,NU,Not Used,033,X
033A-5S-01,WHC,TCG,S,Non,Non,Non,Non,NU,Not Used,033,X
033B-1S-02,WHC,TCG,S,Non,Non,Non,Non,NU,Not Used,033,X
033B-2S-02,WHC,TCG,S,Non,Non,Non,Non,NU,Not Used,033,X
033B-3S-02,WHC,TCG,S,Non,Non,Non,Non,NU,Not Used,033,X
033B-4S-02,WHC,TCG,S,Non,Non,Non,Non,NU,Not Used,033,X
033B-5S-02,WHC,TCG,S,Non,Non,Non,Non,NU,Not Used,033,X
033C-1S-03,WHC,TCG,S,Non,Non,Non,Non,NU,Not Used,033,X
033C-2S-03,WHC,TCG,S,Non,Non,Non,Non,NU,Not Used,033,X
033C-3S-03,WHC,TCG,S,Non,Non,Non,Non,NU,Not Used,033,X
033C-4S-03,WHC,TCG,S,Non,Non,Non,Non,NU,Not Used,033,X
033C-5S-03,WHC,TCG,S,Non,Non,Non,Non,NU,Not Used,033,X
033D-1S-04,WHC,TCG,S,Non,Non,Non,Non,NU,Not Used,033,X
033D-2S-04,WHC,TCG,S,Non,Non,Non,Non,NU,Not Used,033,X
033D-3S-04,WHC,TCG,S,Non,Non,Non,Non,NU,Not Used,033,X
033D-4S-04,WHC,TCG,S,Non,Non,Non,Non,NU,Not Used,033,X
033D-5S-04,WHC,TCG,S,Non,Non,Non,Non,NU,Not Used,033,X
033E-1S-05,WHC,TCG,S,Non,Non,Non,Non,NU,Not Used,033,X
033E-2S-05,WHC,TCG,S,Non,Non,Non,Non,NU,Not Used,033,X
033E-3S-05,WHC,TCG,S,Non,Non,Non,Non,NU,Not Used,033,X
033E-4S-05,WHC,TCG,S,Non,Non,Non,Non,NU,Not Used,033,X
033E-5S-05,WHC,TCG,S,Non,Non,Non,Non,NU,Not Used,033,X
033F-1S-06,WHC,TCG,S,Non,Non,Non,Non,NU,Not Used,033,X
033F-2S-06,WHC,TCG,S,Non,Non,Non,Non,NU,Not Used,033,X
033F-3S-06,WHC,TCG,S,Non,Non,Non,Non,NU,Not Used,033,X
033F-4S-06,WHC,TCG,S,Non,Non,Non,Non,NU,Not Used,033,X
033F-5S-06,WHC,TCG,S,Non,Non,Non,Non,NU,Not Used,033,X
033G-1S-07,WHC,TCG,S,Non,Non,Non,Non,NU,Not Used,033,X
033G-2S-07,WHC,TCG,S,Non,Non,Non,Non,NU,Not Used,033,X
033G-3S-07,WHC,TCG,S,Non,Non,Non,Non,NU,Not Used,033,X
033G-4S-07,WHC,TCG,S,Non,Non,Non,Non,NU,Not Used,033,X
033G-5S-07,WHC,TCG,S,Non,Non,Non,Non,NU,Not Used,033,X
033H-1S-08,WHC,TCG,S,Non,Non,Non,Non,NU,Not Used,033,X
033H-2S-08,WHC,TCG,S,Non,Non,Non,Non,NU,Not Used,033,X
033H-3S-08,WHC,TCG,S,Non,Non,Non,Non,NU,Not Used,033,X
033H-4S-08,WHC,TCG,S,Non,Non,Non,Non,NU,Not Used,033,X
033H-5S-08,WHC,TCG,S,Non,Non,Non,Non,NU,Not Used,033,X
033I-1S-09,WHC,TCG,S,Non,Non,Non,Non,NU,Not Used,033,X
033I-2S-09,WHC,TCG,S,Non,Non,Non,Non,NU,Not Used,033,X
033I-3S-09,WHC,TCG,S,Non,Non,Non,Non,NU,Not Used,033,X
033I-4S-09,WHC,TCG,S,Non,Non,Non,Non,NU,Not Used,033,X
033I-5S-09,WHC,TCG,S,Non,Non,Non,Non,NU,Not Used,033,X
033J-1S-10,WHC,TCG,S,Non,Non,Non,Non,NU,Not Used,033,X
033J-2S-10,WHC,TCG,S,Non,Non,Non,Non,NU,Not Used,033,X
033J-3S-10,WHC,TCG,S,Non,Non,Non,Non,NU,Not Used,033,X
033J-4S-10,WHC,TCG,S,Non,Non,Non,Non,NU,Not Used,033,X
033J-5S-10,WHC,TCG,S,Non,Non,Non,Non,NU,Not Used,033,X
033K-1S-11,WHC,TCG,S,Non,Non,Non,Non,NU,Not Used,033,X
033K-2S-11,WHC,TCG,S,Non,Non,Non,Non,NU,Not Used,033,X
033K-3S-11,WHC,TCG,S,Non,Non,Non,Non,NU,Not Used,033,X
033K-4S-11,WHC,TCG,S,Non,Non,Non,Non,NU,Not Used,033,X
033K-5S-11,WHC,TCG,S,Non,Non,Non,Non,NU,Not Used,033,X
033L-1S-12,WHC,TCG,S,Non,Non,Non,Non,NU,Not Used,033,X
033L-2S-12,WHC,TCG,S,Non,Non,Non,Non,NU,Not Used,033,X
033L-3S-12,WHC,TCG,S,Non,Non,Non,Non,NU,Not Used,033,X
033L-4S-12,WHC,TCG,S,Non,Non,Non,Non,NU,Not Used,033,X
033L-5S-12,WHC,TCG,S,Non,Non,Non,Non,NU,Not Used,033,X
033M-1S-13,WHC,TCG,S,Non,Non,Non,Non,NU,Not Used,033,X
033M-2S-13,WHC,TCG,S,Non,Non,Non,Non,NU,Not Used,033,X
033M-3S-13,WHC,TCG,S,Non,Non,Non,Non,NU,Not Used,033,X
033M-4S-13,WHC,TCG,S,Non,Non,Non,Non,NU,Not Used,033,X
033M-5S-13,WHC,TCG,S,Non,Non,Non,Non,NU,Not Used,033,X
033N-1S-14,WHC,TCG,S,Non,Non,Non,Non,NU,Not Used,033,X
033N-2S-14,WHC,TCG,S,Non,Non,Non,Non,NU,Not Used,033,X
033N-3S-14,WHC,TCG,S,Non,Non,Non,Non,NU,Not Used,033,X
033N-4S-14,WHC,TCG,S,Non,Non,Non,Non,NU,Not Used,033,X
033N-5S-14,WHC,TCG,S,Non,Non,Non,Non,NU,Not Used,033,X
033O-1S-15,WHC,TCG,S,Non,Non,Non,Non,NU,Not Used,033,X
033O-2S-15,WHC,TCG,S,Non,Non,Non,Non,NU,Not Used,033,X
033O-3S-15,WHC,TCG,S,Non,Non,Non,Non,NU,Not Used,033,X
033O-4S-15,WHC,TCG,S,Non,Non,Non,Non,NU,Not Used,033,X
033O-5S-15,WHC,TCG,S,Non,Non,Non,Non,NU,Not Used,033,X
033P-1S-16,WHC,TCG,S,Non,Non,Non,Non,NU,Not Used,033,X
033P-2S-16,WHC,TCG,S,Non,Non,Non,Non,NU,Not Used,033,X
033P-3S-16,WHC,TCG,S,Non,Non,Non,Non,NU,Not Used,033,X
033P-4S-16,WHC,TCG,S,Non,Non,Non,Non,NU,Not Used,033,X
033P-5S-16,WHC,TCG,S,Non,Non,Non,Non,NU,Not Used,033,X
033Q-1S-17,WHC,TCG,S,Non,Non,Non,Non,NU,Not Used,033,X
033Q-2S-17,WHC,TCG,S,Non,Non,Non,Non,NU,Not Used,033,X
033Q-3S-17,WHC,TCG,S,Non,Non,Non,Non,NU,Not Used,033,X
033Q-4S-17,WHC,TCG,S,Non,Non,Non,Non,NU,Not Used,033,X
033Q-5S-17,WHC,TCG,S,Non,Non,Non,Non,NU,Not Used,033,X
033R-1S-18,WHC,TCG,S,Non,Non,Non,Non,NU,Not Used,033,X
033R-2S-18,WHC,TCG,S,Non,Non,Non,Non,NU,Not Used,033,X
033R-3S-18,WHC,TCG,S,Non,Non,Non,Non,NU,Not Used,033,X
033R-4S-18,WHC,TCG,S,Non,Non,Non,Non,NU,Not Used,033,X
033R-5S-18,WHC,TCG,S,Non,Non,Non,Non,NU,Not Used,033,X
033S-1S-19,WHC,TCG,S,Non,Non,Non,Non,NU,Not Used,033,X
033S-2S-19,WHC,TCG,S,Non,Non,Non,Non,NU,Not Used,033,X
033S-3S-19,WHC,TCG,S,Non,Non,Non,Non,NU,Not Used,033,X
033S-4S-19,WHC,TCG,S,Non,Non,Non,Non,NU,Not Used,033,X
033S-5S-19,WHC,TCG,S,Non,Non,Non,Non,NU,Not Used,033,X
033T-1S-20,WHC,TCG,S,Non,Non,Non,Non,NU,Not Used,033,X
033T-2S-20,WHC,TCG,S,Non,Non,Non,Non,NU,Not Used,033,X
033T-3S-20,WHC,TCG,S,Non,Non,Non,Non,NU,Not Used,033,X
033T-4S-20,WHC,TCG,S,Non,Non,Non,Non,NU,Not Used,033,X
033T-5S-20,WHC,TCG,S,Non,Non,Non,Non,NU,Not Used,033,X
034A-1S-01,WHC,TCG,S,GR2,RCG,PCG,SLCG,3,بشرة 1,034,X
034A-2S-01,WHC,TCG,S,GR2,RCG,PCG,SLCG,3,بشرة 1,034,X
034A-3S-01,WHC,TCG,S,GR2,RCG,PCG,SLCG,3,بشرة 1,034,X
034A-4S-01,WHC,TCG,S,GR2,RCG,PCG,SLCG,3,بشرة 1,034,X
034A-5S-01,WHC,TCG,S,GR2,RCG,PCG,SLCG,3,بشرة 1,034,X
034B-1S-02,WHC,TCG,S,GR2,RCG,PCG,SLCG,3,بشرة 1,034,X
034B-2S-02,WHC,TCG,S,GR2,RCG,PCG,SLCG,3,بشرة 1,034,X
034B-3S-02,WHC,TCG,S,GR2,RCG,PCG,SLCG,3,بشرة 1,034,X
034B-4S-02,WHC,TCG,S,GR2,RCG,PCG,SLCG,3,بشرة 1,034,X
034B-5S-02,WHC,TCG,S,GR2,RCG,PCG,SLCG,3,بشرة 1,034,X
034C-1S-03,WHC,TCG,S,GR2,RCG,PCG,SLCG,3,بشرة 1,034,X
034C-2S-03,WHC,TCG,S,GR2,RCG,PCG,SLCG,3,بشرة 1,034,X
034C-3S-03,WHC,TCG,S,GR2,RCG,PCG,SLCG,3,بشرة 1,034,X
034C-4S-03,WHC,TCG,S,GR2,RCG,PCG,SLCG,3,بشرة 1,034,X
034C-5S-03,WHC,TCG,S,GR2,RCG,PCG,SLCG,3,بشرة 1,034,X
034D-1S-04,WHC,TCG,S,GR2,RCG,PCG,SLCG,3,بشرة 1,034,X
034D-2S-04,WHC,TCG,S,GR2,RCG,PCG,SLCG,3,بشرة 1,034,X
034D-3S-04,WHC,TCG,S,GR2,RCG,PCG,SLCG,3,بشرة 1,034,X
034D-4S-04,WHC,TCG,S,GR2,RCG,PCG,SLCG,3,بشرة 1,034,X
034D-5S-04,WHC,TCG,S,GR2,RCG,PCG,SLCG,3,بشرة 1,034,X
034E-1S-05,WHC,TCG,S,GR2,RCG,PCG,SLCG,3,بشرة 1,034,X
034E-2S-05,WHC,TCG,S,GR2,RCG,PCG,SLCG,3,بشرة 1,034,X
034E-3S-05,WHC,TCG,S,GR2,RCG,PCG,SLCG,3,بشرة 1,034,X
034E-4S-05,WHC,TCG,S,GR2,RCG,PCG,SLCG,3,بشرة 1,034,X
034E-5S-05,WHC,TCG,S,GR2,RCG,PCG,SLCG,3,بشرة 1,034,X
034F-1S-06,WHC,TCG,S,GR2,RCG,PCG,SLCG,3,بشرة 1,034,X
034F-2S-06,WHC,TCG,S,GR2,RCG,PCG,SLCG,3,بشرة 1,034,X
034F-3S-06,WHC,TCG,S,GR2,RCG,PCG,SLCG,3,بشرة 1,034,X
034F-4S-06,WHC,TCG,S,GR2,RCG,PCG,SLCG,3,بشرة 1,034,X
034F-5S-06,WHC,TCG,S,GR2,RCG,PCG,SLCG,3,بشرة 1,034,X
034G-1S-07,WHC,TCG,S,GR2,RCG,PCG,SLCG,3,بشرة 1,034,X
034G-2S-07,WHC,TCG,S,GR2,RCG,PCG,SLCG,3,بشرة 1,034,X
034G-3S-07,WHC,TCG,S,GR2,RCG,PCG,SLCG,3,بشرة 1,034,X
034G-4S-07,WHC,TCG,S,GR2,RCG,PCG,SLCG,3,بشرة 1,034,X
034G-5S-07,WHC,TCG,S,GR2,RCG,PCG,SLCG,3,بشرة 1,034,X
034H-1S-08,WHC,TCG,S,GR2,RCG,PCG,SLCG,3,بشرة 1,034,X
034H-2S-08,WHC,TCG,S,GR2,RCG,PCG,SLCG,3,بشرة 1,034,X
034H-3S-08,WHC,TCG,S,GR2,RCG,PCG,SLCG,3,بشرة 1,034,X
034H-4S-08,WHC,TCG,S,GR2,RCG,PCG,SLCG,3,بشرة 1,034,X
034H-5S-08,WHC,TCG,S,GR2,RCG,PCG,SLCG,3,بشرة 1,034,X
034I-1S-09,WHC,TCG,S,GR2,RCG,PCG,SLCG,3,بشرة 1,034,X
034I-2S-09,WHC,TCG,S,GR2,RCG,PCG,SLCG,3,بشرة 1,034,X
034I-3S-09,WHC,TCG,S,GR2,RCG,PCG,SLCG,3,بشرة 1,034,X
034I-4S-09,WHC,TCG,S,GR2,RCG,PCG,SLCG,3,بشرة 1,034,X
034I-5S-09,WHC,TCG,S,GR2,RCG,PCG,SLCG,3,بشرة 1,034,X
034J-1S-10,WHC,TCG,S,GR2,RCG,PCG,SLCG,3,بشرة 1,034,X
034J-2S-10,WHC,TCG,S,GR2,RCG,PCG,SLCG,3,بشرة 1,034,X
034J-3S-10,WHC,TCG,S,GR2,RCG,PCG,SLCG,3,بشرة 1,034,X
034J-4S-10,WHC,TCG,S,GR2,RCG,PCG,SLCG,3,بشرة 1,034,X
034J-5S-10,WHC,TCG,S,GR2,RCG,PCG,SLCG,3,بشرة 1,034,X
034K-1S-11,WHC,TCG,S,GR2,RCG,PCG,SLCG,3,بشرة 1,034,X
034K-2S-11,WHC,TCG,S,GR2,RCG,PCG,SLCG,3,بشرة 1,034,X
034K-3S-11,WHC,TCG,S,GR2,RCG,PCG,SLCG,3,بشرة 1,034,X
034K-4S-11,WHC,TCG,S,GR2,RCG,PCG,SLCG,3,بشرة 1,034,X
034K-5S-11,WHC,TCG,S,GR2,RCG,PCG,SLCG,3,بشرة 1,034,X
034L-1S-12,WHC,TCG,S,GR2,RCG,PCG,SLCG,3,بشرة 1,034,X
034L-2S-12,WHC,TCG,S,GR2,RCG,PCG,SLCG,3,بشرة 1,034,X
034L-3S-12,WHC,TCG,S,GR2,RCG,PCG,SLCG,3,بشرة 1,034,X
034L-4S-12,WHC,TCG,S,GR2,RCG,PCG,SLCG,3,بشرة 1,034,X
034L-5S-12,WHC,TCG,S,GR2,RCG,PCG,SLCG,3,بشرة 1,034,X
034M-1S-13,WHC,TCG,S,GR2,RCG,PCG,SLCG,3,بشرة 1,034,X
034M-2S-13,WHC,TCG,S,GR2,RCG,PCG,SLCG,3,بشرة 1,034,X
034M-3S-13,WHC,TCG,S,GR2,RCG,PCG,SLCG,3,بشرة 1,034,X
034M-4S-13,WHC,TCG,S,GR2,RCG,PCG,SLCG,3,بشرة 1,034,X
034M-5S-13,WHC,TCG,S,GR2,RCG,PCG,SLCG,3,بشرة 1,034,X
034N-1S-14,WHC,TCG,S,GR2,RCG,PCG,SLCG,3,بشرة 1,034,X
034N-2S-14,WHC,TCG,S,GR2,RCG,PCG,SLCG,3,بشرة 1,034,X
034N-3S-14,WHC,TCG,S,GR2,RCG,PCG,SLCG,3,بشرة 1,034,X
034N-4S-14,WHC,TCG,S,GR2,RCG,PCG,SLCG,3,بشرة 1,034,X
034N-5S-14,WHC,TCG,S,GR2,RCG,PCG,SLCG,3,بشرة 1,034,X
034O-1S-15,WHC,TCG,S,GR2,RCG,PCG,SLCG,3,بشرة 1,034,X
034O-2S-15,WHC,TCG,S,GR2,RCG,PCG,SLCG,3,بشرة 1,034,X
034O-3S-15,WHC,TCG,S,GR2,RCG,PCG,SLCG,3,بشرة 1,034,X
034O-4S-15,WHC,TCG,S,GR2,RCG,PCG,SLCG,3,بشرة 1,034,X
034O-5S-15,WHC,TCG,S,GR2,RCG,PCG,SLCG,3,بشرة 1,034,X
034P-1S-16,WHC,TCG,S,GR2,RCG,PCG,SLCG,3,بشرة 1,034,X
034P-2S-16,WHC,TCG,S,GR2,RCG,PCG,SLCG,3,بشرة 1,034,X
034P-3S-16,WHC,TCG,S,GR2,RCG,PCG,SLCG,3,بشرة 1,034,X
034P-4S-16,WHC,TCG,S,GR2,RCG,PCG,SLCG,3,بشرة 1,034,X
034P-5S-16,WHC,TCG,S,GR2,RCG,PCG,SLCG,3,بشرة 1,034,X
034Q-1S-17,WHC,TCG,S,GR2,RCG,PCG,SLCG,3,بشرة 1,034,X
034Q-2S-17,WHC,TCG,S,GR2,RCG,PCG,SLCG,3,بشرة 1,034,X
034Q-3S-17,WHC,TCG,S,GR2,RCG,PCG,SLCG,3,بشرة 1,034,X
034Q-4S-17,WHC,TCG,S,GR2,RCG,PCG,SLCG,3,بشرة 1,034,X
034Q-5S-17,WHC,TCG,S,GR2,RCG,PCG,SLCG,3,بشرة 1,034,X
034R-1S-18,WHC,TCG,S,GR2,RCG,PCG,SLCG,3,بشرة 1,034,X
034R-2S-18,WHC,TCG,S,GR2,RCG,PCG,SLCG,3,بشرة 1,034,X
034R-3S-18,WHC,TCG,S,GR2,RCG,PCG,SLCG,3,بشرة 1,034,X
034R-4S-18,WHC,TCG,S,GR2,RCG,PCG,SLCG,3,بشرة 1,034,X
034R-5S-18,WHC,TCG,S,GR2,RCG,PCG,SLCG,3,بشرة 1,034,X
034S-1S-19,WHC,TCG,S,GR2,RCG,PCG,SLCG,3,بشرة 1,034,X
034S-2S-19,WHC,TCG,S,GR2,RCG,PCG,SLCG,3,بشرة 1,034,X
034S-3S-19,WHC,TCG,S,GR2,RCG,PCG,SLCG,3,بشرة 1,034,X
034S-4S-19,WHC,TCG,S,GR2,RCG,PCG,SLCG,3,بشرة 1,034,X
034S-5S-19,WHC,TCG,S,GR2,RCG,PCG,SLCG,3,بشرة 1,034,X
034T-1S-20,WHC,TCG,S,GR2,RCG,PCG,SLCG,3,بشرة 1,034,X
034T-2S-20,WHC,TCG,S,GR2,RCG,PCG,SLCG,3,بشرة 1,034,X
034T-3S-20,WHC,TCG,S,GR2,RCG,PCG,SLCG,3,بشرة 1,034,X
034T-4S-20,WHC,TCG,S,GR2,RCG,PCG,SLCG,3,بشرة 1,034,X
034T-5S-20,WHC,TCG,S,GR2,RCG,PCG,SLCG,3,بشرة 1,034,X
034U-1S-21,WHC,TCG,S,GR2,RCG,PCG,SLCG,3,بشرة 1,034,X
034U-2S-21,WHC,TCG,S,GR2,RCG,PCG,SLCG,3,بشرة 1,034,X
034U-3S-21,WHC,TCG,S,GR2,RCG,PCG,SLCG,3,بشرة 1,034,X
034U-4S-21,WHC,TCG,S,GR2,RCG,PCG,SLCG,3,بشرة 1,034,X
034U-5S-21,WHC,TCG,S,GR2,RCG,PCG,SLCG,3,بشرة 1,034,X
034V-1S-22,WHC,TCG,S,GR2,RCG,PCG,SLCG,3,بشرة 1,034,X
034V-2S-22,WHC,TCG,S,GR2,RCG,PCG,SLCG,3,بشرة 1,034,X
034V-3S-22,WHC,TCG,S,GR2,RCG,PCG,SLCG,3,بشرة 1,034,X
034V-4S-22,WHC,TCG,S,GR2,RCG,PCG,SLCG,3,بشرة 1,034,X
034V-5S-22,WHC,TCG,S,GR2,RCG,PCG,SLCG,3,بشرة 1,034,X
034W-1S-23,WHC,TCG,S,GR2,RCG,PCG,SLCG,3,بشرة 1,034,X
034W-2S-23,WHC,TCG,S,GR2,RCG,PCG,SLCG,3,بشرة 1,034,X
034W-3S-23,WHC,TCG,S,GR2,RCG,PCG,SLCG,3,بشرة 1,034,X
034W-4S-23,WHC,TCG,S,GR2,RCG,PCG,SLCG,3,بشرة 1,034,X
034W-5S-23,WHC,TCG,S,GR2,RCG,PCG,SLCG,3,بشرة 1,034,X
034X-1S-24,WHC,TCG,S,GR2,RCG,PCG,SLCG,3,بشرة 1,034,X
034X-2S-24,WHC,TCG,S,GR2,RCG,PCG,SLCG,3,بشرة 1,034,X
034X-3S-24,WHC,TCG,S,GR2,RCG,PCG,SLCG,3,بشرة 1,034,X
034X-4S-24,WHC,TCG,S,GR2,RCG,PCG,SLCG,3,بشرة 1,034,X
034X-5S-24,WHC,TCG,S,GR2,RCG,PCG,SLCG,3,بشرة 1,034,X
035A-1S-01,WHC,TCG,S,GR2,RCG,PCG,SLCG,3,بشرة 1,035,X
035A-2S-01,WHC,TCG,S,GR2,RCG,PCG,SLCG,3,بشرة 1,035,X
035A-3S-01,WHC,TCG,S,GR2,RCG,PCG,SLCG,3,بشرة 1,035,X
035A-4S-01,WHC,TCG,S,GR2,RCG,PCG,SLCG,3,بشرة 1,035,X
035A-5S-01,WHC,TCG,S,GR2,RCG,PCG,SLCG,3,بشرة 1,035,X
035B-1S-02,WHC,TCG,S,GR2,RCG,PCG,SLCG,3,بشرة 1,035,X
035B-2S-02,WHC,TCG,S,GR2,RCG,PCG,SLCG,3,بشرة 1,035,X
035B-3S-02,WHC,TCG,S,GR2,RCG,PCG,SLCG,3,بشرة 1,035,X
035B-4S-02,WHC,TCG,S,GR2,RCG,PCG,SLCG,3,بشرة 1,035,X
035B-5S-02,WHC,TCG,S,GR2,RCG,PCG,SLCG,3,بشرة 1,035,X
035C-1S-03,WHC,TCG,S,GR2,RCG,PCG,SLCG,3,بشرة 1,035,X
035C-2S-03,WHC,TCG,S,GR2,RCG,PCG,SLCG,3,بشرة 1,035,X
035C-3S-03,WHC,TCG,S,GR2,RCG,PCG,SLCG,3,بشرة 1,035,X
035C-4S-03,WHC,TCG,S,GR2,RCG,PCG,SLCG,3,بشرة 1,035,X
035C-5S-03,WHC,TCG,S,GR2,RCG,PCG,SLCG,3,بشرة 1,035,X
035D-1S-04,WHC,TCG,S,GR2,RCG,PCG,SLCG,3,بشرة 1,035,X
035D-2S-04,WHC,TCG,S,GR2,RCG,PCG,SLCG,3,بشرة 1,035,X
035D-3S-04,WHC,TCG,S,GR2,RCG,PCG,SLCG,3,بشرة 1,035,X
035D-4S-04,WHC,TCG,S,GR2,RCG,PCG,SLCG,3,بشرة 1,035,X
035D-5S-04,WHC,TCG,S,GR2,RCG,PCG,SLCG,3,بشرة 1,035,X
035E-1S-05,WHC,TCG,S,GR2,RCG,PCG,SLCG,3,بشرة 1,035,X
035E-2S-05,WHC,TCG,S,GR2,RCG,PCG,SLCG,3,بشرة 1,035,X
035E-3S-05,WHC,TCG,S,GR2,RCG,PCG,SLCG,3,بشرة 1,035,X
035E-4S-05,WHC,TCG,S,GR2,RCG,PCG,SLCG,3,بشرة 1,035,X
035E-5S-05,WHC,TCG,S,GR2,RCG,PCG,SLCG,3,بشرة 1,035,X
035F-1S-06,WHC,TCG,S,GR2,RCG,PCG,SLCG,3,بشرة 1,035,X
035F-2S-06,WHC,TCG,S,GR2,RCG,PCG,SLCG,3,بشرة 1,035,X
035F-3S-06,WHC,TCG,S,GR2,RCG,PCG,SLCG,3,بشرة 1,035,X
035F-4S-06,WHC,TCG,S,GR2,RCG,PCG,SLCG,3,بشرة 1,035,X
035F-5S-06,WHC,TCG,S,GR2,RCG,PCG,SLCG,3,بشرة 1,035,X
035G-1S-07,WHC,TCG,S,GR2,RCG,PCG,SLCG,3,بشرة 1,035,X
035G-2S-07,WHC,TCG,S,GR2,RCG,PCG,SLCG,3,بشرة 1,035,X
035G-3S-07,WHC,TCG,S,GR2,RCG,PCG,SLCG,3,بشرة 1,035,X
035G-4S-07,WHC,TCG,S,GR2,RCG,PCG,SLCG,3,بشرة 1,035,X
035G-5S-07,WHC,TCG,S,GR2,RCG,PCG,SLCG,3,بشرة 1,035,X
035H-1S-08,WHC,TCG,S,GR2,RCG,PCG,SLCG,3,بشرة 1,035,X
035H-2S-08,WHC,TCG,S,GR2,RCG,PCG,SLCG,3,بشرة 1,035,X
035H-3S-08,WHC,TCG,S,GR2,RCG,PCG,SLCG,3,بشرة 1,035,X
035H-4S-08,WHC,TCG,S,GR2,RCG,PCG,SLCG,3,بشرة 1,035,X
035H-5S-08,WHC,TCG,S,GR2,RCG,PCG,SLCG,3,بشرة 1,035,X
035I-1S-09,WHC,TCG,S,GR2,RCG,PCG,SLCG,3,بشرة 1,035,X
035I-2S-09,WHC,TCG,S,GR2,RCG,PCG,SLCG,3,بشرة 1,035,X
035I-3S-09,WHC,TCG,S,GR2,RCG,PCG,SLCG,3,بشرة 1,035,X
035I-4S-09,WHC,TCG,S,GR2,RCG,PCG,SLCG,3,بشرة 1,035,X
035I-5S-09,WHC,TCG,S,GR2,RCG,PCG,SLCG,3,بشرة 1,035,X
035J-1S-10,WHC,TCG,S,GR2,RCG,PCG,SLCG,3,بشرة 1,035,X
035J-2S-10,WHC,TCG,S,GR2,RCG,PCG,SLCG,3,بشرة 1,035,X
035J-3S-10,WHC,TCG,S,GR2,RCG,PCG,SLCG,3,بشرة 1,035,X
035J-4S-10,WHC,TCG,S,GR2,RCG,PCG,SLCG,3,بشرة 1,035,X
035J-5S-10,WHC,TCG,S,GR2,RCG,PCG,SLCG,3,بشرة 1,035,X
035K-1S-11,WHC,TCG,S,GR2,RCG,PCG,SLCG,3,بشرة 1,035,X
035K-2S-11,WHC,TCG,S,GR2,RCG,PCG,SLCG,3,بشرة 1,035,X
035K-3S-11,WHC,TCG,S,GR2,RCG,PCG,SLCG,3,بشرة 1,035,X
035K-4S-11,WHC,TCG,S,GR2,RCG,PCG,SLCG,3,بشرة 1,035,X
035K-5S-11,WHC,TCG,S,GR2,RCG,PCG,SLCG,3,بشرة 1,035,X
035L-1S-12,WHC,TCG,S,GR2,RCG,PCG,SLCG,3,بشرة 1,035,X
035L-2S-12,WHC,TCG,S,GR2,RCG,PCG,SLCG,3,بشرة 1,035,X
035L-3S-12,WHC,TCG,S,GR2,RCG,PCG,SLCG,3,بشرة 1,035,X
035L-4S-12,WHC,TCG,S,GR2,RCG,PCG,SLCG,3,بشرة 1,035,X
035L-5S-12,WHC,TCG,S,GR2,RCG,PCG,SLCG,3,بشرة 1,035,X
035M-1S-13,WHC,TCG,S,GR2,RCG,PCG,SLCG,3,بشرة 1,035,X
035M-2S-13,WHC,TCG,S,GR2,RCG,PCG,SLCG,3,بشرة 1,035,X
035M-3S-13,WHC,TCG,S,GR2,RCG,PCG,SLCG,3,بشرة 1,035,X
035M-4S-13,WHC,TCG,S,GR2,RCG,PCG,SLCG,3,بشرة 1,035,X
035M-5S-13,WHC,TCG,S,GR2,RCG,PCG,SLCG,3,بشرة 1,035,X
035N-1S-14,WHC,TCG,S,GR2,RCG,PCG,SLCG,3,بشرة 1,035,X
035N-2S-14,WHC,TCG,S,GR2,RCG,PCG,SLCG,3,بشرة 1,035,X
035N-3S-14,WHC,TCG,S,GR2,RCG,PCG,SLCG,3,بشرة 1,035,X
035N-4S-14,WHC,TCG,S,GR2,RCG,PCG,SLCG,3,بشرة 1,035,X
035N-5S-14,WHC,TCG,S,GR2,RCG,PCG,SLCG,3,بشرة 1,035,X
035O-1S-15,WHC,TCG,S,GR2,RCG,PCG,SLCG,3,بشرة 1,035,X
035O-2S-15,WHC,TCG,S,GR2,RCG,PCG,SLCG,3,بشرة 1,035,X
035O-3S-15,WHC,TCG,S,GR2,RCG,PCG,SLCG,3,بشرة 1,035,X
035O-4S-15,WHC,TCG,S,GR2,RCG,PCG,SLCG,3,بشرة 1,035,X
035O-5S-15,WHC,TCG,S,GR2,RCG,PCG,SLCG,3,بشرة 1,035,X
035P-1S-16,WHC,TCG,S,GR2,RCG,PCG,SLCG,3,بشرة 1,035,X
035P-2S-16,WHC,TCG,S,GR2,RCG,PCG,SLCG,3,بشرة 1,035,X
035P-3S-16,WHC,TCG,S,GR2,RCG,PCG,SLCG,3,بشرة 1,035,X
035P-4S-16,WHC,TCG,S,GR2,RCG,PCG,SLCG,3,بشرة 1,035,X
035P-5S-16,WHC,TCG,S,GR2,RCG,PCG,SLCG,3,بشرة 1,035,X
036A-1S-01,WHC,TCG,S,GR2,RCG,PCG,SLCG,3,بشرة 1,036,X
036A-2S-01,WHC,TCG,S,GR2,RCG,PCG,SLCG,3,بشرة 1,036,X
036A-3S-01,WHC,TCG,S,GR2,RCG,PCG,SLCG,3,بشرة 1,036,X
036A-4S-01,WHC,TCG,S,GR2,RCG,PCG,SLCG,3,بشرة 1,036,X
036A-5S-01,WHC,TCG,S,GR2,RCG,PCG,SLCG,3,بشرة 1,036,X
036B-1S-02,WHC,TCG,S,GR2,RCG,PCG,SLCG,3,بشرة 1,036,X
036B-2S-02,WHC,TCG,S,GR2,RCG,PCG,SLCG,3,بشرة 1,036,X
036B-3S-02,WHC,TCG,S,GR2,RCG,PCG,SLCG,3,بشرة 1,036,X
036B-4S-02,WHC,TCG,S,GR2,RCG,PCG,SLCG,3,بشرة 1,036,X
036B-5S-02,WHC,TCG,S,GR2,RCG,PCG,SLCG,3,بشرة 1,036,X
036C-1S-03,WHC,TCG,S,GR2,RCG,PCG,SLCG,3,بشرة 1,036,X
036C-2S-03,WHC,TCG,S,GR2,RCG,PCG,SLCG,3,بشرة 1,036,X
036C-3S-03,WHC,TCG,S,GR2,RCG,PCG,SLCG,3,بشرة 1,036,X
036C-4S-03,WHC,TCG,S,GR2,RCG,PCG,SLCG,3,بشرة 1,036,X
036C-5S-03,WHC,TCG,S,GR2,RCG,PCG,SLCG,3,بشرة 1,036,X
036D-1S-04,WHC,TCG,S,GR2,RCG,PCG,SLCG,3,بشرة 1,036,X
036D-2S-04,WHC,TCG,S,GR2,RCG,PCG,SLCG,3,بشرة 1,036,X
036D-3S-04,WHC,TCG,S,GR2,RCG,PCG,SLCG,3,بشرة 1,036,X
036D-4S-04,WHC,TCG,S,GR2,RCG,PCG,SLCG,3,بشرة 1,036,X
036D-5S-04,WHC,TCG,S,GR2,RCG,PCG,SLCG,3,بشرة 1,036,X
036E-1S-05,WHC,TCG,S,GR2,RCG,PCG,SLCG,3,بشرة 1,036,X
036E-2S-05,WHC,TCG,S,GR2,RCG,PCG,SLCG,3,بشرة 1,036,X
036E-3S-05,WHC,TCG,S,GR2,RCG,PCG,SLCG,3,بشرة 1,036,X
036E-4S-05,WHC,TCG,S,GR2,RCG,PCG,SLCG,3,بشرة 1,036,X
036E-5S-05,WHC,TCG,S,GR2,RCG,PCG,SLCG,3,بشرة 1,036,X
036F-1S-06,WHC,TCG,S,GR2,RCG,PCG,SLCG,3,بشرة 1,036,X
036F-2S-06,WHC,TCG,S,GR2,RCG,PCG,SLCG,3,بشرة 1,036,X
036F-3S-06,WHC,TCG,S,GR2,RCG,PCG,SLCG,3,بشرة 1,036,X
036F-4S-06,WHC,TCG,S,GR2,RCG,PCG,SLCG,3,بشرة 1,036,X
036F-5S-06,WHC,TCG,S,GR2,RCG,PCG,SLCG,3,بشرة 1,036,X
036G-1S-07,WHC,TCG,S,GR2,RCG,PCG,SLCG,3,بشرة 1,036,X
036G-2S-07,WHC,TCG,S,GR2,RCG,PCG,SLCG,3,بشرة 1,036,X
036G-3S-07,WHC,TCG,S,GR2,RCG,PCG,SLCG,3,بشرة 1,036,X
036G-4S-07,WHC,TCG,S,GR2,RCG,PCG,SLCG,3,بشرة 1,036,X
036G-5S-07,WHC,TCG,S,GR2,RCG,PCG,SLCG,3,بشرة 1,036,X
036H-1S-08,WHC,TCG,S,GR2,RCG,PCG,SLCG,3,بشرة 1,036,X
036H-2S-08,WHC,TCG,S,GR2,RCG,PCG,SLCG,3,بشرة 1,036,X
036H-3S-08,WHC,TCG,S,GR2,RCG,PCG,SLCG,3,بشرة 1,036,X
036H-4S-08,WHC,TCG,S,GR2,RCG,PCG,SLCG,3,بشرة 1,036,X
036H-5S-08,WHC,TCG,S,GR2,RCG,PCG,SLCG,3,بشرة 1,036,X
036I-1S-09,WHC,TCG,S,GR2,RCG,PCG,SLCG,3,بشرة 1,036,X
036I-2S-09,WHC,TCG,S,GR2,RCG,PCG,SLCG,3,بشرة 1,036,X
036I-3S-09,WHC,TCG,S,GR2,RCG,PCG,SLCG,3,بشرة 1,036,X
036I-4S-09,WHC,TCG,S,GR2,RCG,PCG,SLCG,3,بشرة 1,036,X
036I-5S-09,WHC,TCG,S,GR2,RCG,PCG,SLCG,3,بشرة 1,036,X
036J-1S-10,WHC,TCG,S,GR2,RCG,PCG,SLCG,3,بشرة 1,036,X
036J-2S-10,WHC,TCG,S,GR2,RCG,PCG,SLCG,3,بشرة 1,036,X
036J-3S-10,WHC,TCG,S,GR2,RCG,PCG,SLCG,3,بشرة 1,036,X
036J-4S-10,WHC,TCG,S,GR2,RCG,PCG,SLCG,3,بشرة 1,036,X
036J-5S-10,WHC,TCG,S,GR2,RCG,PCG,SLCG,3,بشرة 1,036,X
036K-1S-11,WHC,TCG,S,GR2,RCG,PCG,SLCG,3,بشرة 1,036,X
036K-2S-11,WHC,TCG,S,GR2,RCG,PCG,SLCG,3,بشرة 1,036,X
036K-3S-11,WHC,TCG,S,GR2,RCG,PCG,SLCG,3,بشرة 1,036,X
036K-4S-11,WHC,TCG,S,GR2,RCG,PCG,SLCG,3,بشرة 1,036,X
036K-5S-11,WHC,TCG,S,GR2,RCG,PCG,SLCG,3,بشرة 1,036,X
036L-1S-12,WHC,TCG,S,GR2,RCG,PCG,SLCG,3,بشرة 1,036,X
036L-2S-12,WHC,TCG,S,GR2,RCG,PCG,SLCG,3,بشرة 1,036,X
036L-3S-12,WHC,TCG,S,GR2,RCG,PCG,SLCG,3,بشرة 1,036,X
036L-4S-12,WHC,TCG,S,GR2,RCG,PCG,SLCG,3,بشرة 1,036,X
036L-5S-12,WHC,TCG,S,GR2,RCG,PCG,SLCG,3,بشرة 1,036,X
036M-1S-13,WHC,TCG,S,GR2,RCG,PCG,SLCG,3,بشرة 1,036,X
036M-2S-13,WHC,TCG,S,GR2,RCG,PCG,SLCG,3,بشرة 1,036,X
036M-3S-13,WHC,TCG,S,GR2,RCG,PCG,SLCG,3,بشرة 1,036,X
036M-4S-13,WHC,TCG,S,GR2,RCG,PCG,SLCG,3,بشرة 1,036,X
036M-5S-13,WHC,TCG,S,GR2,RCG,PCG,SLCG,3,بشرة 1,036,X
036N-1S-14,WHC,TCG,S,GR2,RCG,PCG,SLCG,3,بشرة 1,036,X
036N-2S-14,WHC,TCG,S,GR2,RCG,PCG,SLCG,3,بشرة 1,036,X
036N-3S-14,WHC,TCG,S,GR2,RCG,PCG,SLCG,3,بشرة 1,036,X
036N-4S-14,WHC,TCG,S,GR2,RCG,PCG,SLCG,3,بشرة 1,036,X
036N-5S-14,WHC,TCG,S,GR2,RCG,PCG,SLCG,3,بشرة 1,036,X
036O-1S-15,WHC,TCG,S,GR2,RCG,PCG,SLCG,3,بشرة 1,036,X
036O-2S-15,WHC,TCG,S,GR2,RCG,PCG,SLCG,3,بشرة 1,036,X
036O-3S-15,WHC,TCG,S,GR2,RCG,PCG,SLCG,3,بشرة 1,036,X
036O-4S-15,WHC,TCG,S,GR2,RCG,PCG,SLCG,3,بشرة 1,036,X
036O-5S-15,WHC,TCG,S,GR2,RCG,PCG,SLCG,3,بشرة 1,036,X
036P-1S-16,WHC,TCG,S,GR2,RCG,PCG,SLCG,3,بشرة 1,036,X
036P-2S-16,WHC,TCG,S,GR2,RCG,PCG,SLCG,3,بشرة 1,036,X
036P-3S-16,WHC,TCG,S,GR2,RCG,PCG,SLCG,3,بشرة 1,036,X
036P-4S-16,WHC,TCG,S,GR2,RCG,PCG,SLCG,3,بشرة 1,036,X
036P-5S-16,WHC,TCG,S,GR2,RCG,PCG,SLCG,3,بشرة 1,036,X
036Q-1S-17,WHC,TCG,S,GR2,RCG,PCG,SLCG,3,بشرة 1,036,X
036Q-2S-17,WHC,TCG,S,GR2,RCG,PCG,SLCG,3,بشرة 1,036,X
036Q-3S-17,WHC,TCG,S,GR2,RCG,PCG,SLCG,3,بشرة 1,036,X
036Q-4S-17,WHC,TCG,S,GR2,RCG,PCG,SLCG,3,بشرة 1,036,X
036Q-5S-17,WHC,TCG,S,GR2,RCG,PCG,SLCG,3,بشرة 1,036,X
036R-1S-18,WHC,TCG,S,GR2,RCG,PCG,SLCG,3,بشرة 1,036,X
036R-2S-18,WHC,TCG,S,GR2,RCG,PCG,SLCG,3,بشرة 1,036,X
036R-3S-18,WHC,TCG,S,GR2,RCG,PCG,SLCG,3,بشرة 1,036,X
036R-4S-18,WHC,TCG,S,GR2,RCG,PCG,SLCG,3,بشرة 1,036,X
036R-5S-18,WHC,TCG,S,GR2,RCG,PCG,SLCG,3,بشرة 1,036,X
036S-1S-19,WHC,TCG,S,GR2,RCG,PCG,SLCG,3,بشرة 1,036,X
036S-2S-19,WHC,TCG,S,GR2,RCG,PCG,SLCG,3,بشرة 1,036,X
036S-3S-19,WHC,TCG,S,GR2,RCG,PCG,SLCG,3,بشرة 1,036,X
036S-4S-19,WHC,TCG,S,GR2,RCG,PCG,SLCG,3,بشرة 1,036,X
036S-5S-19,WHC,TCG,S,GR2,RCG,PCG,SLCG,3,بشرة 1,036,X
036T-1S-20,WHC,TCG,S,GR2,RCG,PCG,SLCG,3,بشرة 1,036,X
036T-2S-20,WHC,TCG,S,GR2,RCG,PCG,SLCG,3,بشرة 1,036,X
036T-3S-20,WHC,TCG,S,GR2,RCG,PCG,SLCG,3,بشرة 1,036,X
036T-4S-20,WHC,TCG,S,GR2,RCG,PCG,SLCG,3,بشرة 1,036,X
036T-5S-20,WHC,TCG,S,GR2,RCG,PCG,SLCG,3,بشرة 1,036,X
036U-1S-21,WHC,TCG,S,GR2,RCG,PCG,SLCG,3,بشرة 1,036,X
036U-2S-21,WHC,TCG,S,GR2,RCG,PCG,SLCG,3,بشرة 1,036,X
036U-3S-21,WHC,TCG,S,GR2,RCG,PCG,SLCG,3,بشرة 1,036,X
036U-4S-21,WHC,TCG,S,GR2,RCG,PCG,SLCG,3,بشرة 1,036,X
036U-5S-21,WHC,TCG,S,GR2,RCG,PCG,SLCG,3,بشرة 1,036,X
036V-1S-22,WHC,TCG,S,GR2,RCG,PCG,SLCG,3,بشرة 1,036,X
036V-2S-22,WHC,TCG,S,GR2,RCG,PCG,SLCG,3,بشرة 1,036,X
036V-3S-22,WHC,TCG,S,GR2,RCG,PCG,SLCG,3,بشرة 1,036,X
036V-4S-22,WHC,TCG,S,GR2,RCG,PCG,SLCG,3,بشرة 1,036,X
036V-5S-22,WHC,TCG,S,GR2,RCG,PCG,SLCG,3,بشرة 1,036,X
036W-1S-23,WHC,TCG,S,GR2,RCG,PCG,SLCG,3,بشرة 1,036,X
036W-2S-23,WHC,TCG,S,GR2,RCG,PCG,SLCG,3,بشرة 1,036,X
036W-3S-23,WHC,TCG,S,GR2,RCG,PCG,SLCG,3,بشرة 1,036,X
036W-4S-23,WHC,TCG,S,GR2,RCG,PCG,SLCG,3,بشرة 1,036,X
036W-5S-23,WHC,TCG,S,GR2,RCG,PCG,SLCG,3,بشرة 1,036,X
036X-1S-24,WHC,TCG,S,GR2,RCG,PCG,SLCG,3,بشرة 1,036,X
036X-2S-24,WHC,TCG,S,GR2,RCG,PCG,SLCG,3,بشرة 1,036,X
036X-3S-24,WHC,TCG,S,GR2,RCG,PCG,SLCG,3,بشرة 1,036,X
036X-4S-24,WHC,TCG,S,GR2,RCG,PCG,SLCG,3,بشرة 1,036,X
036X-5S-24,WHC,TCG,S,GR2,RCG,PCG,SLCG,3,بشرة 1,036,X
036Y-1S-25,WHC,TCG,S,GR2,RCG,PCG,SLCG,3,بشرة 1,036,X
036Y-3S-25,WHC,TCG,S,GR2,RCG,PCG,SLCG,3,بشرة 1,036,X
037A-1S-01,WHC,TCG,S,GR2,RCG,PCG,SLCG,4,بشرة 2,037,X
037A-2S-01,WHC,TCG,S,GR2,RCG,PCG,SLCG,4,بشرة 2,037,X
037A-3S-01,WHC,TCG,S,GR2,RCG,PCG,SLCG,4,بشرة 2,037,X
037A-4S-01,WHC,TCG,S,GR2,RCG,PCG,SLCG,4,بشرة 2,037,X
037A-5S-01,WHC,TCG,S,GR2,RCG,PCG,SLCG,4,بشرة 2,037,X
037B-1S-02,WHC,TCG,S,GR2,RCG,PCG,SLCG,4,بشرة 2,037,X
037B-2S-02,WHC,TCG,S,GR2,RCG,PCG,SLCG,4,بشرة 2,037,X
037B-3S-02,WHC,TCG,S,GR2,RCG,PCG,SLCG,4,بشرة 2,037,X
037B-4S-02,WHC,TCG,S,GR2,RCG,PCG,SLCG,4,بشرة 2,037,X
037B-5S-02,WHC,TCG,S,GR2,RCG,PCG,SLCG,4,بشرة 2,037,X
037C-1S-03,WHC,TCG,S,GR2,RCG,PCG,SLCG,4,بشرة 2,037,X
037C-2S-03,WHC,TCG,S,GR2,RCG,PCG,SLCG,4,بشرة 2,037,X
037C-3S-03,WHC,TCG,S,GR2,RCG,PCG,SLCG,4,بشرة 2,037,X
037C-4S-03,WHC,TCG,S,GR2,RCG,PCG,SLCG,4,بشرة 2,037,X
037C-5S-03,WHC,TCG,S,GR2,RCG,PCG,SLCG,4,بشرة 2,037,X
037D-1S-04,WHC,TCG,S,GR2,RCG,PCG,SLCG,4,بشرة 2,037,X
037D-2S-04,WHC,TCG,S,GR2,RCG,PCG,SLCG,4,بشرة 2,037,X
037D-3S-04,WHC,TCG,S,GR2,RCG,PCG,SLCG,4,بشرة 2,037,X
037D-4S-04,WHC,TCG,S,GR2,RCG,PCG,SLCG,4,بشرة 2,037,X
037D-5S-04,WHC,TCG,S,GR2,RCG,PCG,SLCG,4,بشرة 2,037,X
037E-1S-05,WHC,TCG,S,GR2,RCG,PCG,SLCG,4,بشرة 2,037,X
037E-2S-05,WHC,TCG,S,GR2,RCG,PCG,SLCG,4,بشرة 2,037,X
037E-3S-05,WHC,TCG,S,GR2,RCG,PCG,SLCG,4,بشرة 2,037,X
037E-4S-05,WHC,TCG,S,GR2,RCG,PCG,SLCG,4,بشرة 2,037,X
037E-5S-05,WHC,TCG,S,GR2,RCG,PCG,SLCG,4,بشرة 2,037,X
037F-1S-06,WHC,TCG,S,GR2,RCG,PCG,SLCG,4,بشرة 2,037,X
037F-2S-06,WHC,TCG,S,GR2,RCG,PCG,SLCG,4,بشرة 2,037,X
037F-3S-06,WHC,TCG,S,GR2,RCG,PCG,SLCG,4,بشرة 2,037,X
037F-4S-06,WHC,TCG,S,GR2,RCG,PCG,SLCG,4,بشرة 2,037,X
037F-5S-06,WHC,TCG,S,GR2,RCG,PCG,SLCG,4,بشرة 2,037,X
037G-1S-07,WHC,TCG,S,GR2,RCG,PCG,SLCG,4,بشرة 2,037,X
037G-2S-07,WHC,TCG,S,GR2,RCG,PCG,SLCG,4,بشرة 2,037,X
037G-3S-07,WHC,TCG,S,GR2,RCG,PCG,SLCG,4,بشرة 2,037,X
037G-4S-07,WHC,TCG,S,GR2,RCG,PCG,SLCG,4,بشرة 2,037,X
037G-5S-07,WHC,TCG,S,GR2,RCG,PCG,SLCG,4,بشرة 2,037,X
037H-1S-08,WHC,TCG,S,GR2,RCG,PCG,SLCG,4,بشرة 2,037,X
037H-2S-08,WHC,TCG,S,GR2,RCG,PCG,SLCG,4,بشرة 2,037,X
037H-3S-08,WHC,TCG,S,GR2,RCG,PCG,SLCG,4,بشرة 2,037,X
037H-4S-08,WHC,TCG,S,GR2,RCG,PCG,SLCG,4,بشرة 2,037,X
037H-5S-08,WHC,TCG,S,GR2,RCG,PCG,SLCG,4,بشرة 2,037,X
037I-1S-09,WHC,TCG,S,GR2,RCG,PCG,SLCG,4,بشرة 2,037,X
037I-2S-09,WHC,TCG,S,GR2,RCG,PCG,SLCG,4,بشرة 2,037,X
037I-3S-09,WHC,TCG,S,GR2,RCG,PCG,SLCG,4,بشرة 2,037,X
037I-4S-09,WHC,TCG,S,GR2,RCG,PCG,SLCG,4,بشرة 2,037,X
037I-5S-09,WHC,TCG,S,GR2,RCG,PCG,SLCG,4,بشرة 2,037,X
037J-1S-10,WHC,TCG,S,GR2,RCG,PCG,SLCG,4,بشرة 2,037,X
037J-2S-10,WHC,TCG,S,GR2,RCG,PCG,SLCG,4,بشرة 2,037,X
037J-3S-10,WHC,TCG,S,GR2,RCG,PCG,SLCG,4,بشرة 2,037,X
037J-4S-10,WHC,TCG,S,GR2,RCG,PCG,SLCG,4,بشرة 2,037,X
037J-5S-10,WHC,TCG,S,GR2,RCG,PCG,SLCG,4,بشرة 2,037,X
037K-1S-11,WHC,TCG,S,GR2,RCG,PCG,SLCG,4,بشرة 2,037,X
037K-2S-11,WHC,TCG,S,GR2,RCG,PCG,SLCG,4,بشرة 2,037,X
037K-3S-11,WHC,TCG,S,GR2,RCG,PCG,SLCG,4,بشرة 2,037,X
037K-4S-11,WHC,TCG,S,GR2,RCG,PCG,SLCG,4,بشرة 2,037,X
037K-5S-11,WHC,TCG,S,GR2,RCG,PCG,SLCG,4,بشرة 2,037,X
037L-1S-12,WHC,TCG,S,GR2,RCG,PCG,SLCG,4,بشرة 2,037,X
037L-2S-12,WHC,TCG,S,GR2,RCG,PCG,SLCG,4,بشرة 2,037,X
037L-3S-12,WHC,TCG,S,GR2,RCG,PCG,SLCG,4,بشرة 2,037,X
037L-4S-12,WHC,TCG,S,GR2,RCG,PCG,SLCG,4,بشرة 2,037,X
037L-5S-12,WHC,TCG,S,GR2,RCG,PCG,SLCG,4,بشرة 2,037,X
037M-1S-13,WHC,TCG,S,GR2,RCG,PCG,SLCG,4,بشرة 2,037,X
037M-2S-13,WHC,TCG,S,GR2,RCG,PCG,SLCG,4,بشرة 2,037,X
037M-3S-13,WHC,TCG,S,GR2,RCG,PCG,SLCG,4,بشرة 2,037,X
037M-4S-13,WHC,TCG,S,GR2,RCG,PCG,SLCG,4,بشرة 2,037,X
037M-5S-13,WHC,TCG,S,GR2,RCG,PCG,SLCG,4,بشرة 2,037,X
037N-1S-14,WHC,TCG,S,GR2,RCG,PCG,SLCG,4,بشرة 2,037,X
037N-2S-14,WHC,TCG,S,GR2,RCG,PCG,SLCG,4,بشرة 2,037,X
037N-3S-14,WHC,TCG,S,GR2,RCG,PCG,SLCG,4,بشرة 2,037,X
037N-4S-14,WHC,TCG,S,GR2,RCG,PCG,SLCG,4,بشرة 2,037,X
037N-5S-14,WHC,TCG,S,GR2,RCG,PCG,SLCG,4,بشرة 2,037,X
037O-1S-15,WHC,TCG,S,GR2,RCG,PCG,SLCG,4,بشرة 2,037,X
037O-2S-15,WHC,TCG,S,GR2,RCG,PCG,SLCG,4,بشرة 2,037,X
037O-3S-15,WHC,TCG,S,GR2,RCG,PCG,SLCG,4,بشرة 2,037,X
037O-4S-15,WHC,TCG,S,GR2,RCG,PCG,SLCG,4,بشرة 2,037,X
037O-5S-15,WHC,TCG,S,GR2,RCG,PCG,SLCG,4,بشرة 2,037,X
037Q-3S-17,WHC,TCG,S,GR2,RCG,PCG,SLCG,4,بشرة 2,037,X
037S-3S-19,WHC,TCG,S,GR2,RCG,PCG,SLCG,4,بشرة 2,037,X
038A-1S-01,WHC,TCG,S,GR2,RCG,PCG,SLCG,3,بشرة 1,038,X
038A-2S-01,WHC,TCG,S,GR2,RCG,PCG,SLCG,3,بشرة 1,038,X
038A-3S-01,WHC,TCG,S,GR2,RCG,PCG,SLCG,3,بشرة 1,038,X
038A-4S-01,WHC,TCG,S,GR2,RCG,PCG,SLCG,3,بشرة 1,038,X
038A-5S-01,WHC,TCG,S,GR2,RCG,PCG,SLCG,3,بشرة 1,038,X
038B-1S-02,WHC,TCG,S,GR2,RCG,PCG,SLCG,3,بشرة 1,038,X
038B-2S-02,WHC,TCG,S,GR2,RCG,PCG,SLCG,3,بشرة 1,038,X
038B-3S-02,WHC,TCG,S,GR2,RCG,PCG,SLCG,3,بشرة 1,038,X
038B-4S-02,WHC,TCG,S,GR2,RCG,PCG,SLCG,3,بشرة 1,038,X
038B-5S-02,WHC,TCG,S,GR2,RCG,PCG,SLCG,3,بشرة 1,038,X
038C-1S-03,WHC,TCG,S,GR2,RCG,PCG,SLCG,3,بشرة 1,038,X
038C-2S-03,WHC,TCG,S,GR2,RCG,PCG,SLCG,3,بشرة 1,038,X
038C-3S-03,WHC,TCG,S,GR2,RCG,PCG,SLCG,3,بشرة 1,038,X
038C-4S-03,WHC,TCG,S,GR2,RCG,PCG,SLCG,3,بشرة 1,038,X
038C-5S-03,WHC,TCG,S,GR2,RCG,PCG,SLCG,3,بشرة 1,038,X
038D-1S-04,WHC,TCG,S,GR2,RCG,PCG,SLCG,3,بشرة 1,038,X
038D-2S-04,WHC,TCG,S,GR2,RCG,PCG,SLCG,3,بشرة 1,038,X
038D-3S-04,WHC,TCG,S,GR2,RCG,PCG,SLCG,3,بشرة 1,038,X
038D-4S-04,WHC,TCG,S,GR2,RCG,PCG,SLCG,3,بشرة 1,038,X
038D-5S-04,WHC,TCG,S,GR2,RCG,PCG,SLCG,3,بشرة 1,038,X
038E-1S-05,WHC,TCG,S,GR2,RCG,PCG,SLCG,3,بشرة 1,038,X
038E-2S-05,WHC,TCG,S,GR2,RCG,PCG,SLCG,3,بشرة 1,038,X
038E-3S-05,WHC,TCG,S,GR2,RCG,PCG,SLCG,3,بشرة 1,038,X
038E-4S-05,WHC,TCG,S,GR2,RCG,PCG,SLCG,3,بشرة 1,038,X
038E-5S-05,WHC,TCG,S,GR2,RCG,PCG,SLCG,3,بشرة 1,038,X
038F-1S-06,WHC,TCG,S,GR2,RCG,PCG,SLCG,3,بشرة 1,038,X
038F-2S-06,WHC,TCG,S,GR2,RCG,PCG,SLCG,3,بشرة 1,038,X
038F-3S-06,WHC,TCG,S,GR2,RCG,PCG,SLCG,3,بشرة 1,038,X
038F-4S-06,WHC,TCG,S,GR2,RCG,PCG,SLCG,3,بشرة 1,038,X
038F-5S-06,WHC,TCG,S,GR2,RCG,PCG,SLCG,3,بشرة 1,038,X
038G-1S-07,WHC,TCG,S,GR2,RCG,PCG,SLCG,3,بشرة 1,038,X
038G-2S-07,WHC,TCG,S,GR2,RCG,PCG,SLCG,3,بشرة 1,038,X
038G-3S-07,WHC,TCG,S,GR2,RCG,PCG,SLCG,3,بشرة 1,038,X
038G-4S-07,WHC,TCG,S,GR2,RCG,PCG,SLCG,3,بشرة 1,038,X
038G-5S-07,WHC,TCG,S,GR2,RCG,PCG,SLCG,3,بشرة 1,038,X
038H-1S-08,WHC,TCG,S,GR2,RCG,PCG,SLCG,3,بشرة 1,038,X
038H-2S-08,WHC,TCG,S,GR2,RCG,PCG,SLCG,3,بشرة 1,038,X
038H-3S-08,WHC,TCG,S,GR2,RCG,PCG,SLCG,3,بشرة 1,038,X
038H-4S-08,WHC,TCG,S,GR2,RCG,PCG,SLCG,3,بشرة 1,038,X
038H-5S-08,WHC,TCG,S,GR2,RCG,PCG,SLCG,3,بشرة 1,038,X
038I-1S-09,WHC,TCG,S,GR2,RCG,PCG,SLCG,3,بشرة 1,038,X
038I-2S-09,WHC,TCG,S,GR2,RCG,PCG,SLCG,3,بشرة 1,038,X
038I-3S-09,WHC,TCG,S,GR2,RCG,PCG,SLCG,3,بشرة 1,038,X
038I-4S-09,WHC,TCG,S,GR2,RCG,PCG,SLCG,3,بشرة 1,038,X
038I-5S-09,WHC,TCG,S,GR2,RCG,PCG,SLCG,3,بشرة 1,038,X
038J-1S-10,WHC,TCG,S,GR2,RCG,PCG,SLCG,3,بشرة 1,038,X
038J-2S-10,WHC,TCG,S,GR2,RCG,PCG,SLCG,3,بشرة 1,038,X
038J-3S-10,WHC,TCG,S,GR2,RCG,PCG,SLCG,3,بشرة 1,038,X
038J-4S-10,WHC,TCG,S,GR2,RCG,PCG,SLCG,3,بشرة 1,038,X
038J-5S-10,WHC,TCG,S,GR2,RCG,PCG,SLCG,3,بشرة 1,038,X
038K-1S-11,WHC,TCG,S,GR2,RCG,PCG,SLCG,3,بشرة 1,038,X
038K-2S-11,WHC,TCG,S,GR2,RCG,PCG,SLCG,3,بشرة 1,038,X
038K-3S-11,WHC,TCG,S,GR2,RCG,PCG,SLCG,3,بشرة 1,038,X
038K-4S-11,WHC,TCG,S,GR2,RCG,PCG,SLCG,3,بشرة 1,038,X
038K-5S-11,WHC,TCG,S,GR2,RCG,PCG,SLCG,3,بشرة 1,038,X
038L-1S-12,WHC,TCG,S,GR2,RCG,PCG,SLCG,3,بشرة 1,038,X
038L-2S-12,WHC,TCG,S,GR2,RCG,PCG,SLCG,3,بشرة 1,038,X
038L-3S-12,WHC,TCG,S,GR2,RCG,PCG,SLCG,3,بشرة 1,038,X
038L-4S-12,WHC,TCG,S,GR2,RCG,PCG,SLCG,3,بشرة 1,038,X
038L-5S-12,WHC,TCG,S,GR2,RCG,PCG,SLCG,3,بشرة 1,038,X
038M-1S-13,WHC,TCG,S,GR2,RCG,PCG,SLCG,3,بشرة 1,038,X
038M-2S-13,WHC,TCG,S,GR2,RCG,PCG,SLCG,3,بشرة 1,038,X
038M-3S-13,WHC,TCG,S,GR2,RCG,PCG,SLCG,3,بشرة 1,038,X
038M-4S-13,WHC,TCG,S,GR2,RCG,PCG,SLCG,3,بشرة 1,038,X
038M-5S-13,WHC,TCG,S,GR2,RCG,PCG,SLCG,3,بشرة 1,038,X
038N-1S-14,WHC,TCG,S,GR2,RCG,PCG,SLCG,3,بشرة 1,038,X
038N-2S-14,WHC,TCG,S,GR2,RCG,PCG,SLCG,3,بشرة 1,038,X
038N-3S-14,WHC,TCG,S,GR2,RCG,PCG,SLCG,3,بشرة 1,038,X
038N-4S-14,WHC,TCG,S,GR2,RCG,PCG,SLCG,3,بشرة 1,038,X
038N-5S-14,WHC,TCG,S,GR2,RCG,PCG,SLCG,3,بشرة 1,038,X
038O-1S-15,WHC,TCG,S,GR2,RCG,PCG,SLCG,3,بشرة 1,038,X
038O-2S-15,WHC,TCG,S,GR2,RCG,PCG,SLCG,3,بشرة 1,038,X
038O-3S-15,WHC,TCG,S,GR2,RCG,PCG,SLCG,3,بشرة 1,038,X
038O-4S-15,WHC,TCG,S,GR2,RCG,PCG,SLCG,3,بشرة 1,038,X
038O-5S-15,WHC,TCG,S,GR2,RCG,PCG,SLCG,3,بشرة 1,038,X
038P-1S-16,WHC,TCG,S,GR2,RCG,PCG,SLCG,3,بشرة 1,038,X
038P-2S-16,WHC,TCG,S,GR2,RCG,PCG,SLCG,3,بشرة 1,038,X
038P-3S-16,WHC,TCG,S,GR2,RCG,PCG,SLCG,3,بشرة 1,038,X
038P-4S-16,WHC,TCG,S,GR2,RCG,PCG,SLCG,3,بشرة 1,038,X
038P-5S-16,WHC,TCG,S,GR2,RCG,PCG,SLCG,3,بشرة 1,038,X
038Q-1S-17,WHC,TCG,S,GR2,RCG,PCG,SLCG,3,بشرة 1,038,X
038Q-2S-17,WHC,TCG,S,GR2,RCG,PCG,SLCG,3,بشرة 1,038,X
038Q-3S-17,WHC,TCG,S,GR2,RCG,PCG,SLCG,3,بشرة 1,038,X
038Q-4S-17,WHC,TCG,S,GR2,RCG,PCG,SLCG,3,بشرة 1,038,X
038Q-5S-17,WHC,TCG,S,GR2,RCG,PCG,SLCG,3,بشرة 1,038,X
038R-1S-18,WHC,TCG,S,GR2,RCG,PCG,SLCG,3,بشرة 1,038,X
038R-2S-18,WHC,TCG,S,GR2,RCG,PCG,SLCG,3,بشرة 1,038,X
038R-3S-18,WHC,TCG,S,GR2,RCG,PCG,SLCG,3,بشرة 1,038,X
038R-4S-18,WHC,TCG,S,GR2,RCG,PCG,SLCG,3,بشرة 1,038,X
038R-5S-18,WHC,TCG,S,GR2,RCG,PCG,SLCG,3,بشرة 1,038,X
038S-1S-19,WHC,TCG,S,GR2,RCG,PCG,SLCG,3,بشرة 1,038,X
038S-2S-19,WHC,TCG,S,GR2,RCG,PCG,SLCG,3,بشرة 1,038,X
038S-3S-19,WHC,TCG,S,GR2,RCG,PCG,SLCG,3,بشرة 1,038,X
038S-4S-19,WHC,TCG,S,GR2,RCG,PCG,SLCG,3,بشرة 1,038,X
038S-5S-19,WHC,TCG,S,GR2,RCG,PCG,SLCG,3,بشرة 1,038,X
038T-1S-20,WHC,TCG,S,GR2,RCG,PCG,SLCG,3,بشرة 1,038,X
038T-2S-20,WHC,TCG,S,GR2,RCG,PCG,SLCG,3,بشرة 1,038,X
038T-3S-20,WHC,TCG,S,GR2,RCG,PCG,SLCG,3,بشرة 1,038,X
038T-4S-20,WHC,TCG,S,GR2,RCG,PCG,SLCG,3,بشرة 1,038,X
038T-5S-20,WHC,TCG,S,GR2,RCG,PCG,SLCG,3,بشرة 1,038,X
038U-1S-21,WHC,TCG,S,GR2,RCG,PCG,SLCG,3,بشرة 1,038,X
038U-2S-21,WHC,TCG,S,GR2,RCG,PCG,SLCG,3,بشرة 1,038,X
038U-3S-21,WHC,TCG,S,GR2,RCG,PCG,SLCG,3,بشرة 1,038,X
038U-4S-21,WHC,TCG,S,GR2,RCG,PCG,SLCG,3,بشرة 1,038,X
038U-5S-21,WHC,TCG,S,GR2,RCG,PCG,SLCG,3,بشرة 1,038,X
038V-1S-22,WHC,TCG,S,GR2,RCG,PCG,SLCG,3,بشرة 1,038,X
038V-2S-22,WHC,TCG,S,GR2,RCG,PCG,SLCG,3,بشرة 1,038,X
038V-3S-22,WHC,TCG,S,GR2,RCG,PCG,SLCG,3,بشرة 1,038,X
038V-4S-22,WHC,TCG,S,GR2,RCG,PCG,SLCG,3,بشرة 1,038,X
038V-5S-22,WHC,TCG,S,GR2,RCG,PCG,SLCG,3,بشرة 1,038,X
038W-1S-23,WHC,TCG,S,GR2,RCG,PCG,SLCG,3,بشرة 1,038,X
038W-2S-23,WHC,TCG,S,GR2,RCG,PCG,SLCG,3,بشرة 1,038,X
038W-3S-23,WHC,TCG,S,GR2,RCG,PCG,SLCG,3,بشرة 1,038,X
038W-4S-23,WHC,TCG,S,GR2,RCG,PCG,SLCG,3,بشرة 1,038,X
038W-5S-23,WHC,TCG,S,GR2,RCG,PCG,SLCG,3,بشرة 1,038,X
038X-1S-24,WHC,TCG,S,GR2,RCG,PCG,SLCG,3,بشرة 1,038,X
038X-2S-24,WHC,TCG,S,GR2,RCG,PCG,SLCG,3,بشرة 1,038,X
038X-3S-24,WHC,TCG,S,GR2,RCG,PCG,SLCG,3,بشرة 1,038,X
038X-4S-24,WHC,TCG,S,GR2,RCG,PCG,SLCG,3,بشرة 1,038,X
038X-5S-24,WHC,TCG,S,GR2,RCG,PCG,SLCG,3,بشرة 1,038,X
039A-1S-01,WHC,TCG,S,GR2,RCG,PCG,SLCG,4,بشرة 2,039,X
039A-2S-01,WHC,TCG,S,GR2,RCG,PCG,SLCG,4,بشرة 2,039,X
039A-3S-01,WHC,TCG,S,GR2,RCG,PCG,SLCG,4,بشرة 2,039,X
039A-4S-01,WHC,TCG,S,GR2,RCG,PCG,SLCG,4,بشرة 2,039,X
039A-5S-01,WHC,TCG,S,GR2,RCG,PCG,SLCG,4,بشرة 2,039,X
039B-1S-02,WHC,TCG,S,GR2,RCG,PCG,SLCG,4,بشرة 2,039,X
039B-2S-02,WHC,TCG,S,GR2,RCG,PCG,SLCG,4,بشرة 2,039,X
039B-3S-02,WHC,TCG,S,GR2,RCG,PCG,SLCG,4,بشرة 2,039,X
039B-4S-02,WHC,TCG,S,GR2,RCG,PCG,SLCG,4,بشرة 2,039,X
039B-5S-02,WHC,TCG,S,GR2,RCG,PCG,SLCG,4,بشرة 2,039,X
039C-1S-03,WHC,TCG,S,GR2,RCG,PCG,SLCG,4,بشرة 2,039,X
039C-2S-03,WHC,TCG,S,GR2,RCG,PCG,SLCG,4,بشرة 2,039,X
039C-3S-03,WHC,TCG,S,GR2,RCG,PCG,SLCG,4,بشرة 2,039,X
039C-4S-03,WHC,TCG,S,GR2,RCG,PCG,SLCG,4,بشرة 2,039,X
039C-5S-03,WHC,TCG,S,GR2,RCG,PCG,SLCG,4,بشرة 2,039,X
039D-1S-04,WHC,TCG,S,GR2,RCG,PCG,SLCG,4,بشرة 2,039,X
039D-2S-04,WHC,TCG,S,GR2,RCG,PCG,SLCG,4,بشرة 2,039,X
039D-3S-04,WHC,TCG,S,GR2,RCG,PCG,SLCG,4,بشرة 2,039,X
039D-4S-04,WHC,TCG,S,GR2,RCG,PCG,SLCG,4,بشرة 2,039,X
039D-5S-04,WHC,TCG,S,GR2,RCG,PCG,SLCG,4,بشرة 2,039,X
039E-1S-05,WHC,TCG,S,GR2,RCG,PCG,SLCG,4,بشرة 2,039,X
039E-2S-05,WHC,TCG,S,GR2,RCG,PCG,SLCG,4,بشرة 2,039,X
039E-3S-05,WHC,TCG,S,GR2,RCG,PCG,SLCG,4,بشرة 2,039,X
039E-4S-05,WHC,TCG,S,GR2,RCG,PCG,SLCG,4,بشرة 2,039,X
039E-5S-05,WHC,TCG,S,GR2,RCG,PCG,SLCG,4,بشرة 2,039,X
039F-1S-06,WHC,TCG,S,GR2,RCG,PCG,SLCG,4,بشرة 2,039,X
039F-2S-06,WHC,TCG,S,GR2,RCG,PCG,SLCG,4,بشرة 2,039,X
039F-3S-06,WHC,TCG,S,GR2,RCG,PCG,SLCG,4,بشرة 2,039,X
039F-4S-06,WHC,TCG,S,GR2,RCG,PCG,SLCG,4,بشرة 2,039,X
039F-5S-06,WHC,TCG,S,GR2,RCG,PCG,SLCG,4,بشرة 2,039,X
039G-1S-07,WHC,TCG,S,GR2,RCG,PCG,SLCG,4,بشرة 2,039,X
039G-2S-07,WHC,TCG,S,GR2,RCG,PCG,SLCG,4,بشرة 2,039,X
039G-3S-07,WHC,TCG,S,GR2,RCG,PCG,SLCG,4,بشرة 2,039,X
039G-4S-07,WHC,TCG,S,GR2,RCG,PCG,SLCG,4,بشرة 2,039,X
039G-5S-07,WHC,TCG,S,GR2,RCG,PCG,SLCG,4,بشرة 2,039,X
039H-1S-08,WHC,TCG,S,GR2,RCG,PCG,SLCG,4,بشرة 2,039,X
039H-2S-08,WHC,TCG,S,GR2,RCG,PCG,SLCG,4,بشرة 2,039,X
039H-3S-08,WHC,TCG,S,GR2,RCG,PCG,SLCG,4,بشرة 2,039,X
039H-4S-08,WHC,TCG,S,GR2,RCG,PCG,SLCG,4,بشرة 2,039,X
039H-5S-08,WHC,TCG,S,GR2,RCG,PCG,SLCG,4,بشرة 2,039,X
039I-1S-09,WHC,TCG,S,GR2,RCG,PCG,SLCG,4,بشرة 2,039,X
039I-2S-09,WHC,TCG,S,GR2,RCG,PCG,SLCG,4,بشرة 2,039,X
039I-3S-09,WHC,TCG,S,GR2,RCG,PCG,SLCG,4,بشرة 2,039,X
039I-4S-09,WHC,TCG,S,GR2,RCG,PCG,SLCG,4,بشرة 2,039,X
039I-5S-09,WHC,TCG,S,GR2,RCG,PCG,SLCG,4,بشرة 2,039,X
039J-1S-10,WHC,TCG,S,GR2,RCG,PCG,SLCG,4,بشرة 2,039,X
039J-2S-10,WHC,TCG,S,GR2,RCG,PCG,SLCG,4,بشرة 2,039,X
039J-3S-10,WHC,TCG,S,GR2,RCG,PCG,SLCG,4,بشرة 2,039,X
039J-4S-10,WHC,TCG,S,GR2,RCG,PCG,SLCG,4,بشرة 2,039,X
039J-5S-10,WHC,TCG,S,GR2,RCG,PCG,SLCG,4,بشرة 2,039,X
039K-1S-11,WHC,TCG,S,GR2,RCG,PCG,SLCG,4,بشرة 2,039,X
039K-2S-11,WHC,TCG,S,GR2,RCG,PCG,SLCG,4,بشرة 2,039,X
039K-3S-11,WHC,TCG,S,GR2,RCG,PCG,SLCG,4,بشرة 2,039,X
039K-4S-11,WHC,TCG,S,GR2,RCG,PCG,SLCG,4,بشرة 2,039,X
039K-5S-11,WHC,TCG,S,GR2,RCG,PCG,SLCG,4,بشرة 2,039,X
039L-1S-12,WHC,TCG,S,GR2,RCG,PCG,SLCG,4,بشرة 2,039,X
039L-2S-12,WHC,TCG,S,GR2,RCG,PCG,SLCG,4,بشرة 2,039,X
039L-3S-12,WHC,TCG,S,GR2,RCG,PCG,SLCG,4,بشرة 2,039,X
039L-4S-12,WHC,TCG,S,GR2,RCG,PCG,SLCG,4,بشرة 2,039,X
039L-5S-12,WHC,TCG,S,GR2,RCG,PCG,SLCG,4,بشرة 2,039,X
039M-1S-13,WHC,TCG,S,GR2,RCG,PCG,SLCG,4,بشرة 2,039,X
039M-2S-13,WHC,TCG,S,GR2,RCG,PCG,SLCG,4,بشرة 2,039,X
039M-3S-13,WHC,TCG,S,GR2,RCG,PCG,SLCG,4,بشرة 2,039,X
039M-4S-13,WHC,TCG,S,GR2,RCG,PCG,SLCG,4,بشرة 2,039,X
039M-5S-13,WHC,TCG,S,GR2,RCG,PCG,SLCG,4,بشرة 2,039,X
039N-1S-14,WHC,TCG,S,GR2,RCG,PCG,SLCG,4,بشرة 2,039,X
039N-2S-14,WHC,TCG,S,GR2,RCG,PCG,SLCG,4,بشرة 2,039,X
039N-3S-14,WHC,TCG,S,GR2,RCG,PCG,SLCG,4,بشرة 2,039,X
039N-4S-14,WHC,TCG,S,GR2,RCG,PCG,SLCG,4,بشرة 2,039,X
039N-5S-14,WHC,TCG,S,GR2,RCG,PCG,SLCG,4,بشرة 2,039,X
039O-1S-15,WHC,TCG,S,GR2,RCG,PCG,SLCG,4,بشرة 2,039,X
039O-2S-15,WHC,TCG,S,GR2,RCG,PCG,SLCG,4,بشرة 2,039,X
039O-3S-15,WHC,TCG,S,GR2,RCG,PCG,SLCG,4,بشرة 2,039,X
039O-4S-15,WHC,TCG,S,GR2,RCG,PCG,SLCG,4,بشرة 2,039,X
039O-5S-15,WHC,TCG,S,GR2,RCG,PCG,SLCG,4,بشرة 2,039,X
040A-1S-01,WHC,TCG,S,GR2,RCG,PCG,SLCG,4,بشرة 2,040,X
040A-2S-01,WHC,TCG,S,GR2,RCG,PCG,SLCG,4,بشرة 2,040,X
040A-3S-01,WHC,TCG,S,GR2,RCG,PCG,SLCG,4,بشرة 2,040,X
040A-4S-01,WHC,TCG,S,GR2,RCG,PCG,SLCG,4,بشرة 2,040,X
040A-5S-01,WHC,TCG,S,GR2,RCG,PCG,SLCG,4,بشرة 2,040,X
040B-1S-02,WHC,TCG,S,GR2,RCG,PCG,SLCG,4,بشرة 2,040,X
040B-2S-02,WHC,TCG,S,GR2,RCG,PCG,SLCG,4,بشرة 2,040,X
040B-3S-02,WHC,TCG,S,GR2,RCG,PCG,SLCG,4,بشرة 2,040,X
040B-4S-02,WHC,TCG,S,GR2,RCG,PCG,SLCG,4,بشرة 2,040,X
040B-5S-02,WHC,TCG,S,GR2,RCG,PCG,SLCG,4,بشرة 2,040,X
040C-1S-03,WHC,TCG,S,GR2,RCG,PCG,SLCG,4,بشرة 2,040,X
040C-2S-03,WHC,TCG,S,GR2,RCG,PCG,SLCG,4,بشرة 2,040,X
040C-3S-03,WHC,TCG,S,GR2,RCG,PCG,SLCG,4,بشرة 2,040,X
040C-4S-03,WHC,TCG,S,GR2,RCG,PCG,SLCG,4,بشرة 2,040,X
040C-5S-03,WHC,TCG,S,GR2,RCG,PCG,SLCG,4,بشرة 2,040,X
040D-1S-04,WHC,TCG,S,GR2,RCG,PCG,SLCG,4,بشرة 2,040,X
040D-2S-04,WHC,TCG,S,GR2,RCG,PCG,SLCG,4,بشرة 2,040,X
040D-3S-04,WHC,TCG,S,GR2,RCG,PCG,SLCG,4,بشرة 2,040,X
040D-4S-04,WHC,TCG,S,GR2,RCG,PCG,SLCG,4,بشرة 2,040,X
040D-5S-04,WHC,TCG,S,GR2,RCG,PCG,SLCG,4,بشرة 2,040,X
040E-1S-05,WHC,TCG,S,GR2,RCG,PCG,SLCG,4,بشرة 2,040,X
040E-2S-05,WHC,TCG,S,GR2,RCG,PCG,SLCG,4,بشرة 2,040,X
040E-3S-05,WHC,TCG,S,GR2,RCG,PCG,SLCG,4,بشرة 2,040,X
040E-4S-05,WHC,TCG,S,GR2,RCG,PCG,SLCG,4,بشرة 2,040,X
040E-5S-05,WHC,TCG,S,GR2,RCG,PCG,SLCG,4,بشرة 2,040,X
040F-1S-06,WHC,TCG,S,GR2,RCG,PCG,SLCG,4,بشرة 2,040,X
040F-2S-06,WHC,TCG,S,GR2,RCG,PCG,SLCG,4,بشرة 2,040,X
040F-3S-06,WHC,TCG,S,GR2,RCG,PCG,SLCG,4,بشرة 2,040,X
040F-4S-06,WHC,TCG,S,GR2,RCG,PCG,SLCG,4,بشرة 2,040,X
040F-5S-06,WHC,TCG,S,GR2,RCG,PCG,SLCG,4,بشرة 2,040,X
040G-1S-07,WHC,TCG,S,GR2,RCG,PCG,SLCG,4,بشرة 2,040,X
040G-2S-07,WHC,TCG,S,GR2,RCG,PCG,SLCG,4,بشرة 2,040,X
040G-3S-07,WHC,TCG,S,GR2,RCG,PCG,SLCG,4,بشرة 2,040,X
040G-4S-07,WHC,TCG,S,GR2,RCG,PCG,SLCG,4,بشرة 2,040,X
040G-5S-07,WHC,TCG,S,GR2,RCG,PCG,SLCG,4,بشرة 2,040,X
040H-1S-08,WHC,TCG,S,GR2,RCG,PCG,SLCG,4,بشرة 2,040,X
040H-2S-08,WHC,TCG,S,GR2,RCG,PCG,SLCG,4,بشرة 2,040,X
040H-3S-08,WHC,TCG,S,GR2,RCG,PCG,SLCG,4,بشرة 2,040,X
040H-4S-08,WHC,TCG,S,GR2,RCG,PCG,SLCG,4,بشرة 2,040,X
040H-5S-08,WHC,TCG,S,GR2,RCG,PCG,SLCG,4,بشرة 2,040,X
040I-1S-09,WHC,TCG,S,GR2,RCG,PCG,SLCG,4,بشرة 2,040,X
040I-2S-09,WHC,TCG,S,GR2,RCG,PCG,SLCG,4,بشرة 2,040,X
040I-3S-09,WHC,TCG,S,GR2,RCG,PCG,SLCG,4,بشرة 2,040,X
040I-4S-09,WHC,TCG,S,GR2,RCG,PCG,SLCG,4,بشرة 2,040,X
040I-5S-09,WHC,TCG,S,GR2,RCG,PCG,SLCG,4,بشرة 2,040,X
040J-1S-10,WHC,TCG,S,GR2,RCG,PCG,SLCG,4,بشرة 2,040,X
040J-2S-10,WHC,TCG,S,GR2,RCG,PCG,SLCG,4,بشرة 2,040,X
040J-3S-10,WHC,TCG,S,GR2,RCG,PCG,SLCG,4,بشرة 2,040,X
040J-4S-10,WHC,TCG,S,GR2,RCG,PCG,SLCG,4,بشرة 2,040,X
040J-5S-10,WHC,TCG,S,GR2,RCG,PCG,SLCG,4,بشرة 2,040,X
040K-1S-11,WHC,TCG,S,GR2,RCG,PCG,SLCG,4,بشرة 2,040,X
040K-2S-11,WHC,TCG,S,GR2,RCG,PCG,SLCG,4,بشرة 2,040,X
040K-3S-11,WHC,TCG,S,GR2,RCG,PCG,SLCG,4,بشرة 2,040,X
040K-4S-11,WHC,TCG,S,GR2,RCG,PCG,SLCG,4,بشرة 2,040,X
040K-5S-11,WHC,TCG,S,GR2,RCG,PCG,SLCG,4,بشرة 2,040,X
040L-1S-12,WHC,TCG,S,GR2,RCG,PCG,SLCG,4,بشرة 2,040,X
040L-2S-12,WHC,TCG,S,GR2,RCG,PCG,SLCG,4,بشرة 2,040,X
040L-3S-12,WHC,TCG,S,GR2,RCG,PCG,SLCG,4,بشرة 2,040,X
040L-4S-12,WHC,TCG,S,GR2,RCG,PCG,SLCG,4,بشرة 2,040,X
040L-5S-12,WHC,TCG,S,GR2,RCG,PCG,SLCG,4,بشرة 2,040,X
040M-1S-13,WHC,TCG,S,GR2,RCG,PCG,SLCG,4,بشرة 2,040,X
040M-2S-13,WHC,TCG,S,GR2,RCG,PCG,SLCG,4,بشرة 2,040,X
040M-3S-13,WHC,TCG,S,GR2,RCG,PCG,SLCG,4,بشرة 2,040,X
040M-4S-13,WHC,TCG,S,GR2,RCG,PCG,SLCG,4,بشرة 2,040,X
040M-5S-13,WHC,TCG,S,GR2,RCG,PCG,SLCG,4,بشرة 2,040,X
040N-1S-14,WHC,TCG,S,GR2,RCG,PCG,SLCG,4,بشرة 2,040,X
040N-2S-14,WHC,TCG,S,GR2,RCG,PCG,SLCG,4,بشرة 2,040,X
040N-3S-14,WHC,TCG,S,GR2,RCG,PCG,SLCG,4,بشرة 2,040,X
040N-4S-14,WHC,TCG,S,GR2,RCG,PCG,SLCG,4,بشرة 2,040,X
040N-5S-14,WHC,TCG,S,GR2,RCG,PCG,SLCG,4,بشرة 2,040,X
040O-1S-15,WHC,TCG,S,GR2,RCG,PCG,SLCG,4,بشرة 2,040,X
040O-2S-15,WHC,TCG,S,GR2,RCG,PCG,SLCG,4,بشرة 2,040,X
040O-3S-15,WHC,TCG,S,GR2,RCG,PCG,SLCG,4,بشرة 2,040,X
040O-4S-15,WHC,TCG,S,GR2,RCG,PCG,SLCG,4,بشرة 2,040,X
040O-5S-15,WHC,TCG,S,GR2,RCG,PCG,SLCG,4,بشرة 2,040,X
040P-1S-16,WHC,TCG,S,GR2,RCG,PCG,SLCG,4,بشرة 2,040,X
040P-2S-16,WHC,TCG,S,GR2,RCG,PCG,SLCG,4,بشرة 2,040,X
040P-3S-16,WHC,TCG,S,GR2,RCG,PCG,SLCG,4,بشرة 2,040,X
040P-4S-16,WHC,TCG,S,GR2,RCG,PCG,SLCG,4,بشرة 2,040,X
040P-5S-16,WHC,TCG,S,GR2,RCG,PCG,SLCG,4,بشرة 2,040,X
040Q-1S-17,WHC,TCG,S,GR2,RCG,PCG,SLCG,4,بشرة 2,040,X
040Q-2S-17,WHC,TCG,S,GR2,RCG,PCG,SLCG,4,بشرة 2,040,X
040Q-3S-17,WHC,TCG,S,GR2,RCG,PCG,SLCG,4,بشرة 2,040,X
040Q-4S-17,WHC,TCG,S,GR2,RCG,PCG,SLCG,4,بشرة 2,040,X
040Q-5S-17,WHC,TCG,S,GR2,RCG,PCG,SLCG,4,بشرة 2,040,X
040R-1S-18,WHC,TCG,S,GR2,RCG,PCG,SLCG,4,بشرة 2,040,X
040R-2S-18,WHC,TCG,S,GR2,RCG,PCG,SLCG,4,بشرة 2,040,X
040R-3S-18,WHC,TCG,S,GR2,RCG,PCG,SLCG,4,بشرة 2,040,X
040R-4S-18,WHC,TCG,S,GR2,RCG,PCG,SLCG,4,بشرة 2,040,X
040R-5S-18,WHC,TCG,S,GR2,RCG,PCG,SLCG,4,بشرة 2,040,X
040S-1S-19,WHC,TCG,S,GR2,RCG,PCG,SLCG,4,بشرة 2,040,X
040S-2S-19,WHC,TCG,S,GR2,RCG,PCG,SLCG,4,بشرة 2,040,X
040S-3S-19,WHC,TCG,S,GR2,RCG,PCG,SLCG,4,بشرة 2,040,X
040S-4S-19,WHC,TCG,S,GR2,RCG,PCG,SLCG,4,بشرة 2,040,X
040S-5S-19,WHC,TCG,S,GR2,RCG,PCG,SLCG,4,بشرة 2,040,X
040T-1S-20,WHC,TCG,S,GR2,RCG,PCG,SLCG,4,بشرة 2,040,X
040T-2S-20,WHC,TCG,S,GR2,RCG,PCG,SLCG,4,بشرة 2,040,X
040T-3S-20,WHC,TCG,S,GR2,RCG,PCG,SLCG,4,بشرة 2,040,X
040T-4S-20,WHC,TCG,S,GR2,RCG,PCG,SLCG,4,بشرة 2,040,X
040T-5S-20,WHC,TCG,S,GR2,RCG,PCG,SLCG,4,بشرة 2,040,X
040U-1S-21,WHC,TCG,S,GR2,RCG,PCG,SLCG,4,بشرة 2,040,X
040U-2S-21,WHC,TCG,S,GR2,RCG,PCG,SLCG,4,بشرة 2,040,X
040U-3S-21,WHC,TCG,S,GR2,RCG,PCG,SLCG,4,بشرة 2,040,X
040U-4S-21,WHC,TCG,S,GR2,RCG,PCG,SLCG,4,بشرة 2,040,X
040U-5S-21,WHC,TCG,S,GR2,RCG,PCG,SLCG,4,بشرة 2,040,X
040V-1S-22,WHC,TCG,S,GR2,RCG,PCG,SLCG,4,بشرة 2,040,X
040V-2S-22,WHC,TCG,S,GR2,RCG,PCG,SLCG,4,بشرة 2,040,X
040V-3S-22,WHC,TCG,S,GR2,RCG,PCG,SLCG,4,بشرة 2,040,X
040V-4S-22,WHC,TCG,S,GR2,RCG,PCG,SLCG,4,بشرة 2,040,X
040V-5S-22,WHC,TCG,S,GR2,RCG,PCG,SLCG,4,بشرة 2,040,X
040W-1S-23,WHC,TCG,S,GR2,RCG,PCG,SLCG,4,بشرة 2,040,X
040W-2S-23,WHC,TCG,S,GR2,RCG,PCG,SLCG,4,بشرة 2,040,X
040W-3S-23,WHC,TCG,S,GR2,RCG,PCG,SLCG,4,بشرة 2,040,X
040W-4S-23,WHC,TCG,S,GR2,RCG,PCG,SLCG,4,بشرة 2,040,X
040W-5S-23,WHC,TCG,S,GR2,RCG,PCG,SLCG,4,بشرة 2,040,X
040X-1S-24,WHC,TCG,S,GR2,RCG,PCG,SLCG,4,بشرة 2,040,X
040X-2S-24,WHC,TCG,S,GR2,RCG,PCG,SLCG,4,بشرة 2,040,X
040X-3S-24,WHC,TCG,S,GR2,RCG,PCG,SLCG,4,بشرة 2,040,X
040X-4S-24,WHC,TCG,S,GR2,RCG,PCG,SLCG,4,بشرة 2,040,X
040X-5S-24,WHC,TCG,S,GR2,RCG,PCG,SLCG,4,بشرة 2,040,X
041A-1S-01,WHC,TCG,S,GR2,RCG,PCG,SLCG,4,بشرة 2,041,X
041A-2S-01,WHC,TCG,S,GR2,RCG,PCG,SLCG,4,بشرة 2,041,X
041A-3S-01,WHC,TCG,S,GR2,RCG,PCG,SLCG,4,بشرة 2,041,X
041A-4S-01,WHC,TCG,S,GR2,RCG,PCG,SLCG,4,بشرة 2,041,X
041A-5S-01,WHC,TCG,S,GR2,RCG,PCG,SLCG,4,بشرة 2,041,X
041B-1S-02,WHC,TCG,S,GR2,RCG,PCG,SLCG,4,بشرة 2,041,X
041B-2S-02,WHC,TCG,S,GR2,RCG,PCG,SLCG,4,بشرة 2,041,X
041B-3S-02,WHC,TCG,S,GR2,RCG,PCG,SLCG,4,بشرة 2,041,X
041B-4S-02,WHC,TCG,S,GR2,RCG,PCG,SLCG,4,بشرة 2,041,X
041B-5S-02,WHC,TCG,S,GR2,RCG,PCG,SLCG,4,بشرة 2,041,X
041C-1S-03,WHC,TCG,S,GR2,RCG,PCG,SLCG,4,بشرة 2,041,X
041C-2S-03,WHC,TCG,S,GR2,RCG,PCG,SLCG,4,بشرة 2,041,X
041C-3S-03,WHC,TCG,S,GR2,RCG,PCG,SLCG,4,بشرة 2,041,X
041C-4S-03,WHC,TCG,S,GR2,RCG,PCG,SLCG,4,بشرة 2,041,X
041C-5S-03,WHC,TCG,S,GR2,RCG,PCG,SLCG,4,بشرة 2,041,X
041D-1S-04,WHC,TCG,S,GR2,RCG,PCG,SLCG,4,بشرة 2,041,X
041D-2S-04,WHC,TCG,S,GR2,RCG,PCG,SLCG,4,بشرة 2,041,X
041D-3S-04,WHC,TCG,S,GR2,RCG,PCG,SLCG,4,بشرة 2,041,X
041D-4S-04,WHC,TCG,S,GR2,RCG,PCG,SLCG,4,بشرة 2,041,X
041D-5S-04,WHC,TCG,S,GR2,RCG,PCG,SLCG,4,بشرة 2,041,X
041E-1S-05,WHC,TCG,S,GR2,RCG,PCG,SLCG,4,بشرة 2,041,X
041E-2S-05,WHC,TCG,S,GR2,RCG,PCG,SLCG,4,بشرة 2,041,X
041E-3S-05,WHC,TCG,S,GR2,RCG,PCG,SLCG,4,بشرة 2,041,X
041E-4S-05,WHC,TCG,S,GR2,RCG,PCG,SLCG,4,بشرة 2,041,X
041E-5S-05,WHC,TCG,S,GR2,RCG,PCG,SLCG,4,بشرة 2,041,X
041F-1S-06,WHC,TCG,S,GR2,RCG,PCG,SLCG,4,بشرة 2,041,X
041F-2S-06,WHC,TCG,S,GR2,RCG,PCG,SLCG,4,بشرة 2,041,X
041F-3S-06,WHC,TCG,S,GR2,RCG,PCG,SLCG,4,بشرة 2,041,X
041F-4S-06,WHC,TCG,S,GR2,RCG,PCG,SLCG,4,بشرة 2,041,X
041F-5S-06,WHC,TCG,S,GR2,RCG,PCG,SLCG,4,بشرة 2,041,X
041G-1S-07,WHC,TCG,S,GR2,RCG,PCG,SLCG,4,بشرة 2,041,X
041G-2S-07,WHC,TCG,S,GR2,RCG,PCG,SLCG,4,بشرة 2,041,X
041G-3S-07,WHC,TCG,S,GR2,RCG,PCG,SLCG,4,بشرة 2,041,X
041G-4S-07,WHC,TCG,S,GR2,RCG,PCG,SLCG,4,بشرة 2,041,X
041G-5S-07,WHC,TCG,S,GR2,RCG,PCG,SLCG,4,بشرة 2,041,X
041H-1S-08,WHC,TCG,S,GR2,RCG,PCG,SLCG,4,بشرة 2,041,X
041H-2S-08,WHC,TCG,S,GR2,RCG,PCG,SLCG,4,بشرة 2,041,X
041H-3S-08,WHC,TCG,S,GR2,RCG,PCG,SLCG,4,بشرة 2,041,X
041H-4S-08,WHC,TCG,S,GR2,RCG,PCG,SLCG,4,بشرة 2,041,X
041H-5S-08,WHC,TCG,S,GR2,RCG,PCG,SLCG,4,بشرة 2,041,X
041I-1S-09,WHC,TCG,S,GR2,RCG,PCG,SLCG,4,بشرة 2,041,X
041I-2S-09,WHC,TCG,S,GR2,RCG,PCG,SLCG,4,بشرة 2,041,X
041I-3S-09,WHC,TCG,S,GR2,RCG,PCG,SLCG,4,بشرة 2,041,X
041I-4S-09,WHC,TCG,S,GR2,RCG,PCG,SLCG,4,بشرة 2,041,X
041I-5S-09,WHC,TCG,S,GR2,RCG,PCG,SLCG,4,بشرة 2,041,X
041J-1S-10,WHC,TCG,S,GR2,RCG,PCG,SLCG,4,بشرة 2,041,X
041J-2S-10,WHC,TCG,S,GR2,RCG,PCG,SLCG,4,بشرة 2,041,X
041J-3S-10,WHC,TCG,S,GR2,RCG,PCG,SLCG,4,بشرة 2,041,X
041J-4S-10,WHC,TCG,S,GR2,RCG,PCG,SLCG,4,بشرة 2,041,X
041J-5S-10,WHC,TCG,S,GR2,RCG,PCG,SLCG,4,بشرة 2,041,X
041K-1S-11,WHC,TCG,S,GR2,RCG,PCG,SLCG,4,بشرة 2,041,X
041K-2S-11,WHC,TCG,S,GR2,RCG,PCG,SLCG,4,بشرة 2,041,X
041K-3S-11,WHC,TCG,S,GR2,RCG,PCG,SLCG,4,بشرة 2,041,X
041K-4S-11,WHC,TCG,S,GR2,RCG,PCG,SLCG,4,بشرة 2,041,X
041K-5S-11,WHC,TCG,S,GR2,RCG,PCG,SLCG,4,بشرة 2,041,X
041L-1S-12,WHC,TCG,S,GR2,RCG,PCG,SLCG,4,بشرة 2,041,X
041L-2S-12,WHC,TCG,S,GR2,RCG,PCG,SLCG,4,بشرة 2,041,X
041L-3S-12,WHC,TCG,S,GR2,RCG,PCG,SLCG,4,بشرة 2,041,X
041L-4S-12,WHC,TCG,S,GR2,RCG,PCG,SLCG,4,بشرة 2,041,X
041L-5S-12,WHC,TCG,S,GR2,RCG,PCG,SLCG,4,بشرة 2,041,X
041M-1S-13,WHC,TCG,S,GR2,RCG,PCG,SLCG,4,بشرة 2,041,X
041M-2S-13,WHC,TCG,S,GR2,RCG,PCG,SLCG,4,بشرة 2,041,X
041M-3S-13,WHC,TCG,S,GR2,RCG,PCG,SLCG,4,بشرة 2,041,X
041M-4S-13,WHC,TCG,S,GR2,RCG,PCG,SLCG,4,بشرة 2,041,X
041M-5S-13,WHC,TCG,S,GR2,RCG,PCG,SLCG,4,بشرة 2,041,X
041N-1S-14,WHC,TCG,S,GR2,RCG,PCG,SLCG,4,بشرة 2,041,X
041N-2S-14,WHC,TCG,S,GR2,RCG,PCG,SLCG,4,بشرة 2,041,X
041N-3S-14,WHC,TCG,S,GR2,RCG,PCG,SLCG,4,بشرة 2,041,X
041N-4S-14,WHC,TCG,S,GR2,RCG,PCG,SLCG,4,بشرة 2,041,X
041N-5S-14,WHC,TCG,S,GR2,RCG,PCG,SLCG,4,بشرة 2,041,X
042A-1S-01,WHC,TCG,S,GR2,RCG,PCG,SLCG,4,بشرة 2,042,X
042A-2S-01,WHC,TCG,S,GR2,RCG,PCG,SLCG,4,بشرة 2,042,X
042A-3S-01,WHC,TCG,S,GR2,RCG,PCG,SLCG,4,بشرة 2,042,X
042A-4S-01,WHC,TCG,S,GR2,RCG,PCG,SLCG,4,بشرة 2,042,X
042A-5S-01,WHC,TCG,S,GR2,RCG,PCG,SLCG,4,بشرة 2,042,X
042B-1S-02,WHC,TCG,S,GR2,RCG,PCG,SLCG,4,بشرة 2,042,X
042B-2S-02,WHC,TCG,S,GR2,RCG,PCG,SLCG,4,بشرة 2,042,X
042B-3S-02,WHC,TCG,S,GR2,RCG,PCG,SLCG,4,بشرة 2,042,X
042B-4S-02,WHC,TCG,S,GR2,RCG,PCG,SLCG,4,بشرة 2,042,X
042B-5S-02,WHC,TCG,S,GR2,RCG,PCG,SLCG,4,بشرة 2,042,X
042C-1S-03,WHC,TCG,S,GR2,RCG,PCG,SLCG,4,بشرة 2,042,X
042C-2S-03,WHC,TCG,S,GR2,RCG,PCG,SLCG,4,بشرة 2,042,X
042C-3S-03,WHC,TCG,S,GR2,RCG,PCG,SLCG,4,بشرة 2,042,X
042C-4S-03,WHC,TCG,S,GR2,RCG,PCG,SLCG,4,بشرة 2,042,X
042C-5S-03,WHC,TCG,S,GR2,RCG,PCG,SLCG,4,بشرة 2,042,X
042D-1S-04,WHC,TCG,S,GR2,RCG,PCG,SLCG,4,بشرة 2,042,X
042D-2S-04,WHC,TCG,S,GR2,RCG,PCG,SLCG,4,بشرة 2,042,X
042D-3S-04,WHC,TCG,S,GR2,RCG,PCG,SLCG,4,بشرة 2,042,X
042D-4S-04,WHC,TCG,S,GR2,RCG,PCG,SLCG,4,بشرة 2,042,X
042D-5S-04,WHC,TCG,S,GR2,RCG,PCG,SLCG,4,بشرة 2,042,X
042E-1S-05,WHC,TCG,S,GR2,RCG,PCG,SLCG,4,بشرة 2,042,X
042E-2S-05,WHC,TCG,S,GR2,RCG,PCG,SLCG,4,بشرة 2,042,X
042E-3S-05,WHC,TCG,S,GR2,RCG,PCG,SLCG,4,بشرة 2,042,X
042E-4S-05,WHC,TCG,S,GR2,RCG,PCG,SLCG,4,بشرة 2,042,X
042E-5S-05,WHC,TCG,S,GR2,RCG,PCG,SLCG,4,بشرة 2,042,X
042F-1S-06,WHC,TCG,S,GR2,RCG,PCG,SLCG,4,بشرة 2,042,X
042F-2S-06,WHC,TCG,S,GR2,RCG,PCG,SLCG,4,بشرة 2,042,X
042F-3S-06,WHC,TCG,S,GR2,RCG,PCG,SLCG,4,بشرة 2,042,X
042F-4S-06,WHC,TCG,S,GR2,RCG,PCG,SLCG,4,بشرة 2,042,X
042F-5S-06,WHC,TCG,S,GR2,RCG,PCG,SLCG,4,بشرة 2,042,X
042G-1S-07,WHC,TCG,S,GR2,RCG,PCG,SLCG,4,بشرة 2,042,X
042G-2S-07,WHC,TCG,S,GR2,RCG,PCG,SLCG,4,بشرة 2,042,X
042G-3S-07,WHC,TCG,S,GR2,RCG,PCG,SLCG,4,بشرة 2,042,X
042G-4S-07,WHC,TCG,S,GR2,RCG,PCG,SLCG,4,بشرة 2,042,X
042G-5S-07,WHC,TCG,S,GR2,RCG,PCG,SLCG,4,بشرة 2,042,X
042H-1S-08,WHC,TCG,S,GR2,RCG,PCG,SLCG,4,بشرة 2,042,X
042H-2S-08,WHC,TCG,S,GR2,RCG,PCG,SLCG,4,بشرة 2,042,X
042H-3S-08,WHC,TCG,S,GR2,RCG,PCG,SLCG,4,بشرة 2,042,X
042H-4S-08,WHC,TCG,S,GR2,RCG,PCG,SLCG,4,بشرة 2,042,X
042H-5S-08,WHC,TCG,S,GR2,RCG,PCG,SLCG,4,بشرة 2,042,X
042I-1S-09,WHC,TCG,S,GR2,RCG,PCG,SLCG,4,بشرة 2,042,X
042I-2S-09,WHC,TCG,S,GR2,RCG,PCG,SLCG,4,بشرة 2,042,X
042I-3S-09,WHC,TCG,S,GR2,RCG,PCG,SLCG,4,بشرة 2,042,X
042I-4S-09,WHC,TCG,S,GR2,RCG,PCG,SLCG,4,بشرة 2,042,X
042I-5S-09,WHC,TCG,S,GR2,RCG,PCG,SLCG,4,بشرة 2,042,X
042J-1S-10,WHC,TCG,S,GR2,RCG,PCG,SLCG,4,بشرة 2,042,X
042J-2S-10,WHC,TCG,S,GR2,RCG,PCG,SLCG,4,بشرة 2,042,X
042J-3S-10,WHC,TCG,S,GR2,RCG,PCG,SLCG,4,بشرة 2,042,X
042J-4S-10,WHC,TCG,S,GR2,RCG,PCG,SLCG,4,بشرة 2,042,X
042J-5S-10,WHC,TCG,S,GR2,RCG,PCG,SLCG,4,بشرة 2,042,X
042K-1S-11,WHC,TCG,S,GR2,RCG,PCG,SLCG,4,بشرة 2,042,X
042K-2S-11,WHC,TCG,S,GR2,RCG,PCG,SLCG,4,بشرة 2,042,X
042K-3S-11,WHC,TCG,S,GR2,RCG,PCG,SLCG,4,بشرة 2,042,X
042K-4S-11,WHC,TCG,S,GR2,RCG,PCG,SLCG,4,بشرة 2,042,X
042K-5S-11,WHC,TCG,S,GR2,RCG,PCG,SLCG,4,بشرة 2,042,X
042L-1S-12,WHC,TCG,S,GR2,RCG,PCG,SLCG,4,بشرة 2,042,X
042L-2S-12,WHC,TCG,S,GR2,RCG,PCG,SLCG,4,بشرة 2,042,X
042L-3S-12,WHC,TCG,S,GR2,RCG,PCG,SLCG,4,بشرة 2,042,X
042L-4S-12,WHC,TCG,S,GR2,RCG,PCG,SLCG,4,بشرة 2,042,X
042L-5S-12,WHC,TCG,S,GR2,RCG,PCG,SLCG,4,بشرة 2,042,X
042M-1S-13,WHC,TCG,S,GR2,RCG,PCG,SLCG,4,بشرة 2,042,X
042M-2S-13,WHC,TCG,S,GR2,RCG,PCG,SLCG,4,بشرة 2,042,X
042M-3S-13,WHC,TCG,S,GR2,RCG,PCG,SLCG,4,بشرة 2,042,X
042M-4S-13,WHC,TCG,S,GR2,RCG,PCG,SLCG,4,بشرة 2,042,X
042M-5S-13,WHC,TCG,S,GR2,RCG,PCG,SLCG,4,بشرة 2,042,X
042N-1S-14,WHC,TCG,S,GR2,RCG,PCG,SLCG,4,بشرة 2,042,X
042N-2S-14,WHC,TCG,S,GR2,RCG,PCG,SLCG,4,بشرة 2,042,X
042N-3S-14,WHC,TCG,S,GR2,RCG,PCG,SLCG,4,بشرة 2,042,X
042N-4S-14,WHC,TCG,S,GR2,RCG,PCG,SLCG,4,بشرة 2,042,X
042N-5S-14,WHC,TCG,S,GR2,RCG,PCG,SLCG,4,بشرة 2,042,X
042O-1S-15,WHC,TCG,S,GR2,RCG,PCG,SLCG,4,بشرة 2,042,X
042O-2S-15,WHC,TCG,S,GR2,RCG,PCG,SLCG,4,بشرة 2,042,X
042O-3S-15,WHC,TCG,S,GR2,RCG,PCG,SLCG,4,بشرة 2,042,X
042O-4S-15,WHC,TCG,S,GR2,RCG,PCG,SLCG,4,بشرة 2,042,X
042O-5S-15,WHC,TCG,S,GR2,RCG,PCG,SLCG,4,بشرة 2,042,X
042P-1S-16,WHC,TCG,S,GR2,RCG,PCG,SLCG,4,بشرة 2,042,X
042P-2S-16,WHC,TCG,S,GR2,RCG,PCG,SLCG,4,بشرة 2,042,X
042P-3S-16,WHC,TCG,S,GR2,RCG,PCG,SLCG,4,بشرة 2,042,X
042P-4S-16,WHC,TCG,S,GR2,RCG,PCG,SLCG,4,بشرة 2,042,X
042P-5S-16,WHC,TCG,S,GR2,RCG,PCG,SLCG,4,بشرة 2,042,X
042Q-1S-17,WHC,TCG,S,GR2,RCG,PCG,SLCG,4,بشرة 2,042,X
042Q-2S-17,WHC,TCG,S,GR2,RCG,PCG,SLCG,4,بشرة 2,042,X
042Q-3S-17,WHC,TCG,S,GR2,RCG,PCG,SLCG,4,بشرة 2,042,X
042Q-4S-17,WHC,TCG,S,GR2,RCG,PCG,SLCG,4,بشرة 2,042,X
042Q-5S-17,WHC,TCG,S,GR2,RCG,PCG,SLCG,4,بشرة 2,042,X
042R-1S-18,WHC,TCG,S,GR2,RCG,PCG,SLCG,4,بشرة 2,042,X
042R-2S-18,WHC,TCG,S,GR2,RCG,PCG,SLCG,4,بشرة 2,042,X
042R-3S-18,WHC,TCG,S,GR2,RCG,PCG,SLCG,4,بشرة 2,042,X
042R-4S-18,WHC,TCG,S,GR2,RCG,PCG,SLCG,4,بشرة 2,042,X
042R-5S-18,WHC,TCG,S,GR2,RCG,PCG,SLCG,4,بشرة 2,042,X
042S-1S-19,WHC,TCG,S,GR2,RCG,PCG,SLCG,4,بشرة 2,042,X
042S-2S-19,WHC,TCG,S,GR2,RCG,PCG,SLCG,4,بشرة 2,042,X
042S-3S-19,WHC,TCG,S,GR2,RCG,PCG,SLCG,4,بشرة 2,042,X
042S-4S-19,WHC,TCG,S,GR2,RCG,PCG,SLCG,4,بشرة 2,042,X
042S-5S-19,WHC,TCG,S,GR2,RCG,PCG,SLCG,4,بشرة 2,042,X
042T-1S-20,WHC,TCG,S,GR2,RCG,PCG,SLCG,4,بشرة 2,042,X
042T-2S-20,WHC,TCG,S,GR2,RCG,PCG,SLCG,4,بشرة 2,042,X
042T-3S-20,WHC,TCG,S,GR2,RCG,PCG,SLCG,4,بشرة 2,042,X
042T-4S-20,WHC,TCG,S,GR2,RCG,PCG,SLCG,4,بشرة 2,042,X
042T-5S-20,WHC,TCG,S,GR2,RCG,PCG,SLCG,4,بشرة 2,042,X
042U-1S-21,WHC,TCG,S,GR2,RCG,PCG,SLCG,4,بشرة 2,042,X
042U-2S-21,WHC,TCG,S,GR2,RCG,PCG,SLCG,4,بشرة 2,042,X
042U-3S-21,WHC,TCG,S,GR2,RCG,PCG,SLCG,4,بشرة 2,042,X
042U-4S-21,WHC,TCG,S,GR2,RCG,PCG,SLCG,4,بشرة 2,042,X
042U-5S-21,WHC,TCG,S,GR2,RCG,PCG,SLCG,4,بشرة 2,042,X
042V-1S-22,WHC,TCG,S,GR2,RCG,PCG,SLCG,4,بشرة 2,042,X
042V-2S-22,WHC,TCG,S,GR2,RCG,PCG,SLCG,4,بشرة 2,042,X
042V-3S-22,WHC,TCG,S,GR2,RCG,PCG,SLCG,4,بشرة 2,042,X
042V-4S-22,WHC,TCG,S,GR2,RCG,PCG,SLCG,4,بشرة 2,042,X
042V-5S-22,WHC,TCG,S,GR2,RCG,PCG,SLCG,4,بشرة 2,042,X
042W-1S-23,WHC,TCG,S,GR2,RCG,PCG,SLCG,4,بشرة 2,042,X
042W-2S-23,WHC,TCG,S,GR2,RCG,PCG,SLCG,4,بشرة 2,042,X
042W-3S-23,WHC,TCG,S,GR2,RCG,PCG,SLCG,4,بشرة 2,042,X
042W-4S-23,WHC,TCG,S,GR2,RCG,PCG,SLCG,4,بشرة 2,042,X
042W-5S-23,WHC,TCG,S,GR2,RCG,PCG,SLCG,4,بشرة 2,042,X
042X-1S-24,WHC,TCG,S,GR2,RCG,PCG,SLCG,4,بشرة 2,042,X
042X-2S-24,WHC,TCG,S,GR2,RCG,PCG,SLCG,4,بشرة 2,042,X
042X-3S-24,WHC,TCG,S,GR2,RCG,PCG,SLCG,4,بشرة 2,042,X
042X-4S-24,WHC,TCG,S,GR2,RCG,PCG,SLCG,4,بشرة 2,042,X
042X-5S-24,WHC,TCG,S,GR2,RCG,PCG,SLCG,4,بشرة 2,042,X
047A.1P.01,WHC,TCG,P,Non,Non,Non,Non,NU,Not Used,047,X
047A.1P.02,WHC,TCG,P,Non,Non,Non,Non,NU,Not Used,047,X
047A.1P.03,WHC,TCG,P,Non,Non,Non,Non,NU,Not Used,047,X
047A.2P.01,WHC,TCG,P,Non,Non,Non,Non,NU,Not Used,047,X
047A.2P.02,WHC,TCG,P,Non,Non,Non,Non,NU,Not Used,047,X
047A.2P.03,WHC,TCG,P,Non,Non,Non,Non,NU,Not Used,047,X
047A.3P.01,WHC,TCG,P,Non,Non,Non,Non,NU,Not Used,047,X
047A.3P.02,WHC,TCG,P,Non,Non,Non,Non,NU,Not Used,047,X
047A.3P.03,WHC,TCG,P,Non,Non,Non,Non,NU,Not Used,047,X
047B.1P.01,WHC,TCG,P,Non,Non,Non,Non,NU,Not Used,047,X
047B.1P.02,WHC,TCG,P,Non,Non,Non,Non,NU,Not Used,047,X
047B.1P.03,WHC,TCG,P,Non,Non,Non,Non,NU,Not Used,047,X
047B.2P.01,WHC,TCG,P,Non,Non,Non,Non,NU,Not Used,047,X
047B.2P.02,WHC,TCG,P,Non,Non,Non,Non,NU,Not Used,047,X
047B.2P.03,WHC,TCG,P,Non,Non,Non,Non,NU,Not Used,047,X
047B.3P.01,WHC,TCG,P,Non,Non,Non,Non,NU,Not Used,047,X
047B.3P.02,WHC,TCG,P,Non,Non,Non,Non,NU,Not Used,047,X
047B.3P.03,WHC,TCG,P,Non,Non,Non,Non,NU,Not Used,047,X
047C.1P.01,WHC,TCG,P,Non,Non,Non,Non,NU,Not Used,047,X
047C.1P.02,WHC,TCG,P,Non,Non,Non,Non,NU,Not Used,047,X
047C.1P.03,WHC,TCG,P,Non,Non,Non,Non,NU,Not Used,047,X
047C.2P.01,WHC,TCG,P,Non,Non,Non,Non,NU,Not Used,047,X
047C.2P.02,WHC,TCG,P,Non,Non,Non,Non,NU,Not Used,047,X
047C.2P.03,WHC,TCG,P,Non,Non,Non,Non,NU,Not Used,047,X
047C.3P.01,WHC,TCG,P,Non,Non,Non,Non,NU,Not Used,047,X
047C.3P.02,WHC,TCG,P,Non,Non,Non,Non,NU,Not Used,047,X
047C.3P.03,WHC,TCG,P,Non,Non,Non,Non,NU,Not Used,047,X
047D.1P.01,WHC,TCG,P,Non,Non,Non,Non,NU,Not Used,047,X
047D.1P.02,WHC,TCG,P,Non,Non,Non,Non,NU,Not Used,047,X
047D.1P.03,WHC,TCG,P,Non,Non,Non,Non,NU,Not Used,047,X
047D.2P.01,WHC,TCG,P,Non,Non,Non,Non,NU,Not Used,047,X
047D.2P.02,WHC,TCG,P,Non,Non,Non,Non,NU,Not Used,047,X
047D.2P.03,WHC,TCG,P,Non,Non,Non,Non,NU,Not Used,047,X
047D.3P.01,WHC,TCG,P,Non,Non,Non,Non,NU,Not Used,047,X
047D.3P.02,WHC,TCG,P,Non,Non,Non,Non,NU,Not Used,047,X
047D.3P.03,WHC,TCG,P,Non,Non,Non,Non,NU,Not Used,047,X
047E.1P.01,WHC,TCG,P,Non,Non,Non,Non,NU,Not Used,047,X
047E.1P.02,WHC,TCG,P,Non,Non,Non,Non,NU,Not Used,047,X
047E.1P.03,WHC,TCG,P,Non,Non,Non,Non,NU,Not Used,047,X
047E.2P.01,WHC,TCG,P,Non,Non,Non,Non,NU,Not Used,047,X
047E.2P.02,WHC,TCG,P,Non,Non,Non,Non,NU,Not Used,047,X
047E.2P.03,WHC,TCG,P,Non,Non,Non,Non,NU,Not Used,047,X
047E.3P.01,WHC,TCG,P,Non,Non,Non,Non,NU,Not Used,047,X
047E.3P.02,WHC,TCG,P,Non,Non,Non,Non,NU,Not Used,047,X
047E.3P.03,WHC,TCG,P,Non,Non,Non,Non,NU,Not Used,047,X
047F.1P.01,WHC,TCG,P,Non,Non,Non,Non,NU,Not Used,047,X
047F.1P.02,WHC,TCG,P,Non,Non,Non,Non,NU,Not Used,047,X
047F.1P.03,WHC,TCG,P,Non,Non,Non,Non,NU,Not Used,047,X
047F.2P.01,WHC,TCG,P,Non,Non,Non,Non,NU,Not Used,047,X
047F.2P.02,WHC,TCG,P,Non,Non,Non,Non,NU,Not Used,047,X
047F.2P.03,WHC,TCG,P,Non,Non,Non,Non,NU,Not Used,047,X
047F.3P.01,WHC,TCG,P,Non,Non,Non,Non,NU,Not Used,047,X
047F.3P.02,WHC,TCG,P,Non,Non,Non,Non,NU,Not Used,047,X
047F.3P.03,WHC,TCG,P,Non,Non,Non,Non,NU,Not Used,047,X
048A.1P.01,WHC,TCG,P,Non,Non,Non,Non,NU,Not Used,048,X
048A.1P.02,WHC,TCG,P,Non,Non,Non,Non,NU,Not Used,048,X
048A.1P.03,WHC,TCG,P,Non,Non,Non,Non,NU,Not Used,048,X
048A.2P.01,WHC,TCG,P,Non,Non,Non,Non,NU,Not Used,048,X
048A.2P.02,WHC,TCG,P,Non,Non,Non,Non,NU,Not Used,048,X
048A.2P.03,WHC,TCG,P,Non,Non,Non,Non,NU,Not Used,048,X
048A.3P.01,WHC,TCG,P,Non,Non,Non,Non,NU,Not Used,048,X
048A.3P.02,WHC,TCG,P,Non,Non,Non,Non,NU,Not Used,048,X
048A.3P.03,WHC,TCG,P,Non,Non,Non,Non,NU,Not Used,048,X
048B.1P.01,WHC,TCG,P,Non,Non,Non,Non,NU,Not Used,048,X
048B.1P.02,WHC,TCG,P,Non,Non,Non,Non,NU,Not Used,048,X
048B.1P.03,WHC,TCG,P,Non,Non,Non,Non,NU,Not Used,048,X
048B.2P.01,WHC,TCG,P,Non,Non,Non,Non,NU,Not Used,048,X
048B.2P.02,WHC,TCG,P,Non,Non,Non,Non,NU,Not Used,048,X
048B.2P.03,WHC,TCG,P,Non,Non,Non,Non,NU,Not Used,048,X
048B.3P.01,WHC,TCG,P,Non,Non,Non,Non,NU,Not Used,048,X
048B.3P.02,WHC,TCG,P,Non,Non,Non,Non,NU,Not Used,048,X
048B.3P.03,WHC,TCG,P,Non,Non,Non,Non,NU,Not Used,048,X
048C.1P.01,WHC,TCG,P,Non,Non,Non,Non,NU,Not Used,048,X
048C.1P.02,WHC,TCG,P,Non,Non,Non,Non,NU,Not Used,048,X
048C.1P.03,WHC,TCG,P,Non,Non,Non,Non,NU,Not Used,048,X
048C.2P.01,WHC,TCG,P,Non,Non,Non,Non,NU,Not Used,048,X
048C.2P.02,WHC,TCG,P,Non,Non,Non,Non,NU,Not Used,048,X
048C.2P.03,WHC,TCG,P,Non,Non,Non,Non,NU,Not Used,048,X
048C.3P.01,WHC,TCG,P,Non,Non,Non,Non,NU,Not Used,048,X
048C.3P.02,WHC,TCG,P,Non,Non,Non,Non,NU,Not Used,048,X
048C.3P.03,WHC,TCG,P,Non,Non,Non,Non,NU,Not Used,048,X
048D.1P.01,WHC,TCG,P,Non,Non,Non,Non,NU,Not Used,048,X
048D.1P.02,WHC,TCG,P,Non,Non,Non,Non,NU,Not Used,048,X
048D.1P.03,WHC,TCG,P,Non,Non,Non,Non,NU,Not Used,048,X
048D.2P.01,WHC,TCG,P,Non,Non,Non,Non,NU,Not Used,048,X
048D.2P.02,WHC,TCG,P,Non,Non,Non,Non,NU,Not Used,048,X
048D.2P.03,WHC,TCG,P,Non,Non,Non,Non,NU,Not Used,048,X
048D.3P.01,WHC,TCG,P,Non,Non,Non,Non,NU,Not Used,048,X
048D.3P.02,WHC,TCG,P,Non,Non,Non,Non,NU,Not Used,048,X
048D.3P.03,WHC,TCG,P,Non,Non,Non,Non,NU,Not Used,048,X
048E.1P.01,WHC,TCG,P,Non,Non,Non,Non,NU,Not Used,048,X
048E.1P.02,WHC,TCG,P,Non,Non,Non,Non,NU,Not Used,048,X
048E.1P.03,WHC,TCG,P,Non,Non,Non,Non,NU,Not Used,048,X
048E.2P.01,WHC,TCG,P,Non,Non,Non,Non,NU,Not Used,048,X
048E.2P.02,WHC,TCG,P,Non,Non,Non,Non,NU,Not Used,048,X
048E.2P.03,WHC,TCG,P,Non,Non,Non,Non,NU,Not Used,048,X
048E.3P.01,WHC,TCG,P,Non,Non,Non,Non,NU,Not Used,048,X
048E.3P.02,WHC,TCG,P,Non,Non,Non,Non,NU,Not Used,048,X
048E.3P.03,WHC,TCG,P,Non,Non,Non,Non,NU,Not Used,048,X
048F.1P.01,WHC,TCG,P,Non,Non,Non,Non,NU,Not Used,048,X
048F.1P.02,WHC,TCG,P,Non,Non,Non,Non,NU,Not Used,048,X
048F.1P.03,WHC,TCG,P,Non,Non,Non,Non,NU,Not Used,048,X
048F.2P.01,WHC,TCG,P,Non,Non,Non,Non,NU,Not Used,048,X
048F.2P.02,WHC,TCG,P,Non,Non,Non,Non,NU,Not Used,048,X
048F.2P.03,WHC,TCG,P,Non,Non,Non,Non,NU,Not Used,048,X
048F.3P.01,WHC,TCG,P,Non,Non,Non,Non,NU,Not Used,048,X
048F.3P.02,WHC,TCG,P,Non,Non,Non,Non,NU,Not Used,048,X
048F.3P.03,WHC,TCG,P,Non,Non,Non,Non,NU,Not Used,048,X
048G.1P.01,WHC,TCG,P,Non,Non,Non,Non,NU,Not Used,048,X
048G.1P.02,WHC,TCG,P,Non,Non,Non,Non,NU,Not Used,048,X
048G.1P.03,WHC,TCG,P,Non,Non,Non,Non,NU,Not Used,048,X
048G.2P.01,WHC,TCG,P,Non,Non,Non,Non,NU,Not Used,048,X
048G.2P.02,WHC,TCG,P,Non,Non,Non,Non,NU,Not Used,048,X
048G.2P.03,WHC,TCG,P,Non,Non,Non,Non,NU,Not Used,048,X
048G.3P.01,WHC,TCG,P,Non,Non,Non,Non,NU,Not Used,048,X
048G.3P.02,WHC,TCG,P,Non,Non,Non,Non,NU,Not Used,048,X
048G.3P.03,WHC,TCG,P,Non,Non,Non,Non,NU,Not Used,048,X
048H.1P.01,WHC,TCG,P,Non,Non,Non,Non,NU,Not Used,048,X
048H.1P.02,WHC,TCG,P,Non,Non,Non,Non,NU,Not Used,048,X
048H.1P.03,WHC,TCG,P,Non,Non,Non,Non,NU,Not Used,048,X
048H.2P.01,WHC,TCG,P,Non,Non,Non,Non,NU,Not Used,048,X
048H.2P.02,WHC,TCG,P,Non,Non,Non,Non,NU,Not Used,048,X
048H.2P.03,WHC,TCG,P,Non,Non,Non,Non,NU,Not Used,048,X
048H.3P.01,WHC,TCG,P,Non,Non,Non,Non,NU,Not Used,048,X
048H.3P.02,WHC,TCG,P,Non,Non,Non,Non,NU,Not Used,048,X
048H.3P.03,WHC,TCG,P,Non,Non,Non,Non,NU,Not Used,048,X
049A.1P.01,WHC,TCG,P,Non,Non,Non,Non,NU,Not Used,049,X
049A.1P.02,WHC,TCG,P,Non,Non,Non,Non,NU,Not Used,049,X
049A.1P.03,WHC,TCG,P,Non,Non,Non,Non,NU,Not Used,049,X
049A.2P.01,WHC,TCG,P,Non,Non,Non,Non,NU,Not Used,049,X
049A.2P.02,WHC,TCG,P,Non,Non,Non,Non,NU,Not Used,049,X
049A.2P.03,WHC,TCG,P,Non,Non,Non,Non,NU,Not Used,049,X
049A.3P.01,WHC,TCG,P,Non,Non,Non,Non,NU,Not Used,049,X
049A.3P.02,WHC,TCG,P,Non,Non,Non,Non,NU,Not Used,049,X
049A.3P.03,WHC,TCG,P,Non,Non,Non,Non,NU,Not Used,049,X
049B.1P.01,WHC,TCG,P,Non,Non,Non,Non,NU,Not Used,049,X
049B.1P.02,WHC,TCG,P,Non,Non,Non,Non,NU,Not Used,049,X
049B.1P.03,WHC,TCG,P,Non,Non,Non,Non,NU,Not Used,049,X
049B.2P.01,WHC,TCG,P,Non,Non,Non,Non,NU,Not Used,049,X
049B.2P.02,WHC,TCG,P,Non,Non,Non,Non,NU,Not Used,049,X
049B.2P.03,WHC,TCG,P,Non,Non,Non,Non,NU,Not Used,049,X
049B.3P.01,WHC,TCG,P,Non,Non,Non,Non,NU,Not Used,049,X
049B.3P.02,WHC,TCG,P,Non,Non,Non,Non,NU,Not Used,049,X
049B.3P.03,WHC,TCG,P,Non,Non,Non,Non,NU,Not Used,049,X
049C.1P.01,WHC,TCG,P,Non,Non,Non,Non,NU,Not Used,049,X
049C.1P.02,WHC,TCG,P,Non,Non,Non,Non,NU,Not Used,049,X
049C.1P.03,WHC,TCG,P,Non,Non,Non,Non,NU,Not Used,049,X
049C.2P.01,WHC,TCG,P,Non,Non,Non,Non,NU,Not Used,049,X
049C.2P.02,WHC,TCG,P,Non,Non,Non,Non,NU,Not Used,049,X
049C.2P.03,WHC,TCG,P,Non,Non,Non,Non,NU,Not Used,049,X
049C.3P.01,WHC,TCG,P,Non,Non,Non,Non,NU,Not Used,049,X
049C.3P.02,WHC,TCG,P,Non,Non,Non,Non,NU,Not Used,049,X
049C.3P.03,WHC,TCG,P,Non,Non,Non,Non,NU,Not Used,049,X
049D.1P.01,WHC,TCG,P,Non,Non,Non,Non,NU,Not Used,049,X
049D.1P.02,WHC,TCG,P,Non,Non,Non,Non,NU,Not Used,049,X
049D.1P.03,WHC,TCG,P,Non,Non,Non,Non,NU,Not Used,049,X
049D.2P.01,WHC,TCG,P,Non,Non,Non,Non,NU,Not Used,049,X
049D.2P.02,WHC,TCG,P,Non,Non,Non,Non,NU,Not Used,049,X
049D.2P.03,WHC,TCG,P,Non,Non,Non,Non,NU,Not Used,049,X
049D.3P.01,WHC,TCG,P,Non,Non,Non,Non,NU,Not Used,049,X
049D.3P.02,WHC,TCG,P,Non,Non,Non,Non,NU,Not Used,049,X
049D.3P.03,WHC,TCG,P,Non,Non,Non,Non,NU,Not Used,049,X
049E.1P.01,WHC,TCG,P,Non,Non,Non,Non,NU,Not Used,049,X
049E.1P.02,WHC,TCG,P,Non,Non,Non,Non,NU,Not Used,049,X
049E.1P.03,WHC,TCG,P,Non,Non,Non,Non,NU,Not Used,049,X
049E.2P.01,WHC,TCG,P,Non,Non,Non,Non,NU,Not Used,049,X
049E.2P.02,WHC,TCG,P,Non,Non,Non,Non,NU,Not Used,049,X
049E.2P.03,WHC,TCG,P,Non,Non,Non,Non,NU,Not Used,049,X
049E.3P.01,WHC,TCG,P,Non,Non,Non,Non,NU,Not Used,049,X
049E.3P.02,WHC,TCG,P,Non,Non,Non,Non,NU,Not Used,049,X
049E.3P.03,WHC,TCG,P,Non,Non,Non,Non,NU,Not Used,049,X
049F.1P.01,WHC,TCG,P,Non,Non,Non,Non,NU,Not Used,049,X
049F.1P.02,WHC,TCG,P,Non,Non,Non,Non,NU,Not Used,049,X
049F.1P.03,WHC,TCG,P,Non,Non,Non,Non,NU,Not Used,049,X
049F.2P.01,WHC,TCG,P,Non,Non,Non,Non,NU,Not Used,049,X
049F.2P.02,WHC,TCG,P,Non,Non,Non,Non,NU,Not Used,049,X
049F.2P.03,WHC,TCG,P,Non,Non,Non,Non,NU,Not Used,049,X
049F.3P.01,WHC,TCG,P,Non,Non,Non,Non,NU,Not Used,049,X
049F.3P.02,WHC,TCG,P,Non,Non,Non,Non,NU,Not Used,049,X
049F.3P.03,WHC,TCG,P,Non,Non,Non,Non,NU,Not Used,049,X
050A-1S-01,WHC,TCH,S,HVL,RCH,PCH,SLCH,8,غوالي,050,X
050A-2S-01,WHC,TCH,S,HVL,RCH,PCH,SLCH,8,غوالي,050,X
050A-3S-01,WHC,TCH,S,HVL,RCH,PCH,SLCH,8,غوالي,050,X
050A-4S-01,WHC,TCH,S,HVL,RCH,PCH,SLCH,8,غوالي,050,X
050A-5S-01,WHC,TCH,S,HVL,RCH,PCH,SLCH,8,غوالي,050,X
050B-1S-02,WHC,TCH,S,HVL,RCH,PCH,SLCH,8,غوالي,050,X
050B-2S-02,WHC,TCH,S,HVL,RCH,PCH,SLCH,8,غوالي,050,X
050B-3S-02,WHC,TCH,S,HVL,RCH,PCH,SLCH,8,غوالي,050,X
050B-4S-02,WHC,TCH,S,HVL,RCH,PCH,SLCH,8,غوالي,050,X
050B-5S-02,WHC,TCH,S,HVL,RCH,PCH,SLCH,8,غوالي,050,X
050C-1S-03,WHC,TCH,S,HVL,RCH,PCH,SLCH,8,غوالي,050,X
050C-2S-03,WHC,TCH,S,HVL,RCH,PCH,SLCH,8,غوالي,050,X
050C-3S-03,WHC,TCH,S,HVL,RCH,PCH,SLCH,8,غوالي,050,X
050C-4S-03,WHC,TCH,S,HVL,RCH,PCH,SLCH,8,غوالي,050,X
050C-5S-03,WHC,TCH,S,HVL,RCH,PCH,SLCH,8,غوالي,050,X
050D-1S-04,WHC,TCH,S,HVL,RCH,PCH,SLCH,8,غوالي,050,X
050D-2S-04,WHC,TCH,S,HVL,RCH,PCH,SLCH,8,غوالي,050,X
050D-3S-04,WHC,TCH,S,HVL,RCH,PCH,SLCH,8,غوالي,050,X
050D-4S-04,WHC,TCH,S,HVL,RCH,PCH,SLCH,8,غوالي,050,X
050D-5S-04,WHC,TCH,S,HVL,RCH,PCH,SLCH,8,غوالي,050,X
050E-1S-05,WHC,TCH,S,HVL,RCH,PCH,SLCH,8,غوالي,050,X
050E-2S-05,WHC,TCH,S,HVL,RCH,PCH,SLCH,8,غوالي,050,X
050E-3S-05,WHC,TCH,S,HVL,RCH,PCH,SLCH,8,غوالي,050,X
050E-4S-05,WHC,TCH,S,HVL,RCH,PCH,SLCH,8,غوالي,050,X
050E-5S-05,WHC,TCH,S,HVL,RCH,PCH,SLCH,8,غوالي,050,X
050F-1S-06,WHC,TCH,S,HVL,RCH,PCH,SLCH,8,غوالي,050,X
050F-2S-06,WHC,TCH,S,HVL,RCH,PCH,SLCH,8,غوالي,050,X
050F-3S-06,WHC,TCH,S,HVL,RCH,PCH,SLCH,8,غوالي,050,X
050F-4S-06,WHC,TCH,S,HVL,RCH,PCH,SLCH,8,غوالي,050,X
050F-5S-06,WHC,TCH,S,HVL,RCH,PCH,SLCH,8,غوالي,050,X
050G-1S-07,WHC,TCH,S,HVL,RCH,PCH,SLCH,8,غوالي,050,X
050G-2S-07,WHC,TCH,S,HVL,RCH,PCH,SLCH,8,غوالي,050,X
050G-3S-07,WHC,TCH,S,HVL,RCH,PCH,SLCH,8,غوالي,050,X
050G-4S-07,WHC,TCH,S,HVL,RCH,PCH,SLCH,8,غوالي,050,X
050G-5S-07,WHC,TCH,S,HVL,RCH,PCH,SLCH,8,غوالي,050,X
050H-1S-08,WHC,TCH,S,HVL,RCH,PCH,SLCH,8,غوالي,050,X
050H-2S-08,WHC,TCH,S,HVL,RCH,PCH,SLCH,8,غوالي,050,X
050H-3S-08,WHC,TCH,S,HVL,RCH,PCH,SLCH,8,غوالي,050,X
050H-4S-08,WHC,TCH,S,HVL,RCH,PCH,SLCH,8,غوالي,050,X
050H-5S-08,WHC,TCH,S,HVL,RCH,PCH,SLCH,8,غوالي,050,X
050I-1S-09,WHC,TCH,S,HVL,RCH,PCH,SLCH,8,غوالي,050,X
050I-2S-09,WHC,TCH,S,HVL,RCH,PCH,SLCH,8,غوالي,050,X
050I-3S-09,WHC,TCH,S,HVL,RCH,PCH,SLCH,8,غوالي,050,X
050I-4S-09,WHC,TCH,S,HVL,RCH,PCH,SLCH,8,غوالي,050,X
050I-5S-09,WHC,TCH,S,HVL,RCH,PCH,SLCH,8,غوالي,050,X
050J-1S-10,WHC,TCH,S,HVL,RCH,PCH,SLCH,8,غوالي,050,X
050J-2S-10,WHC,TCH,S,HVL,RCH,PCH,SLCH,8,غوالي,050,X
050J-3S-10,WHC,TCH,S,HVL,RCH,PCH,SLCH,8,غوالي,050,X
050J-4S-10,WHC,TCH,S,HVL,RCH,PCH,SLCH,8,غوالي,050,X
050J-5S-10,WHC,TCH,S,HVL,RCH,PCH,SLCH,8,غوالي,050,X
050K-1S-11,WHC,TCH,S,HVL,RCH,PCH,SLCH,8,غوالي,050,X
050K-2S-11,WHC,TCH,S,HVL,RCH,PCH,SLCH,8,غوالي,050,X
050K-3S-11,WHC,TCH,S,HVL,RCH,PCH,SLCH,8,غوالي,050,X
050K-4S-11,WHC,TCH,S,HVL,RCH,PCH,SLCH,8,غوالي,050,X
050K-5S-11,WHC,TCH,S,HVL,RCH,PCH,SLCH,8,غوالي,050,X
050L-1S-12,WHC,TCH,S,HVL,RCH,PCH,SLCH,8,غوالي,050,X
050L-2S-12,WHC,TCH,S,HVL,RCH,PCH,SLCH,8,غوالي,050,X
050L-3S-12,WHC,TCH,S,HVL,RCH,PCH,SLCH,8,غوالي,050,X
050L-4S-12,WHC,TCH,S,HVL,RCH,PCH,SLCH,8,غوالي,050,X
050L-5S-12,WHC,TCH,S,HVL,RCH,PCH,SLCH,8,غوالي,050,X
050M-1S-13,WHC,TCH,S,HVL,RCH,PCH,SLCH,8,غوالي,050,X
050M-2S-13,WHC,TCH,S,HVL,RCH,PCH,SLCH,8,غوالي,050,X
050M-3S-13,WHC,TCH,S,HVL,RCH,PCH,SLCH,8,غوالي,050,X
050M-4S-13,WHC,TCH,S,HVL,RCH,PCH,SLCH,8,غوالي,050,X
050M-5S-13,WHC,TCH,S,HVL,RCH,PCH,SLCH,8,غوالي,050,X
050N-1S-14,WHC,TCH,S,HVL,RCH,PCH,SLCH,8,غوالي,050,X
050N-2S-14,WHC,TCH,S,HVL,RCH,PCH,SLCH,8,غوالي,050,X
050N-3S-14,WHC,TCH,S,HVL,RCH,PCH,SLCH,8,غوالي,050,X
050N-4S-14,WHC,TCH,S,HVL,RCH,PCH,SLCH,8,غوالي,050,X
050N-5S-14,WHC,TCH,S,HVL,RCH,PCH,SLCH,8,غوالي,050,X
050O-2S-15,WHC,TCH,S,HVL,RCH,PCH,SLCH,8,غوالي,050,X
050O-3S-15,WHC,TCH,S,HVL,RCH,PCH,SLCH,8,غوالي,050,X
050O-4S-15,WHC,TCH,S,HVL,RCH,PCH,SLCH,8,غوالي,050,X
050O-5S-15,WHC,TCH,S,HVL,RCH,PCH,SLCH,8,غوالي,050,X
050P-1S-16,WHC,TCH,S,HVL,RCH,PCH,SLCH,8,غوالي,050,X
050P-2S-16,WHC,TCH,S,HVL,RCH,PCH,SLCH,8,غوالي,050,X
050P-3S-16,WHC,TCH,S,HVL,RCH,PCH,SLCH,8,غوالي,050,X
050P-4S-16,WHC,TCH,S,HVL,RCH,PCH,SLCH,8,غوالي,050,X
050P-5S-16,WHC,TCH,S,HVL,RCH,PCH,SLCH,8,غوالي,050,X
050Q-1S-17,WHC,TCH,S,HVL,RCH,PCH,SLCH,8,غوالي,050,X
050Q-2S-17,WHC,TCH,S,HVL,RCH,PCH,SLCH,8,غوالي,050,X
050Q-3S-17,WHC,TCH,S,HVL,RCH,PCH,SLCH,8,غوالي,050,X
050Q-4S-17,WHC,TCH,S,HVL,RCH,PCH,SLCH,8,غوالي,050,X
050Q-5S-17,WHC,TCH,S,HVL,RCH,PCH,SLCH,8,غوالي,050,X
050R-1S-18,WHC,TCH,S,HVL,RCH,PCH,SLCH,8,غوالي,050,X
050R-2S-18,WHC,TCH,S,HVL,RCH,PCH,SLCH,8,غوالي,050,X
050R-3S-18,WHC,TCH,S,HVL,RCH,PCH,SLCH,8,غوالي,050,X
050R-4S-18,WHC,TCH,S,HVL,RCH,PCH,SLCH,8,غوالي,050,X
050R-5S-18,WHC,TCH,S,HVL,RCH,PCH,SLCH,8,غوالي,050,X
050S-1S-19,WHC,TCH,S,HVL,RCH,PCH,SLCH,8,غوالي,050,X
050S-2S-19,WHC,TCH,S,HVL,RCH,PCH,SLCH,8,غوالي,050,X
050S-3S-19,WHC,TCH,S,HVL,RCH,PCH,SLCH,8,غوالي,050,X
050S-4S-19,WHC,TCH,S,HVL,RCH,PCH,SLCH,8,غوالي,050,X
050S-5S-19,WHC,TCH,S,HVL,RCH,PCH,SLCH,8,غوالي,050,X
050T-1S-20,WHC,TCH,S,HVL,RCH,PCH,SLCH,8,غوالي,050,X
050T-2S-20,WHC,TCH,S,HVL,RCH,PCH,SLCH,8,غوالي,050,X
050T-3S-20,WHC,TCH,S,HVL,RCH,PCH,SLCH,8,غوالي,050,X
050T-4S-20,WHC,TCH,S,HVL,RCH,PCH,SLCH,8,غوالي,050,X
050T-5S-20,WHC,TCH,S,HVL,RCH,PCH,SLCH,8,غوالي,050,X
050U-1S-21,WHC,TCH,S,HVL,RCH,PCH,SLCH,8,غوالي,050,X
050U-2S-21,WHC,TCH,S,HVL,RCH,PCH,SLCH,8,غوالي,050,X
050U-3S-21,WHC,TCH,S,HVL,RCH,PCH,SLCH,8,غوالي,050,X
050U-4S-21,WHC,TCH,S,HVL,RCH,PCH,SLCH,8,غوالي,050,X
050U-5S-21,WHC,TCH,S,HVL,RCH,PCH,SLCH,8,غوالي,050,X
050V-1S-22,WHC,TCH,S,HVL,RCH,PCH,SLCH,8,غوالي,050,X
050V-2S-22,WHC,TCH,S,HVL,RCH,PCH,SLCH,8,غوالي,050,X
050V-3S-22,WHC,TCH,S,HVL,RCH,PCH,SLCH,8,غوالي,050,X
050V-4S-22,WHC,TCH,S,HVL,RCH,PCH,SLCH,8,غوالي,050,X
050V-5S-22,WHC,TCH,S,HVL,RCH,PCH,SLCH,8,غوالي,050,X
050W-1S-23,WHC,TCH,S,HVL,RCH,PCH,SLCH,8,غوالي,050,X
050W-2S-23,WHC,TCH,S,HVL,RCH,PCH,SLCH,8,غوالي,050,X
050W-3S-23,WHC,TCH,S,HVL,RCH,PCH,SLCH,8,غوالي,050,X
050W-4S-23,WHC,TCH,S,HVL,RCH,PCH,SLCH,8,غوالي,050,X
050W-5S-23,WHC,TCH,S,HVL,RCH,PCH,SLCH,8,غوالي,050,X
050X-1S-24,WHC,TCH,S,HVL,RCH,PCH,SLCH,8,غوالي,050,X
050X-2S-24,WHC,TCH,S,HVL,RCH,PCH,SLCH,8,غوالي,050,X
050X-3S-24,WHC,TCH,S,HVL,RCH,PCH,SLCH,8,غوالي,050,X
050X-4S-24,WHC,TCH,S,HVL,RCH,PCH,SLCH,8,غوالي,050,X
050X-5S-24,WHC,TCH,S,HVL,RCH,PCH,SLCH,8,غوالي,050,X
050Y-1S-25,WHC,TCH,S,HVL,RCH,PCH,SLCH,8,غوالي,050,X
050Y-2S-25,WHC,TCH,S,HVL,RCH,PCH,SLCH,8,غوالي,050,X
050Y-3S-25,WHC,TCH,S,HVL,RCH,PCH,SLCH,8,غوالي,050,X
050Y-4S-25,WHC,TCH,S,HVL,RCH,PCH,SLCH,8,غوالي,050,X
050Y-5S-25,WHC,TCH,S,HVL,RCH,PCH,SLCH,8,غوالي,050,X
050Z-1S-26,WHC,TCH,S,HVL,RCH,PCH,SLCH,8,غوالي,050,X
050Z-2S-26,WHC,TCH,S,HVL,RCH,PCH,SLCH,8,غوالي,050,X
050Z-3S-26,WHC,TCH,S,HVL,RCH,PCH,SLCH,8,غوالي,050,X
050Z-4S-26,WHC,TCH,S,HVL,RCH,PCH,SLCH,8,غوالي,050,X
050Z-5S-26,WHC,TCH,S,HVL,RCH,PCH,SLCH,8,غوالي,050,X
051A-1S-01,WHC,TCH,S,HVL,RCH,PCH,SLCH,8,غوالي,051,X
051A-2S-01,WHC,TCH,S,HVL,RCH,PCH,SLCH,8,غوالي,051,X
051A-3S-01,WHC,TCH,S,HVL,RCH,PCH,SLCH,8,غوالي,051,X
051A-4S-01,WHC,TCH,S,HVL,RCH,PCH,SLCH,8,غوالي,051,X
051A-5S-01,WHC,TCH,S,HVL,RCH,PCH,SLCH,8,غوالي,051,X
051AA-1S-2,WHC,TCH,S,HVL,RCH,PCH,SLCH,8,غوالي,051,X
051AA-2S-2,WHC,TCH,S,HVL,RCH,PCH,SLCH,8,غوالي,051,X
051AA-3S-2,WHC,TCH,S,HVL,RCH,PCH,SLCH,8,غوالي,051,X
051AA-4S-2,WHC,TCH,S,HVL,RCH,PCH,SLCH,8,غوالي,051,X
051AA-5S-2,WHC,TCH,S,HVL,RCH,PCH,SLCH,8,غوالي,051,X
051AB-1S-2,WHC,TCH,S,HVL,RCH,PCH,SLCH,8,غوالي,051,X
051AB-2S-2,WHC,TCH,S,HVL,RCH,PCH,SLCH,8,غوالي,051,X
051AB-3S-2,WHC,TCH,S,HVL,RCH,PCH,SLCH,8,غوالي,051,X
051AB-4S-2,WHC,TCH,S,HVL,RCH,PCH,SLCH,8,غوالي,051,X
051AB-5S-2,WHC,TCH,S,HVL,RCH,PCH,SLCH,8,غوالي,051,X
051AC-1S-2,WHC,TCH,S,HVL,RCH,PCH,SLCH,8,غوالي,051,X
051AC-2S-2,WHC,TCH,S,HVL,RCH,PCH,SLCH,8,غوالي,051,X
051AC-3S-2,WHC,TCH,S,HVL,RCH,PCH,SLCH,8,غوالي,051,X
051AC-4S-2,WHC,TCH,S,HVL,RCH,PCH,SLCH,8,غوالي,051,X
051AC-5S-2,WHC,TCH,S,HVL,RCH,PCH,SLCH,8,غوالي,051,X
051AD-1S-3,WHC,TCH,S,HVL,RCH,PCH,SLCH,8,غوالي,051,X
051AD-2S-3,WHC,TCH,S,HVL,RCH,PCH,SLCH,8,غوالي,051,X
051AD-3S-3,WHC,TCH,S,HVL,RCH,PCH,SLCH,8,غوالي,051,X
051AD-4S-3,WHC,TCH,S,HVL,RCH,PCH,SLCH,8,غوالي,051,X
051AD-5S-3,WHC,TCH,S,HVL,RCH,PCH,SLCH,8,غوالي,051,X
051AE-1S-3,WHC,TCH,S,HVL,RCH,PCH,SLCH,8,غوالي,051,X
051AE-2S-3,WHC,TCH,S,HVL,RCH,PCH,SLCH,8,غوالي,051,X
051AE-3S-3,WHC,TCH,S,HVL,RCH,PCH,SLCH,8,غوالي,051,X
051AE-4S-3,WHC,TCH,S,HVL,RCH,PCH,SLCH,8,غوالي,051,X
051AE-5S-3,WHC,TCH,S,HVL,RCH,PCH,SLCH,8,غوالي,051,X
051AF-1S-3,WHC,TCH,S,HVL,RCH,PCH,SLCH,8,غوالي,051,X
051AF-2S-3,WHC,TCH,S,HVL,RCH,PCH,SLCH,8,غوالي,051,X
051AF-3S-3,WHC,TCH,S,HVL,RCH,PCH,SLCH,8,غوالي,051,X
051AF-4S-3,WHC,TCH,S,HVL,RCH,PCH,SLCH,8,غوالي,051,X
051AF-5S-3,WHC,TCH,S,HVL,RCH,PCH,SLCH,8,غوالي,051,X
051B-1S-02,WHC,TCH,S,HVL,RCH,PCH,SLCH,8,غوالي,051,X
051B-2S-02,WHC,TCH,S,HVL,RCH,PCH,SLCH,8,غوالي,051,X
051B-3S-02,WHC,TCH,S,HVL,RCH,PCH,SLCH,8,غوالي,051,X
051B-4S-02,WHC,TCH,S,HVL,RCH,PCH,SLCH,8,غوالي,051,X
051B-5S-02,WHC,TCH,S,HVL,RCH,PCH,SLCH,8,غوالي,051,X
051C-1S-03,WHC,TCH,S,HVL,RCH,PCH,SLCH,8,غوالي,051,X
051C-2S-03,WHC,TCH,S,HVL,RCH,PCH,SLCH,8,غوالي,051,X
051C-3S-03,WHC,TCH,S,HVL,RCH,PCH,SLCH,8,غوالي,051,X
051C-4S-03,WHC,TCH,S,HVL,RCH,PCH,SLCH,8,غوالي,051,X
051C-5S-03,WHC,TCH,S,HVL,RCH,PCH,SLCH,8,غوالي,051,X
051D-1S-04,WHC,TCH,S,HVL,RCH,PCH,SLCH,8,غوالي,051,X
051D-2S-04,WHC,TCH,S,HVL,RCH,PCH,SLCH,8,غوالي,051,X
051D-3S-04,WHC,TCH,S,HVL,RCH,PCH,SLCH,8,غوالي,051,X
051D-4S-04,WHC,TCH,S,HVL,RCH,PCH,SLCH,8,غوالي,051,X
051D-5S-04,WHC,TCH,S,HVL,RCH,PCH,SLCH,8,غوالي,051,X
051E-1S-05,WHC,TCH,S,HVL,RCH,PCH,SLCH,8,غوالي,051,X
051E-2S-05,WHC,TCH,S,HVL,RCH,PCH,SLCH,8,غوالي,051,X
051E-3S-05,WHC,TCH,S,HVL,RCH,PCH,SLCH,8,غوالي,051,X
051E-4S-05,WHC,TCH,S,HVL,RCH,PCH,SLCH,8,غوالي,051,X
051E-5S-05,WHC,TCH,S,HVL,RCH,PCH,SLCH,8,غوالي,051,X
051F-1S-06,WHC,TCH,S,HVL,RCH,PCH,SLCH,8,غوالي,051,X
051F-2S-06,WHC,TCH,S,HVL,RCH,PCH,SLCH,8,غوالي,051,X
051F-3S-06,WHC,TCH,S,HVL,RCH,PCH,SLCH,8,غوالي,051,X
051F-4S-06,WHC,TCH,S,HVL,RCH,PCH,SLCH,8,غوالي,051,X
051F-5S-06,WHC,TCH,S,HVL,RCH,PCH,SLCH,8,غوالي,051,X
051G-1S-07,WHC,TCH,S,HVL,RCH,PCH,SLCH,8,غوالي,051,X
051G-2S-07,WHC,TCH,S,HVL,RCH,PCH,SLCH,8,غوالي,051,X
051G-3S-07,WHC,TCH,S,HVL,RCH,PCH,SLCH,8,غوالي,051,X
051G-4S-07,WHC,TCH,S,HVL,RCH,PCH,SLCH,8,غوالي,051,X
051G-5S-07,WHC,TCH,S,HVL,RCH,PCH,SLCH,8,غوالي,051,X
051H-1S-08,WHC,TCH,S,HVL,RCH,PCH,SLCH,8,غوالي,051,X
051H-2S-08,WHC,TCH,S,HVL,RCH,PCH,SLCH,8,غوالي,051,X
051H-3S-08,WHC,TCH,S,HVL,RCH,PCH,SLCH,8,غوالي,051,X
051H-4S-08,WHC,TCH,S,HVL,RCH,PCH,SLCH,8,غوالي,051,X
051H-5S-08,WHC,TCH,S,HVL,RCH,PCH,SLCH,8,غوالي,051,X
051I-1S-09,WHC,TCH,S,HVL,RCH,PCH,SLCH,8,غوالي,051,X
051I-2S-09,WHC,TCH,S,HVL,RCH,PCH,SLCH,8,غوالي,051,X
051I-3S-09,WHC,TCH,S,HVL,RCH,PCH,SLCH,8,غوالي,051,X
051I-4S-09,WHC,TCH,S,HVL,RCH,PCH,SLCH,8,غوالي,051,X
051I-5S-09,WHC,TCH,S,HVL,RCH,PCH,SLCH,8,غوالي,051,X
051J-1S-10,WHC,TCH,S,HVL,RCH,PCH,SLCH,8,غوالي,051,X
051J-2S-10,WHC,TCH,S,HVL,RCH,PCH,SLCH,8,غوالي,051,X
051J-3S-10,WHC,TCH,S,HVL,RCH,PCH,SLCH,8,غوالي,051,X
051J-4S-10,WHC,TCH,S,HVL,RCH,PCH,SLCH,8,غوالي,051,X
051J-5S-10,WHC,TCH,S,HVL,RCH,PCH,SLCH,8,غوالي,051,X
051K-1S-11,WHC,TCH,S,HVL,RCH,PCH,SLCH,8,غوالي,051,X
051K-2S-11,WHC,TCH,S,HVL,RCH,PCH,SLCH,8,غوالي,051,X
051K-3S-11,WHC,TCH,S,HVL,RCH,PCH,SLCH,8,غوالي,051,X
051K-4S-11,WHC,TCH,S,HVL,RCH,PCH,SLCH,8,غوالي,051,X
051K-5S-11,WHC,TCH,S,HVL,RCH,PCH,SLCH,8,غوالي,051,X
051L-1S-12,WHC,TCH,S,HVL,RCH,PCH,SLCH,8,غوالي,051,X
051L-2S-12,WHC,TCH,S,HVL,RCH,PCH,SLCH,8,غوالي,051,X
051L-3S-12,WHC,TCH,S,HVL,RCH,PCH,SLCH,8,غوالي,051,X
051L-4S-12,WHC,TCH,S,HVL,RCH,PCH,SLCH,8,غوالي,051,X
051L-5S-12,WHC,TCH,S,HVL,RCH,PCH,SLCH,8,غوالي,051,X
051M-1S-13,WHC,TCH,S,HVL,RCH,PCH,SLCH,8,غوالي,051,X
051M-2S-13,WHC,TCH,S,HVL,RCH,PCH,SLCH,8,غوالي,051,X
051M-3S-13,WHC,TCH,S,HVL,RCH,PCH,SLCH,8,غوالي,051,X
051M-4S-13,WHC,TCH,S,HVL,RCH,PCH,SLCH,8,غوالي,051,X
051M-5S-13,WHC,TCH,S,HVL,RCH,PCH,SLCH,8,غوالي,051,X
051N-1S-14,WHC,TCH,S,HVL,RCH,PCH,SLCH,8,غوالي,051,X
051N-2S-14,WHC,TCH,S,HVL,RCH,PCH,SLCH,8,غوالي,051,X
051N-3S-14,WHC,TCH,S,HVL,RCH,PCH,SLCH,8,غوالي,051,X
051N-4S-14,WHC,TCH,S,HVL,RCH,PCH,SLCH,8,غوالي,051,X
051N-5S-14,WHC,TCH,S,HVL,RCH,PCH,SLCH,8,غوالي,051,X
051O-1S-15,WHC,TCH,S,HVL,RCH,PCH,SLCH,8,غوالي,051,X
051O-2S-15,WHC,TCH,S,HVL,RCH,PCH,SLCH,8,غوالي,051,X
051O-3S-15,WHC,TCH,S,HVL,RCH,PCH,SLCH,8,غوالي,051,X
051O-4S-15,WHC,TCH,S,HVL,RCH,PCH,SLCH,8,غوالي,051,X
051O-5S-15,WHC,TCH,S,HVL,RCH,PCH,SLCH,8,غوالي,051,X
051P-1S-16,WHC,TCH,S,HVL,RCH,PCH,SLCH,8,غوالي,051,X
051P-2S-16,WHC,TCH,S,HVL,RCH,PCH,SLCH,8,غوالي,051,X
051P-3S-16,WHC,TCH,S,HVL,RCH,PCH,SLCH,8,غوالي,051,X
051P-4S-16,WHC,TCH,S,HVL,RCH,PCH,SLCH,8,غوالي,051,X
051P-5S-16,WHC,TCH,S,HVL,RCH,PCH,SLCH,8,غوالي,051,X
051Q-1S-17,WHC,TCH,S,HVL,RCH,PCH,SLCH,8,غوالي,051,X
051Q-2S-17,WHC,TCH,S,HVL,RCH,PCH,SLCH,8,غوالي,051,X
051Q-3S-17,WHC,TCH,S,HVL,RCH,PCH,SLCH,8,غوالي,051,X
051Q-4S-17,WHC,TCH,S,HVL,RCH,PCH,SLCH,8,غوالي,051,X
051Q-5S-17,WHC,TCH,S,HVL,RCH,PCH,SLCH,8,غوالي,051,X
051R-1S-18,WHC,TCH,S,HVL,RCH,PCH,SLCH,8,غوالي,051,X
051R-2S-18,WHC,TCH,S,HVL,RCH,PCH,SLCH,8,غوالي,051,X
051R-3S-18,WHC,TCH,S,HVL,RCH,PCH,SLCH,8,غوالي,051,X
051R-4S-18,WHC,TCH,S,HVL,RCH,PCH,SLCH,8,غوالي,051,X
051R-5S-18,WHC,TCH,S,HVL,RCH,PCH,SLCH,8,غوالي,051,X
051S-1S-19,WHC,TCH,S,HVL,RCH,PCH,SLCH,8,غوالي,051,X
051S-2S-19,WHC,TCH,S,HVL,RCH,PCH,SLCH,8,غوالي,051,X
051S-3S-19,WHC,TCH,S,HVL,RCH,PCH,SLCH,8,غوالي,051,X
051S-4S-19,WHC,TCH,S,HVL,RCH,PCH,SLCH,8,غوالي,051,X
051S-5S-19,WHC,TCH,S,HVL,RCH,PCH,SLCH,8,غوالي,051,X
051T-1S-20,WHC,TCH,S,HVL,RCH,PCH,SLCH,8,غوالي,051,X
051T-2S-20,WHC,TCH,S,HVL,RCH,PCH,SLCH,8,غوالي,051,X
051T-3S-20,WHC,TCH,S,HVL,RCH,PCH,SLCH,8,غوالي,051,X
051T-4S-20,WHC,TCH,S,HVL,RCH,PCH,SLCH,8,غوالي,051,X
051T-5S-20,WHC,TCH,S,HVL,RCH,PCH,SLCH,8,غوالي,051,X
051U-1S-21,WHC,TCH,S,HVL,RCH,PCH,SLCH,8,غوالي,051,X
051U-2S-21,WHC,TCH,S,HVL,RCH,PCH,SLCH,8,غوالي,051,X
051U-3S-21,WHC,TCH,S,HVL,RCH,PCH,SLCH,8,غوالي,051,X
051U-4S-21,WHC,TCH,S,HVL,RCH,PCH,SLCH,8,غوالي,051,X
051U-5S-21,WHC,TCH,S,HVL,RCH,PCH,SLCH,8,غوالي,051,X
051V-1S-22,WHC,TCH,S,HVL,RCH,PCH,SLCH,8,غوالي,051,X
051V-2S-22,WHC,TCH,S,HVL,RCH,PCH,SLCH,8,غوالي,051,X
051V-3S-22,WHC,TCH,S,HVL,RCH,PCH,SLCH,8,غوالي,051,X
051V-4S-22,WHC,TCH,S,HVL,RCH,PCH,SLCH,8,غوالي,051,X
051V-5S-22,WHC,TCH,S,HVL,RCH,PCH,SLCH,8,غوالي,051,X
051W-1S-23,WHC,TCH,S,HVL,RCH,PCH,SLCH,8,غوالي,051,X
051W-2S-23,WHC,TCH,S,HVL,RCH,PCH,SLCH,8,غوالي,051,X
051W-3S-23,WHC,TCH,S,HVL,RCH,PCH,SLCH,8,غوالي,051,X
051W-4S-23,WHC,TCH,S,HVL,RCH,PCH,SLCH,8,غوالي,051,X
051W-5S-23,WHC,TCH,S,HVL,RCH,PCH,SLCH,8,غوالي,051,X
051X-1S-24,WHC,TCH,S,HVL,RCH,PCH,SLCH,8,غوالي,051,X
051X-2S-24,WHC,TCH,S,HVL,RCH,PCH,SLCH,8,غوالي,051,X
051X-3S-24,WHC,TCH,S,HVL,RCH,PCH,SLCH,8,غوالي,051,X
051X-4S-24,WHC,TCH,S,HVL,RCH,PCH,SLCH,8,غوالي,051,X
051X-5S-24,WHC,TCH,S,HVL,RCH,PCH,SLCH,8,غوالي,051,X
051Y-1S-25,WHC,TCH,S,HVL,RCH,PCH,SLCH,8,غوالي,051,X
051Y-2S-25,WHC,TCH,S,HVL,RCH,PCH,SLCH,8,غوالي,051,X
051Y-3S-25,WHC,TCH,S,HVL,RCH,PCH,SLCH,8,غوالي,051,X
051Y-4S-25,WHC,TCH,S,HVL,RCH,PCH,SLCH,8,غوالي,051,X
051Y-5S-25,WHC,TCH,S,HVL,RCH,PCH,SLCH,8,غوالي,051,X
051Z-1S-26,WHC,TCH,S,HVL,RCH,PCH,SLCH,8,غوالي,051,X
051Z-2S-26,WHC,TCH,S,HVL,RCH,PCH,SLCH,8,غوالي,051,X
051Z-3S-26,WHC,TCH,S,HVL,RCH,PCH,SLCH,8,غوالي,051,X
051Z-4S-26,WHC,TCH,S,HVL,RCH,PCH,SLCH,8,غوالي,051,X
051Z-5S-26,WHC,TCH,S,HVL,RCH,PCH,SLCH,8,غوالي,051,X
052A-1S-01,WHC,TCH,S,HVL,RCH,PCH,SLCH,8,غوالي,052,X
052A-2S-01,WHC,TCH,S,HVL,RCH,PCH,SLCH,8,غوالي,052,X
052A-3S-01,WHC,TCH,S,HVL,RCH,PCH,SLCH,8,غوالي,052,X
052A-4S-01,WHC,TCH,S,HVL,RCH,PCH,SLCH,8,غوالي,052,X
052A-5S-01,WHC,TCH,S,HVL,RCH,PCH,SLCH,8,غوالي,052,X
052B-1S-02,WHC,TCH,S,HVL,RCH,PCH,SLCH,8,غوالي,052,X
052B-2S-02,WHC,TCH,S,HVL,RCH,PCH,SLCH,8,غوالي,052,X
052B-3S-02,WHC,TCH,S,HVL,RCH,PCH,SLCH,8,غوالي,052,X
052B-4S-02,WHC,TCH,S,HVL,RCH,PCH,SLCH,8,غوالي,052,X
052B-5S-02,WHC,TCH,S,HVL,RCH,PCH,SLCH,8,غوالي,052,X
052C-1S-03,WHC,TCH,S,HVL,RCH,PCH,SLCH,8,غوالي,052,X
052C-2S-03,WHC,TCH,S,HVL,RCH,PCH,SLCH,8,غوالي,052,X
052C-3S-03,WHC,TCH,S,HVL,RCH,PCH,SLCH,8,غوالي,052,X
052C-4S-03,WHC,TCH,S,HVL,RCH,PCH,SLCH,8,غوالي,052,X
052C-5S-03,WHC,TCH,S,HVL,RCH,PCH,SLCH,8,غوالي,052,X
052D-1S-04,WHC,TCH,S,HVL,RCH,PCH,SLCH,8,غوالي,052,X
052D-2S-04,WHC,TCH,S,HVL,RCH,PCH,SLCH,8,غوالي,052,X
052D-3S-04,WHC,TCH,S,HVL,RCH,PCH,SLCH,8,غوالي,052,X
052D-4S-04,WHC,TCH,S,HVL,RCH,PCH,SLCH,8,غوالي,052,X
052D-5S-04,WHC,TCH,S,HVL,RCH,PCH,SLCH,8,غوالي,052,X
052E-1S-05,WHC,TCH,S,HVL,RCH,PCH,SLCH,8,غوالي,052,X
052E-2S-05,WHC,TCH,S,HVL,RCH,PCH,SLCH,8,غوالي,052,X
052E-3S-05,WHC,TCH,S,HVL,RCH,PCH,SLCH,8,غوالي,052,X
052E-4S-05,WHC,TCH,S,HVL,RCH,PCH,SLCH,8,غوالي,052,X
052E-5S-05,WHC,TCH,S,HVL,RCH,PCH,SLCH,8,غوالي,052,X
052F-1S-06,WHC,TCH,S,HVL,RCH,PCH,SLCH,8,غوالي,052,X
052F-2S-06,WHC,TCH,S,HVL,RCH,PCH,SLCH,8,غوالي,052,X
052F-3S-06,WHC,TCH,S,HVL,RCH,PCH,SLCH,8,غوالي,052,X
052F-4S-06,WHC,TCH,S,HVL,RCH,PCH,SLCH,8,غوالي,052,X
052F-5S-06,WHC,TCH,S,HVL,RCH,PCH,SLCH,8,غوالي,052,X
052G-1S-07,WHC,TCH,S,HVL,RCH,PCH,SLCH,8,غوالي,052,X
052G-2S-07,WHC,TCH,S,HVL,RCH,PCH,SLCH,8,غوالي,052,X
052G-3S-07,WHC,TCH,S,HVL,RCH,PCH,SLCH,8,غوالي,052,X
052G-4S-07,WHC,TCH,S,HVL,RCH,PCH,SLCH,8,غوالي,052,X
052G-5S-07,WHC,TCH,S,HVL,RCH,PCH,SLCH,8,غوالي,052,X
052H-1S-08,WHC,TCH,S,HVL,RCH,PCH,SLCH,8,غوالي,052,X
052H-2S-08,WHC,TCH,S,HVL,RCH,PCH,SLCH,8,غوالي,052,X
052H-3S-08,WHC,TCH,S,HVL,RCH,PCH,SLCH,8,غوالي,052,X
052H-4S-08,WHC,TCH,S,HVL,RCH,PCH,SLCH,8,غوالي,052,X
052H-5S-08,WHC,TCH,S,HVL,RCH,PCH,SLCH,8,غوالي,052,X
052I-1S-09,WHC,TCH,S,HVL,RCH,PCH,SLCH,8,غوالي,052,X
052I-2S-09,WHC,TCH,S,HVL,RCH,PCH,SLCH,8,غوالي,052,X
052I-3S-09,WHC,TCH,S,HVL,RCH,PCH,SLCH,8,غوالي,052,X
052I-4S-09,WHC,TCH,S,HVL,RCH,PCH,SLCH,8,غوالي,052,X
052I-5S-09,WHC,TCH,S,HVL,RCH,PCH,SLCH,8,غوالي,052,X
052J-1S-10,WHC,TCH,S,HVL,RCH,PCH,SLCH,8,غوالي,052,X
052J-2S-10,WHC,TCH,S,HVL,RCH,PCH,SLCH,8,غوالي,052,X
052J-3S-10,WHC,TCH,S,HVL,RCH,PCH,SLCH,8,غوالي,052,X
052J-4S-10,WHC,TCH,S,HVL,RCH,PCH,SLCH,8,غوالي,052,X
052J-5S-10,WHC,TCH,S,HVL,RCH,PCH,SLCH,8,غوالي,052,X
052K-1S-11,WHC,TCH,S,HVL,RCH,PCH,SLCH,8,غوالي,052,X
052K-2S-11,WHC,TCH,S,HVL,RCH,PCH,SLCH,8,غوالي,052,X
052K-3S-11,WHC,TCH,S,HVL,RCH,PCH,SLCH,8,غوالي,052,X
052K-4S-11,WHC,TCH,S,HVL,RCH,PCH,SLCH,8,غوالي,052,X
052K-5S-11,WHC,TCH,S,HVL,RCH,PCH,SLCH,8,غوالي,052,X
052L-1S-12,WHC,TCH,S,HVL,RCH,PCH,SLCH,8,غوالي,052,X
052L-2S-12,WHC,TCH,S,HVL,RCH,PCH,SLCH,8,غوالي,052,X
052L-3S-12,WHC,TCH,S,HVL,RCH,PCH,SLCH,8,غوالي,052,X
052L-4S-12,WHC,TCH,S,HVL,RCH,PCH,SLCH,8,غوالي,052,X
052L-5S-12,WHC,TCH,S,HVL,RCH,PCH,SLCH,8,غوالي,052,X
052M-1S-13,WHC,TCH,S,HVL,RCH,PCH,SLCH,8,غوالي,052,X
052M-2S-13,WHC,TCH,S,HVL,RCH,PCH,SLCH,8,غوالي,052,X
052M-3S-13,WHC,TCH,S,HVL,RCH,PCH,SLCH,8,غوالي,052,X
052M-4S-13,WHC,TCH,S,HVL,RCH,PCH,SLCH,8,غوالي,052,X
052M-5S-13,WHC,TCH,S,HVL,RCH,PCH,SLCH,8,غوالي,052,X
052N-1S-14,WHC,TCH,S,HVL,RCH,PCH,SLCH,8,غوالي,052,X
052N-2S-14,WHC,TCH,S,HVL,RCH,PCH,SLCH,8,غوالي,052,X
052N-3S-14,WHC,TCH,S,HVL,RCH,PCH,SLCH,8,غوالي,052,X
052N-4S-14,WHC,TCH,S,HVL,RCH,PCH,SLCH,8,غوالي,052,X
052N-5S-14,WHC,TCH,S,HVL,RCH,PCH,SLCH,8,غوالي,052,X
052O-1S-15,WHC,TCH,S,HVL,RCH,PCH,SLCH,8,غوالي,052,X
052O-2S-15,WHC,TCH,S,HVL,RCH,PCH,SLCH,8,غوالي,052,X
052O-3S-15,WHC,TCH,S,HVL,RCH,PCH,SLCH,8,غوالي,052,X
052O-4S-15,WHC,TCH,S,HVL,RCH,PCH,SLCH,8,غوالي,052,X
052O-5S-15,WHC,TCH,S,HVL,RCH,PCH,SLCH,8,غوالي,052,X
052P-1S-16,WHC,TCH,S,HVL,RCH,PCH,SLCH,8,غوالي,052,X
052P-2S-16,WHC,TCH,S,HVL,RCH,PCH,SLCH,8,غوالي,052,X
052P-3S-16,WHC,TCH,S,HVL,RCH,PCH,SLCH,8,غوالي,052,X
052P-4S-16,WHC,TCH,S,HVL,RCH,PCH,SLCH,8,غوالي,052,X
052P-5S-16,WHC,TCH,S,HVL,RCH,PCH,SLCH,8,غوالي,052,X
052Q-1S-17,WHC,TCH,S,HVL,RCH,PCH,SLCH,8,غوالي,052,X
052Q-2S-17,WHC,TCH,S,HVL,RCH,PCH,SLCH,8,غوالي,052,X
052Q-3S-17,WHC,TCH,S,HVL,RCH,PCH,SLCH,8,غوالي,052,X
052Q-4S-17,WHC,TCH,S,HVL,RCH,PCH,SLCH,8,غوالي,052,X
052Q-5S-17,WHC,TCH,S,HVL,RCH,PCH,SLCH,8,غوالي,052,X
052R-1S-18,WHC,TCH,S,HVL,RCH,PCH,SLCH,8,غوالي,052,X
052R-2S-18,WHC,TCH,S,HVL,RCH,PCH,SLCH,8,غوالي,052,X
052R-3S-18,WHC,TCH,S,HVL,RCH,PCH,SLCH,8,غوالي,052,X
052R-4S-18,WHC,TCH,S,HVL,RCH,PCH,SLCH,8,غوالي,052,X
052R-5S-18,WHC,TCH,S,HVL,RCH,PCH,SLCH,8,غوالي,052,X
052S-1S-19,WHC,TCH,S,HVL,RCH,PCH,SLCH,8,غوالي,052,X
052S-2S-19,WHC,TCH,S,HVL,RCH,PCH,SLCH,8,غوالي,052,X
052S-3S-19,WHC,TCH,S,HVL,RCH,PCH,SLCH,8,غوالي,052,X
052S-4S-19,WHC,TCH,S,HVL,RCH,PCH,SLCH,8,غوالي,052,X
052S-5S-19,WHC,TCH,S,HVL,RCH,PCH,SLCH,8,غوالي,052,X
052T-1S-20,WHC,TCH,S,HVL,RCH,PCH,SLCH,8,غوالي,052,X
052T-2S-20,WHC,TCH,S,HVL,RCH,PCH,SLCH,8,غوالي,052,X
052T-3S-20,WHC,TCH,S,HVL,RCH,PCH,SLCH,8,غوالي,052,X
052T-4S-20,WHC,TCH,S,HVL,RCH,PCH,SLCH,8,غوالي,052,X
052T-5S-20,WHC,TCH,S,HVL,RCH,PCH,SLCH,8,غوالي,052,X
052U-1S-21,WHC,TCH,S,HVL,RCH,PCH,SLCH,8,غوالي,052,X
052U-2S-21,WHC,TCH,S,HVL,RCH,PCH,SLCH,8,غوالي,052,X
052U-3S-21,WHC,TCH,S,HVL,RCH,PCH,SLCH,8,غوالي,052,X
052U-4S-21,WHC,TCH,S,HVL,RCH,PCH,SLCH,8,غوالي,052,X
052U-5S-21,WHC,TCH,S,HVL,RCH,PCH,SLCH,8,غوالي,052,X
052V-1S-22,WHC,TCH,S,HVL,RCH,PCH,SLCH,8,غوالي,052,X
052V-2S-22,WHC,TCH,S,HVL,RCH,PCH,SLCH,8,غوالي,052,X
052V-3S-22,WHC,TCH,S,HVL,RCH,PCH,SLCH,8,غوالي,052,X
052V-4S-22,WHC,TCH,S,HVL,RCH,PCH,SLCH,8,غوالي,052,X
052V-5S-22,WHC,TCH,S,HVL,RCH,PCH,SLCH,8,غوالي,052,X
052W-1S-23,WHC,TCH,S,HVL,RCH,PCH,SLCH,8,غوالي,052,X
052W-2S-23,WHC,TCH,S,HVL,RCH,PCH,SLCH,8,غوالي,052,X
052W-3S-23,WHC,TCH,S,HVL,RCH,PCH,SLCH,8,غوالي,052,X
052W-4S-23,WHC,TCH,S,HVL,RCH,PCH,SLCH,8,غوالي,052,X
052W-5S-23,WHC,TCH,S,HVL,RCH,PCH,SLCH,8,غوالي,052,X
052X-1S-24,WHC,TCH,S,HVL,RCH,PCH,SLCH,8,غوالي,052,X
052X-2S-24,WHC,TCH,S,HVL,RCH,PCH,SLCH,8,غوالي,052,X
052X-3S-24,WHC,TCH,S,HVL,RCH,PCH,SLCH,8,غوالي,052,X
052X-4S-24,WHC,TCH,S,HVL,RCH,PCH,SLCH,8,غوالي,052,X
052X-5S-24,WHC,TCH,S,HVL,RCH,PCH,SLCH,8,غوالي,052,X
053A.1P.01,WHC,TCG,P,GR2,RCG,PCG,SLCG,8,غوالي,053,X
053A.1P.02,WHC,TCG,P,GR2,RCG,PCG,SLCG,8,غوالي,053,X
053A.1P.03,WHC,TCG,P,GR2,RCG,PCG,SLCG,8,غوالي,053,X
053A.2P.01,WHC,TCG,P,GR2,RCG,PCG,SLCG,8,غوالي,053,X
053A.2P.02,WHC,TCG,P,GR2,RCG,PCG,SLCG,8,غوالي,053,X
053A.2P.03,WHC,TCG,P,GR2,RCG,PCG,SLCG,8,غوالي,053,X
053A.3P.01,WHC,TCG,P,GR2,RCG,PCG,SLCG,8,غوالي,053,X
053A.3P.02,WHC,TCG,P,GR2,RCG,PCG,SLCG,8,غوالي,053,X
053A.3P.03,WHC,TCG,P,GR2,RCG,PCG,SLCG,8,غوالي,053,X
053B.1P.01,WHC,TCG,P,GR2,RCG,PCG,SLCG,8,غوالي,053,X
053B.1P.02,WHC,TCG,P,GR2,RCG,PCG,SLCG,8,غوالي,053,X
053B.1P.03,WHC,TCG,P,GR2,RCG,PCG,SLCG,8,غوالي,053,X
053B.2P.01,WHC,TCG,P,GR2,RCG,PCG,SLCG,8,غوالي,053,X
053B.2P.02,WHC,TCG,P,GR2,RCG,PCG,SLCG,8,غوالي,053,X
053B.2P.03,WHC,TCG,P,GR2,RCG,PCG,SLCG,8,غوالي,053,X
053B.3P.01,WHC,TCG,P,GR2,RCG,PCG,SLCG,8,غوالي,053,X
053B.3P.02,WHC,TCG,P,GR2,RCG,PCG,SLCG,8,غوالي,053,X
053B.3P.03,WHC,TCG,P,GR2,RCG,PCG,SLCG,8,غوالي,053,X
053C.1P.01,WHC,TCG,P,GR2,RCG,PCG,SLCG,8,غوالي,053,X
053C.1P.02,WHC,TCG,P,GR2,RCG,PCG,SLCG,8,غوالي,053,X
053C.1P.03,WHC,TCG,P,GR2,RCG,PCG,SLCG,8,غوالي,053,X
053C.2P.01,WHC,TCG,P,GR2,RCG,PCG,SLCG,8,غوالي,053,X
053C.2P.02,WHC,TCG,P,GR2,RCG,PCG,SLCG,8,غوالي,053,X
053C.2P.03,WHC,TCG,P,GR2,RCG,PCG,SLCG,8,غوالي,053,X
053C.3P.01,WHC,TCG,P,GR2,RCG,PCG,SLCG,8,غوالي,053,X
053C.3P.02,WHC,TCG,P,GR2,RCG,PCG,SLCG,8,غوالي,053,X
053C.3P.03,WHC,TCG,P,GR2,RCG,PCG,SLCG,8,غوالي,053,X
053D.1P.01,WHC,TCG,P,GR2,RCG,PCG,SLCG,8,غوالي,053,X
053D.1P.02,WHC,TCG,P,GR2,RCG,PCG,SLCG,8,غوالي,053,X
053D.1P.03,WHC,TCG,P,GR2,RCG,PCG,SLCG,8,غوالي,053,X
053D.2P.01,WHC,TCG,P,GR2,RCG,PCG,SLCG,8,غوالي,053,X
053D.2P.02,WHC,TCG,P,GR2,RCG,PCG,SLCG,8,غوالي,053,X
053D.2P.03,WHC,TCG,P,GR2,RCG,PCG,SLCG,8,غوالي,053,X
053D.3P.01,WHC,TCG,P,GR2,RCG,PCG,SLCG,8,غوالي,053,X
053D.3P.02,WHC,TCG,P,GR2,RCG,PCG,SLCG,8,غوالي,053,X
053D.3P.03,WHC,TCG,P,GR2,RCG,PCG,SLCG,8,غوالي,053,X
053E.1P.01,WHC,TCG,P,GR2,RCG,PCG,SLCG,8,غوالي,053,X
053E.1P.02,WHC,TCG,P,GR2,RCG,PCG,SLCG,8,غوالي,053,X
053E.1P.03,WHC,TCG,P,GR2,RCG,PCG,SLCG,8,غوالي,053,X
053E.2P.01,WHC,TCG,P,GR2,RCG,PCG,SLCG,8,غوالي,053,X
053E.2P.02,WHC,TCG,P,GR2,RCG,PCG,SLCG,8,غوالي,053,X
053E.2P.03,WHC,TCG,P,GR2,RCG,PCG,SLCG,8,غوالي,053,X
053E.3P.01,WHC,TCG,P,GR2,RCG,PCG,SLCG,8,غوالي,053,X
053E.3P.02,WHC,TCG,P,GR2,RCG,PCG,SLCG,8,غوالي,053,X
053E.3P.03,WHC,TCG,P,GR2,RCG,PCG,SLCG,8,غوالي,053,X
053F.1P.01,WHC,TCG,P,GR2,RCG,PCG,SLCG,8,غوالي,053,X
053F.1P.02,WHC,TCG,P,GR2,RCG,PCG,SLCG,8,غوالي,053,X
053F.1P.03,WHC,TCG,P,GR2,RCG,PCG,SLCG,8,غوالي,053,X
053F.2P.01,WHC,TCG,P,GR2,RCG,PCG,SLCG,8,غوالي,053,X
053F.2P.02,WHC,TCG,P,GR2,RCG,PCG,SLCG,8,غوالي,053,X
053F.2P.03,WHC,TCG,P,GR2,RCG,PCG,SLCG,8,غوالي,053,X
053F.3P.01,WHC,TCG,P,GR2,RCG,PCG,SLCG,8,غوالي,053,X
053F.3P.02,WHC,TCG,P,GR2,RCG,PCG,SLCG,8,غوالي,053,X
053F.3P.03,WHC,TCG,P,GR2,RCG,PCG,SLCG,8,غوالي,053,X
053G.1P.01,WHC,TCG,P,GR2,RCG,PCG,SLCG,8,غوالي,053,X
053G.1P.02,WHC,TCG,P,GR2,RCG,PCG,SLCG,8,غوالي,053,X
053G.1P.03,WHC,TCG,P,GR2,RCG,PCG,SLCG,8,غوالي,053,X
053G.2P.01,WHC,TCG,P,GR2,RCG,PCG,SLCG,8,غوالي,053,X
053G.2P.02,WHC,TCG,P,GR2,RCG,PCG,SLCG,8,غوالي,053,X
053G.2P.03,WHC,TCG,P,GR2,RCG,PCG,SLCG,8,غوالي,053,X
053G.3P.01,WHC,TCG,P,GR2,RCG,PCG,SLCG,8,غوالي,053,X
053G.3P.02,WHC,TCG,P,GR2,RCG,PCG,SLCG,8,غوالي,053,X
053G.3P.03,WHC,TCG,P,GR2,RCG,PCG,SLCG,8,غوالي,053,X
053H.1P.01,WHC,TCG,P,GR2,RCG,PCG,SLCG,8,غوالي,053,X
053H.1P.02,WHC,TCG,P,GR2,RCG,PCG,SLCG,8,غوالي,053,X
053H.1P.03,WHC,TCG,P,GR2,RCG,PCG,SLCG,8,غوالي,053,X
053H.2P.01,WHC,TCG,P,GR2,RCG,PCG,SLCG,8,غوالي,053,X
053H.2P.02,WHC,TCG,P,GR2,RCG,PCG,SLCG,8,غوالي,053,X
053H.2P.03,WHC,TCG,P,GR2,RCG,PCG,SLCG,8,غوالي,053,X
053H.3P.01,WHC,TCG,P,GR2,RCG,PCG,SLCG,8,غوالي,053,X
053H.3P.02,WHC,TCG,P,GR2,RCG,PCG,SLCG,8,غوالي,053,X
053H.3P.03,WHC,TCG,P,GR2,RCG,PCG,SLCG,8,غوالي,053,X
053I.1P.01,WHC,TCG,P,GR2,RCG,PCG,SLCG,8,غوالي,053,X
053I.1P.02,WHC,TCG,P,GR2,RCG,PCG,SLCG,8,غوالي,053,X
053I.1P.03,WHC,TCG,P,GR2,RCG,PCG,SLCG,8,غوالي,053,X
053I.2P.01,WHC,TCG,P,GR2,RCG,PCG,SLCG,8,غوالي,053,X
053I.2P.02,WHC,TCG,P,GR2,RCG,PCG,SLCG,8,غوالي,053,X
053I.2P.03,WHC,TCG,P,GR2,RCG,PCG,SLCG,8,غوالي,053,X
053I.3P.01,WHC,TCG,P,GR2,RCG,PCG,SLCG,8,غوالي,053,X
053I.3P.02,WHC,TCG,P,GR2,RCG,PCG,SLCG,8,غوالي,053,X
053I.3P.03,WHC,TCG,P,GR2,RCG,PCG,SLCG,8,غوالي,053,X
053J.1P.01,WHC,TCG,P,GR2,RCG,PCG,SLCG,8,غوالي,053,X
053J.1P.02,WHC,TCG,P,GR2,RCG,PCG,SLCG,8,غوالي,053,X
053J.1P.03,WHC,TCG,P,GR2,RCG,PCG,SLCG,8,غوالي,053,X
053J.2P.01,WHC,TCG,P,GR2,RCG,PCG,SLCG,8,غوالي,053,X
053J.2P.02,WHC,TCG,P,GR2,RCG,PCG,SLCG,8,غوالي,053,X
053J.2P.03,WHC,TCG,P,GR2,RCG,PCG,SLCG,8,غوالي,053,X
053J.3P.01,WHC,TCG,P,GR2,RCG,PCG,SLCG,8,غوالي,053,X
053J.3P.02,WHC,TCG,P,GR2,RCG,PCG,SLCG,8,غوالي,053,X
053J.3P.03,WHC,TCG,P,GR2,RCG,PCG,SLCG,8,غوالي,053,X
053K.1P.01,WHC,TCG,P,GR2,RCG,PCG,SLCG,8,غوالي,053,X
053K.1P.02,WHC,TCG,P,GR2,RCG,PCG,SLCG,8,غوالي,053,X
053K.1P.03,WHC,TCG,P,GR2,RCG,PCG,SLCG,8,غوالي,053,X
053K.2P.01,WHC,TCG,P,GR2,RCG,PCG,SLCG,8,غوالي,053,X
053K.2P.02,WHC,TCG,P,GR2,RCG,PCG,SLCG,8,غوالي,053,X
053K.2P.03,WHC,TCG,P,GR2,RCG,PCG,SLCG,8,غوالي,053,X
053K.3P.01,WHC,TCG,P,GR2,RCG,PCG,SLCG,8,غوالي,053,X
053K.3P.02,WHC,TCG,P,GR2,RCG,PCG,SLCG,8,غوالي,053,X
053K.3P.03,WHC,TCG,P,GR2,RCG,PCG,SLCG,8,غوالي,053,X
053L.1P.01,WHC,TCG,P,GR2,RCG,PCG,SLCG,8,غوالي,053,X
053L.1P.02,WHC,TCG,P,GR2,RCG,PCG,SLCG,8,غوالي,053,X
053L.1P.03,WHC,TCG,P,GR2,RCG,PCG,SLCG,8,غوالي,053,X
053L.2P.01,WHC,TCG,P,GR2,RCG,PCG,SLCG,8,غوالي,053,X
053L.2P.02,WHC,TCG,P,GR2,RCG,PCG,SLCG,8,غوالي,053,X
053L.2P.03,WHC,TCG,P,GR2,RCG,PCG,SLCG,8,غوالي,053,X
053L.3P.01,WHC,TCG,P,GR2,RCG,PCG,SLCG,8,غوالي,053,X
053L.3P.02,WHC,TCG,P,GR2,RCG,PCG,SLCG,8,غوالي,053,X
053L.3P.03,WHC,TCG,P,GR2,RCG,PCG,SLCG,8,غوالي,053,X
07AA-1S-27,WHC,TCG,S,GR1,RCG,PCG,SLCG,2,الأغذية,007,X
07AA-2S-27,WHC,TCG,S,GR1,RCG,PCG,SLCG,2,الأغذية,007,X
07AA-3S-27,WHC,TCG,S,GR1,RCG,PCG,SLCG,2,الأغذية,007,X
07AA-4S-27,WHC,TCG,S,GR1,RCG,PCG,SLCG,2,الأغذية,007,X
07AA-5S-27,WHC,TCG,S,GR1,RCG,PCG,SLCG,2,الأغذية,007,X
07AB-1S-28,WHC,TCG,S,GR1,RCG,PCG,SLCG,2,الأغذية,007,X
07AB-2S-28,WHC,TCG,S,GR1,RCG,PCG,SLCG,2,الأغذية,007,X
07AB-3S-28,WHC,TCG,S,GR1,RCG,PCG,SLCG,2,الأغذية,007,X
07AB-4S-28,WHC,TCG,S,GR1,RCG,PCG,SLCG,2,الأغذية,007,X
07AB-5S-28,WHC,TCG,S,GR1,RCG,PCG,SLCG,2,الأغذية,007,X
07AC-1S-29,WHC,TCG,S,GR1,RCG,PCG,SLCG,2,الأغذية,007,X
07AC-2S-29,WHC,TCG,S,GR1,RCG,PCG,SLCG,2,الأغذية,007,X
07AC-3S-29,WHC,TCG,S,GR1,RCG,PCG,SLCG,2,الأغذية,007,X
07AC-4S-29,WHC,TCG,S,GR1,RCG,PCG,SLCG,2,الأغذية,007,X
07AC-5S-29,WHC,TCG,S,GR1,RCG,PCG,SLCG,2,الأغذية,007,X
09AA-1S-27,WHC,TCG,S,GR1,RCG,PCG,SLCG,7,الشعر,009,X
09AA-2S-27,WHC,TCG,S,GR1,RCG,PCG,SLCG,7,الشعر,009,X
09AA-3S-27,WHC,TCG,S,GR1,RCG,PCG,SLCG,7,الشعر,009,X
09AA-4S-27,WHC,TCG,S,GR1,RCG,PCG,SLCG,7,الشعر,009,X
09AA-5S-27,WHC,TCG,S,GR1,RCG,PCG,SLCG,7,الشعر,009,X
09AB-1S-28,WHC,TCG,S,GR1,RCG,PCG,SLCG,7,الشعر,009,X
09AB-2S-28,WHC,TCG,S,GR1,RCG,PCG,SLCG,7,الشعر,009,X
09AB-3S-28,WHC,TCG,S,GR1,RCG,PCG,SLCG,7,الشعر,009,X
09AB-4S-28,WHC,TCG,S,GR1,RCG,PCG,SLCG,7,الشعر,009,X
09AB-5S-28,WHC,TCG,S,GR1,RCG,PCG,SLCG,7,الشعر,009,X
09AC-1S-29,WHC,TCG,S,GR1,RCG,PCG,SLCG,7,الشعر,009,X
09AC-2S-29,WHC,TCG,S,GR1,RCG,PCG,SLCG,7,الشعر,009,X
09AC-3S-29,WHC,TCG,S,GR1,RCG,PCG,SLCG,7,الشعر,009,X
09AC-4S-29,WHC,TCG,S,GR1,RCG,PCG,SLCG,7,الشعر,009,X
09AC-5S-29,WHC,TCG,S,GR1,RCG,PCG,SLCG,7,الشعر,009,X
09AD-1S-30,WHC,TCG,S,GR1,RCG,PCG,SLCG,7,الشعر,009,X
09AD-2S-30,WHC,TCG,S,GR1,RCG,PCG,SLCG,7,الشعر,009,X
09AD-3S-30,WHC,TCG,S,GR1,RCG,PCG,SLCG,7,الشعر,009,X
09AD-4S-30,WHC,TCG,S,GR1,RCG,PCG,SLCG,7,الشعر,009,X
09AD-5S-30,WHC,TCG,S,GR1,RCG,PCG,SLCG,7,الشعر,009,X
11AA-1S-27,WHC,TCG,S,GR1,RCG,PCG,SLCG,10,مستلزمات طبية,011,X
11AA-2S-27,WHC,TCG,S,GR1,RCG,PCG,SLCG,10,مستلزمات طبية,011,X
11AA-3S-27,WHC,TCG,S,GR1,RCG,PCG,SLCG,10,مستلزمات طبية,011,X
11AA-4S-27,WHC,TCG,S,GR1,RCG,PCG,SLCG,10,مستلزمات طبية,011,X
11AA-5S-27,WHC,TCG,S,GR1,RCG,PCG,SLCG,10,مستلزمات طبية,011,X
11AB-1S-28,WHC,TCG,S,GR1,RCG,PCG,SLCG,10,مستلزمات طبية,011,X
11AB-2S-28,WHC,TCG,S,GR1,RCG,PCG,SLCG,10,مستلزمات طبية,011,X
11AB-3S-28,WHC,TCG,S,GR1,RCG,PCG,SLCG,10,مستلزمات طبية,011,X
11AB-4S-28,WHC,TCG,S,GR1,RCG,PCG,SLCG,10,مستلزمات طبية,011,X
11AB-5S-28,WHC,TCG,S,GR1,RCG,PCG,SLCG,10,مستلزمات طبية,011,X
11AC-1S-29,WHC,TCG,S,GR1,RCG,PCG,SLCG,10,مستلزمات طبية,011,X
11AC-2S-29,WHC,TCG,S,GR1,RCG,PCG,SLCG,10,مستلزمات طبية,011,X
11AC-3S-29,WHC,TCG,S,GR1,RCG,PCG,SLCG,10,مستلزمات طبية,011,X
11AC-4S-29,WHC,TCG,S,GR1,RCG,PCG,SLCG,10,مستلزمات طبية,011,X
11AC-5S-29,WHC,TCG,S,GR1,RCG,PCG,SLCG,10,مستلزمات طبية,011,X
11AD-1S-30,WHC,TCG,S,GR1,RCG,PCG,SLCG,10,مستلزمات طبية,011,X
11AD-2S-30,WHC,TCG,S,GR1,RCG,PCG,SLCG,10,مستلزمات طبية,011,X
11AD-3S-30,WHC,TCG,S,GR1,RCG,PCG,SLCG,10,مستلزمات طبية,011,X
11AD-4S-30,WHC,TCG,S,GR1,RCG,PCG,SLCG,10,مستلزمات طبية,011,X
11AD-5S-30,WHC,TCG,S,GR1,RCG,PCG,SLCG,10,مستلزمات طبية,011,X
30AA-1S-27,WHC,TCG,S,GR2,RCG,PCG,SLCG,6,شاور,030,X
30AA-2S-27,WHC,TCG,S,GR2,RCG,PCG,SLCG,6,شاور,030,X
30AA-3S-27,WHC,TCG,S,GR2,RCG,PCG,SLCG,6,شاور,030,X
30AA-4S-27,WHC,TCG,S,GR2,RCG,PCG,SLCG,6,شاور,030,X
30AA-5S-27,WHC,TCG,S,GR2,RCG,PCG,SLCG,6,شاور,030,X
50AA-1S-27,WHC,TCH,S,HVL,RCH,PCH,SLCH,8,غوالي,050,X
50AA-2S-27,WHC,TCH,S,HVL,RCH,PCH,SLCH,8,غوالي,050,X
50AA-3S-27,WHC,TCH,S,HVL,RCH,PCH,SLCH,8,غوالي,050,X
50AA-4S-27,WHC,TCH,S,HVL,RCH,PCH,SLCH,8,غوالي,050,X
50AA-5S-27,WHC,TCH,S,HVL,RCH,PCH,SLCH,8,غوالي,050,X
50AB-1S-28,WHC,TCH,S,HVL,RCH,PCH,SLCH,8,غوالي,050,X
50AB-2S-28,WHC,TCH,S,HVL,RCH,PCH,SLCH,8,غوالي,050,X
50AB-3S-28,WHC,TCH,S,HVL,RCH,PCH,SLCH,8,غوالي,050,X
50AB-4S-28,WHC,TCH,S,HVL,RCH,PCH,SLCH,8,غوالي,050,X
50AB-5S-28,WHC,TCH,S,HVL,RCH,PCH,SLCH,8,غوالي,050,X
50AC-1S-29,WHC,TCH,S,HVL,RCH,PCH,SLCH,8,غوالي,050,X
50AC-2S-29,WHC,TCH,S,HVL,RCH,PCH,SLCH,8,غوالي,050,X
50AC-3S-29,WHC,TCH,S,HVL,RCH,PCH,SLCH,8,غوالي,050,X
50AC-4S-29,WHC,TCH,S,HVL,RCH,PCH,SLCH,8,غوالي,050,X
50AC-5S-29,WHC,TCH,S,HVL,RCH,PCH,SLCH,8,غوالي,050,X
50AD-1S-30,WHC,TCH,S,HVL,RCH,PCH,SLCH,8,غوالي,050,X
50AD-2S-30,WHC,TCH,S,HVL,RCH,PCH,SLCH,8,غوالي,050,X
50AD-3S-30,WHC,TCH,S,HVL,RCH,PCH,SLCH,8,غوالي,050,X
50AD-4S-30,WHC,TCH,S,HVL,RCH,PCH,SLCH,8,غوالي,050,X
50AD-5S-30,WHC,TCH,S,HVL,RCH,PCH,SLCH,8,غوالي,050,X
50AE-1S-31,WHC,TCH,S,HVL,RCH,PCH,SLCH,8,غوالي,050,X
50AE-2S-31,WHC,TCH,S,HVL,RCH,PCH,SLCH,8,غوالي,050,X
50AE-3S-31,WHC,TCH,S,HVL,RCH,PCH,SLCH,8,غوالي,050,X
50AE-4S-31,WHC,TCH,S,HVL,RCH,PCH,SLCH,8,غوالي,050,X
50AE-5S-31,WHC,TCH,S,HVL,RCH,PCH,SLCH,8,غوالي,050,X
51AA-1S-27,WHC,TCH,S,HVL,RCH,PCH,SLCH,8,غوالي,051,X
51AA-2S-27,WHC,TCH,S,HVL,RCH,PCH,SLCH,8,غوالي,051,X
51AA-3S-27,WHC,TCH,S,HVL,RCH,PCH,SLCH,8,غوالي,051,X
51AA-4S-27,WHC,TCH,S,HVL,RCH,PCH,SLCH,8,غوالي,051,X
51AA-5S-27,WHC,TCH,S,HVL,RCH,PCH,SLCH,8,غوالي,051,X
51AB-1S-28,WHC,TCH,S,HVL,RCH,PCH,SLCH,8,غوالي,051,X
51AB-2S-28,WHC,TCH,S,HVL,RCH,PCH,SLCH,8,غوالي,051,X
51AB-3S-28,WHC,TCH,S,HVL,RCH,PCH,SLCH,8,غوالي,051,X
51AB-4S-28,WHC,TCH,S,HVL,RCH,PCH,SLCH,8,غوالي,051,X
51AB-5S-28,WHC,TCH,S,HVL,RCH,PCH,SLCH,8,غوالي,051,X
51AC-1S-29,WHC,TCH,S,HVL,RCH,PCH,SLCH,8,غوالي,051,X
51AC-2S-29,WHC,TCH,S,HVL,RCH,PCH,SLCH,8,غوالي,051,X
51AC-3S-29,WHC,TCH,S,HVL,RCH,PCH,SLCH,8,غوالي,051,X
51AC-4S-29,WHC,TCH,S,HVL,RCH,PCH,SLCH,8,غوالي,051,X
51AC-5S-29,WHC,TCH,S,HVL,RCH,PCH,SLCH,8,غوالي,051,X
51AD-1S-30,WHC,TCH,S,HVL,RCH,PCH,SLCH,8,غوالي,051,X
51AD-2S-30,WHC,TCH,S,HVL,RCH,PCH,SLCH,8,غوالي,051,X
51AD-3S-30,WHC,TCH,S,HVL,RCH,PCH,SLCH,8,غوالي,051,X
51AD-4S-30,WHC,TCH,S,HVL,RCH,PCH,SLCH,8,غوالي,051,X
51AD-5S-30,WHC,TCH,S,HVL,RCH,PCH,SLCH,8,غوالي,051,X
51AE-1S-31,WHC,TCH,S,HVL,RCH,PCH,SLCH,8,غوالي,051,X
51AE-2S-31,WHC,TCH,S,HVL,RCH,PCH,SLCH,8,غوالي,051,X
51AE-3S-31,WHC,TCH,S,HVL,RCH,PCH,SLCH,8,غوالي,051,X
51AE-4S-31,WHC,TCH,S,HVL,RCH,PCH,SLCH,8,غوالي,051,X
51AE-5S-31,WHC,TCH,S,HVL,RCH,PCH,SLCH,8,غوالي,051,X
51AF-1S-32,WHC,TCH,S,HVL,RCH,PCH,SLCH,8,غوالي,051,X
51AF-2S-32,WHC,TCH,S,HVL,RCH,PCH,SLCH,8,غوالي,051,X
51AF-3S-32,WHC,TCH,S,HVL,RCH,PCH,SLCH,8,غوالي,051,X
51AF-4S-32,WHC,TCH,S,HVL,RCH,PCH,SLCH,8,غوالي,051,X
51AF-5S-32,WHC,TCH,S,HVL,RCH,PCH,SLCH,8,غوالي,051,X
51AG-1S-33,WHC,TCH,S,HVL,RCH,PCH,SLCH,8,غوالي,051,X
51AG-2S-33,WHC,TCH,S,HVL,RCH,PCH,SLCH,8,غوالي,051,X
51AG-3S-33,WHC,TCH,S,HVL,RCH,PCH,SLCH,8,غوالي,051,X
51AG-4S-33,WHC,TCH,S,HVL,RCH,PCH,SLCH,8,غوالي,051,X
51AG-5S-33,WHC,TCH,S,HVL,RCH,PCH,SLCH,8,غوالي,051,X
51AH-1S-34,WHC,TCH,S,HVL,RCH,PCH,SLCH,8,غوالي,051,X
51AH-2S-34,WHC,TCH,S,HVL,RCH,PCH,SLCH,8,غوالي,051,X
51AH-3S-34,WHC,TCH,S,HVL,RCH,PCH,SLCH,8,غوالي,051,X
51AH-4S-34,WHC,TCH,S,HVL,RCH,PCH,SLCH,8,غوالي,051,X
51AH-5S-34,WHC,TCH,S,HVL,RCH,PCH,SLCH,8,غوالي,051,X
51AI-1S-35,WHC,TCH,S,HVL,RCH,PCH,SLCH,8,غوالي,051,X
51AI-2S-35,WHC,TCH,S,HVL,RCH,PCH,SLCH,8,غوالي,051,X
51AI-3S-35,WHC,TCH,S,HVL,RCH,PCH,SLCH,8,غوالي,051,X
51AI-4S-35,WHC,TCH,S,HVL,RCH,PCH,SLCH,8,غوالي,051,X
51AI-5S-35,WHC,TCH,S,HVL,RCH,PCH,SLCH,8,غوالي,051,X
51AJ-1S-36,WHC,TCH,S,HVL,RCH,PCH,SLCH,8,غوالي,051,X
51AJ-2S-36,WHC,TCH,S,HVL,RCH,PCH,SLCH,8,غوالي,051,X
51AJ-3S-36,WHC,TCH,S,HVL,RCH,PCH,SLCH,8,غوالي,051,X
51AJ-4S-36,WHC,TCH,S,HVL,RCH,PCH,SLCH,8,غوالي,051,X
51AJ-5S-36,WHC,TCH,S,HVL,RCH,PCH,SLCH,8,غوالي,051,X
51AK-1S-37,WHC,TCH,S,HVL,RCH,PCH,SLCH,8,غوالي,051,X
51AK-2S-37,WHC,TCH,S,HVL,RCH,PCH,SLCH,8,غوالي,051,X
51AK-3S-37,WHC,TCH,S,HVL,RCH,PCH,SLCH,8,غوالي,051,X
51AK-4S-37,WHC,TCH,S,HVL,RCH,PCH,SLCH,8,غوالي,051,X
51AK-5S-37,WHC,TCH,S,HVL,RCH,PCH,SLCH,8,غوالي,051,X
G007,WHC,TCG,S,GR1,RCG,PCG,SLCG,2,الأغذية,007,X
G009,WHC,TCG,S,GR1,RCG,PCG,SLCG,7,الشعر,009,X
G010,WHC,TCG,S,GR1,RCG,PCG,SLCG,7,الشعر,010,X
G012,WHC,TCG,S,GR1,RCG,PCG,SLCG,10,مستلزمات طبية,012,X
G015,WHC,TCG,P,GR1,RCG,PCG,SLCG,13,ورقيات,015,X
G026,WHC,TCG,S,GR2,RCG,PCG,SLCG,5,ترانزيت,026,X
G027,WHC,TCG,S,GR2,RCG,PCG,SLCG,6,شاور,027,X
G029,WHC,TCG,P,GR2,RCG,PCG,SLCG,6,شاور,029,X
G030,WHC,TCG,S,GR2,RCG,PCG,SLCG,6,شاور,030,X
G034,WHC,TCG,S,GR2,RCG,PCG,SLCG,3,بشرة 1,034,X
G035,WHC,TCG,S,GR2,RCG,PCG,SLCG,3,بشرة 1,035,X
G037,WHC,TCG,S,GR2,RCG,PCG,SLCG,4,بشرة 2,037,X
G040,WHC,TCG,S,GR2,RCG,PCG,SLCG,4,بشرة 2,040,X
G041,WHC,TCG,S,GR2,RCG,PCG,SLCG,4,بشرة 2,041,X
G052,WHC,TCH,P,HVL,RCH,PCH,SLCH,8,غوالي,052,X
GARD,WHC,TCG,S,Non,Non,Non,Non,NU,Not Used,005,X
GARD1,WHC,TCG,S,Non,Non,Non,Non,NU,Not Used,045,X
